scrape_ts,city,probe_locality,probe_lat,probe_lng,restaurant_id,name,locality,area_name,cost_for_two_raw,cuisines,avg_rating,total_ratings_raw,delivery_time_min,last_mile_km,is_open,veg_only,offer_header,offer_subheader,offer_tag,chain_parent_id,cost_for_two,n_ratings,offer_type,offer_pct,offer_flat,offer_cap,offer_min_order,item_price,locality_reach,chain_outlets,is_chain,n_cuisines,primary_cuisine,has_offer,log_cost,log_votes,cost_w,cost_pct_in_city
2026-09-19 21:12:19,Bengaluru,Koramangala,12.9352,77.6245,218,Anand Sweets & Savouries,5th Block,Koramangala,₹300 for two,Sweets|Chaat|Snacks|Desserts,4.6,62K+,30,0.6,True,True,₹75 OFF,ABOVE ₹499,FLAT DEAL,53,300.0,62000.0,flat,0.0,75.0,,499.0,,1,3,1,4,Sweets,1,5.703782474656201,11.034905792929415,300.0,0.4782608695652174
2026-09-19 21:12:19,Bengaluru,Koramangala,12.9352,77.6245,312,Beijing Bites,5th A Block,Koramangala,₹450 for two,Chinese|Thai|Pan-Asian,4.3,42K+,32,1.0,True,False,70% OFF,UPTO ₹140,,103,450.0,42000.0,percent,70.0,0.0,140.0,,,1,5,1,3,Chinese,1,6.1092475827643655,10.645448706505872,450.0,0.8873517786561265
2026-09-19 21:12:19,Bengaluru,BTM Layout,12.9166,77.6101,333,Beijing Bites,BTM Layout,BTM Layout,₹450 for two,Chinese|Thai,4.3,32K+,30,0.7,True,False,70% OFF,UPTO ₹140,,103,450.0,32000.0,percent,70.0,0.0,140.0,,,1,5,1,2,Chinese,1,6.1092475827643655,10.373522431293592,450.0,0.8873517786561265
2026-09-19 21:12:19,Bengaluru,Indiranagar,12.9784,77.6408,756,Corner House Ice Cream,Indiranagar,Indiranagar,₹250 for two,Ice Cream|Desserts,4.8,133K+,32,1.5,True,False,,,,65254,250.0,133000.0,none,0.0,0.0,,,,1,5,1,2,Ice Cream,0,5.521460917862246,11.798111925972618,250.0,0.25296442687747034
2026-09-19 21:12:19,Bengaluru,Koramangala,12.9352,77.6245,757,Corner House Ice Cream,Koramangala,Koramangala,₹250 for two,Ice Cream|Desserts,4.7,89K+,35,1.2,True,False,,,,65254,250.0,89000.0,none,0.0,0.0,,,,1,5,1,2,Ice Cream,0,5.521460917862246,11.39640288460621,250.0,0.25296442687747034
2026-09-19 21:12:19,Bengaluru,Jayanagar,12.925,77.5938,1087,Corner House Ice Cream,Jayanagar,Jayanagar,₹250 for two,Ice Cream|Desserts,4.7,77K+,30,1.1,True,False,,,,65254,250.0,77000.0,none,0.0,0.0,,,,1,5,1,2,Ice Cream,0,5.521460917862246,11.251573687764477,250.0,0.25296442687747034
2026-09-19 21:12:19,Hyderabad,Kondapur,17.4615,78.3639,1100,Santosh Dhaba Exclusive,Kothaguda,Gachibowli,₹300 for two,North Indian|Chinese|Biryani,4.0,136K+,23,0.4,True,True,₹150 OFF,ABOVE ₹449,FLAT DEAL,8784,300.0,136000.0,flat,0.0,150.0,,449.0,,1,1,0,3,North Indian,1,5.703782474656201,11.820417517632333,300.0,0.48484848484848486
2026-09-19 21:12:19,Hyderabad,Gachibowli,17.4401,78.3489,1120,Sardarji's Chat and More,Gachibowli,Gachibowli,₹200 for two,Fast Food|Chaat|Punjabi,4.3,55K+,29,1.5,True,True,ITEMS,AT ₹19,,21713,200.0,55000.0,item_price_point,0.0,0.0,,,19.0,1,1,0,3,Fast Food,1,5.298317366548036,10.915106645867503,200.0,0.09523809523809523
2026-09-19 21:12:19,Bengaluru,Marathahalli,12.9591,77.6974,1187,Baskin Robbins - Ice Cream Desserts,Anand Nagar,"AA Arcade, Marathahalli Outer Ring Rd",₹250 for two,Desserts|Ice Cream,4.3,7.5K+,27,1.4,True,True,ITEMS,AT ₹15,,5588,250.0,7500.0,item_price_point,0.0,0.0,,,15.0,1,59,1,2,Desserts,1,5.521460917862246,8.922791623969637,250.0,0.25296442687747034
2026-09-19 21:12:19,Hyderabad,Madhapur,17.4483,78.3915,1205,Blue Fox,Madhapur,Hitech City,₹1000 for two,Chinese|Andhra,4.0,12K+,33,1.2,True,False,70% OFF,UPTO ₹140,,759188,1000.0,12000.0,percent,70.0,0.0,140.0,,,1,2,0,2,Chinese,1,6.907755278982137,9.392745258631441,900.0,0.9848484848484849
2026-09-19 21:12:19,Bengaluru,Whitefield,12.9698,77.75,1327,Baskin Robbins - Ice Cream Desserts,Varthur Main Road,"Hope Farm, Varthur Main Road",₹250 for two,Desserts|Ice Cream,4.4,9.1K+,24,1.0,True,True,ITEMS,AT ₹15,,5588,250.0,9100.0,item_price_point,0.0,0.0,,,15.0,1,59,1,2,Desserts,1,5.521460917862246,9.116139576577355,250.0,0.25296442687747034
2026-09-19 21:12:19,Bengaluru,Indiranagar,12.9784,77.6408,1531,A2B - Adyar Ananda Bhavan,Indiranagar,Indiranagar,₹300 for two,South Indian|Sweets|Chinese,4.5,118K+,31,0.5,True,True,ITEMS,AT ₹139,,22,300.0,118000.0,item_price_point,0.0,0.0,,,139.0,1,11,1,3,South Indian,1,5.703782474656201,11.678448377988165,300.0,0.4782608695652174
2026-09-19 21:12:19,Mumbai,Powai,19.1176,72.906,1617,Kosho,Chandivali,Powai,₹300 for two,Mughlai|North Indian|Chinese|Seafood|Italian,4.1,25K+,28,1.7,True,False,ITEMS,AT ₹29,,120294,300.0,25000.0,item_price_point,0.0,0.0,,,29.0,1,1,0,5,Mughlai,1,5.703782474656201,10.12667110305036,300.0,0.4312267657992565
2026-09-19 21:12:19,Hyderabad,Begumpet,17.4435,78.4645,1753,Bikanervala,Road No 1,Banjara Hills,₹450 for two,Sweets|Indian|Pizzas,4.5,41K+,50,6.7,True,True,,,,45936,450.0,41000.0,none,0.0,0.0,,,,2,3,1,3,Sweets,0,6.1092475827643655,10.62135173563291,450.0,0.7835497835497836
2026-09-19 21:12:19,Mumbai,Powai,19.1176,72.906,1941,Shivsagar Sakinaka,Sakinaka,Andheri East,₹200 for two,North Indian|Chinese|South Indian|Juices|Beverages,4.3,44K+,36,3.0,True,True,₹550 OFF,ABOVE ₹2499,FLAT DEAL,183859,200.0,44000.0,flat,0.0,550.0,,2499.0,,1,1,0,5,North Indian,1,5.298317366548036,10.691967639914864,200.0,0.13382899628252787
2026-09-19 21:12:19,Pune,Aundh,18.559,73.8077,2053,RushHrs,Baner,Baner,₹250 for two,Burgers|American|Salads|Fast Food|Desserts,4.4,27K+,32,4.1,True,False,70% OFF,UPTO ₹140,,791,250.0,27000.0,percent,70.0,0.0,140.0,,,2,4,1,5,Burgers,1,5.521460917862246,10.203629181337648,250.0,0.2821576763485477
2026-09-19 21:12:19,Pune,Wakad,18.5985,73.7625,2192,Aroma's Hyderabad House,Rahatani Road,Pimple Saudagar,₹500 for two,Biryani|Hyderabadi|Mughlai|Chinese,4.3,115K+,26,4.4,True,False,ITEMS,AT ₹69,,71,500.0,115000.0,item_price_point,0.0,0.0,,,69.0,1,4,1,4,Biryani,1,6.214608098422191,11.652696102959753,500.0,0.9149377593360996
2026-09-19 21:12:19,Hyderabad,Secunderabad,17.4399,78.4983,2348,Blue Fox,SD Road,Kalasiguda,₹800 for two,Biryani|Chinese|Tandoor,4.3,42K+,36,1.1,True,False,ITEMS,AT ₹110,,759188,800.0,42000.0,item_price_point,0.0,0.0,,,110.0,1,2,0,3,Biryani,1,6.684611727667927,10.645448706505872,800.0,0.9502164502164502
2026-09-19 21:12:19,Pune,Hadapsar,18.5089,73.926,2494,RushHrs,Mega center,Magarpatta City,₹250 for two,American|Burgers|Healthy Food|Salads|Fast Food|Desserts|Beverages,4.4,24K+,25,1.4,True,False,70% OFF,UPTO ₹140,,791,250.0,24000.0,percent,70.0,0.0,140.0,,,1,4,1,7,American,1,5.521460917862246,10.085850775128717,250.0,0.2821576763485477
2026-09-19 21:12:19,Hyderabad,Dilsukhnagar,17.3687,78.5247,2533,Agra Sweets Banjara,Vijaypuri Colony,Kharmanghat,₹250 for two,Sweets|Desserts|Chaat|Snacks|Beverages,4.2,24K+,39,5.0,True,True,45% OFF,UPTO ₹90,,34,250.0,24000.0,percent,45.0,0.0,90.0,,,1,5,1,5,Sweets,1,5.521460917862246,10.085850775128717,250.0,0.25757575757575757
2026-09-19 21:12:19,Hyderabad,Madhapur,17.4483,78.3915,2534,Agra Sweets Banjara,Rajendra Nagar,Kondapur,₹250 for two,Sweets|Desserts|Chaat|Snacks|Beverages,4.2,33K+,38,4.4,True,True,45% OFF,UPTO ₹90,,34,250.0,33000.0,percent,45.0,0.0,90.0,,,2,5,1,5,Sweets,1,5.521460917862246,10.404293143019792,250.0,0.25757575757575757
2026-09-19 21:12:19,Hyderabad,Ameerpet,17.4374,78.4487,2535,Agra Sweets Banjara,Masab Tank,Masab Tank,₹250 for two,Sweets|Desserts|Chaat|Snacks|Beverages,4.5,99K+,45,4.7,True,True,45% OFF,UPTO ₹90,,34,250.0,99000.0,percent,45.0,0.0,90.0,,,2,5,1,5,Sweets,1,5.521460917862246,11.502885230075814,250.0,0.25757575757575757
2026-09-19 21:12:19,Bengaluru,HSR Layout,12.9116,77.6446,2675,Subway,HSR Layout,HSR Layout,₹350 for two,sandwich|Salads|wrap|Healthy Food,4.2,54K+,30,1.4,True,False,ITEMS,AT ₹69,,2,350.0,54000.0,item_price_point,0.0,0.0,,,69.0,1,51,1,4,sandwich,1,5.857933154483459,10.896757843893464,350.0,0.6106719367588933
2026-09-19 21:12:19,Bengaluru,Jayanagar,12.925,77.5938,2701,Baskin Robbins - Ice Cream Desserts,5th Block,Jayanagar,₹250 for two,Desserts|Ice Cream,4.7,6.8K+,29,1.6,True,True,ITEMS,AT ₹15,,5588,250.0,6800.0,item_price_point,0.0,0.0,,,15.0,1,59,1,2,Desserts,1,5.521460917862246,8.824824939175638,250.0,0.25296442687747034
2026-09-19 21:12:19,Pune,Hadapsar,18.5089,73.926,2744,"Rolls Mania - Rolls, Wraps & More",Magarpatta City,Magarpatta City,₹200 for two,Rolls & Wraps|Fast Food|Snacks|Beverages,4.4,19K+,17,0.5,True,False,ITEMS,AT ₹79,,514939,200.0,19000.0,item_price_point,0.0,0.0,,,79.0,1,1,0,4,Rolls & Wraps,1,5.298317366548036,9.852246888342531,200.0,0.12863070539419086
2026-09-19 21:12:19,Hyderabad,Miyapur,17.4968,78.3577,2792,KS Bakers,Miyapur,Miyapur,₹250 for two,Bakery|Pizzas|Desserts|Snacks|Fast Food,4.0,64K+,30,1.7,True,False,₹150 OFF,ABOVE ₹449,FLAT DEAL,574,250.0,64000.0,flat,0.0,150.0,,449.0,,1,6,1,5,Bakery,1,5.521460917862246,11.06665398721974,250.0,0.25757575757575757
2026-09-19 21:12:19,Hyderabad,Ameerpet,17.4374,78.4487,2797,KS Bakers,Nagarjuna nagar colony,Ameerpet ,₹250 for two,Bakery|Pizzas|Desserts|Snacks|Fast Food,4.2,68K+,34,1.6,True,False,₹150 OFF,ABOVE ₹449,FLAT DEAL,574,250.0,68000.0,flat,0.0,150.0,,449.0,,2,6,1,5,Bakery,1,5.521460917862246,11.127277689932466,250.0,0.25757575757575757
2026-09-19 21:12:19,Kolkata,Park Street,22.553,88.352,3078,Balwant Singh's Eating House,Bhawanipur,Bhowanipore,₹600 for two,North Indian|Beverages|Snacks|Chinese|Continental,4.4,33K+,46,3.0,True,True,ITEMS,AT ₹9,,6143,600.0,33000.0,item_price_point,0.0,0.0,,,9.0,2,1,0,5,North Indian,1,6.396929655216146,10.404293143019792,600.0,0.9361233480176211
2026-09-19 21:12:19,Hyderabad,Ameerpet,17.4374,78.4487,3324,Srikanya,Somajiguda,Panjagutta,₹250 for two,Biryani|Andhra|South Indian,4.3,95K+,33,2.6,True,False,ITEMS,AT ₹95,,7317,250.0,95000.0,item_price_point,0.0,0.0,,,95.0,1,2,0,3,Biryani,1,5.521460917862246,11.461642696843066,250.0,0.25757575757575757
2026-09-19 21:12:19,Pune,Hinjewadi,18.5913,73.7389,3417,Subway,Blue Ridge Township,Hinjawadi,₹350 for two,sandwich|Salads|wrap|Healthy Food,3.9,15K+,16,2.1,True,False,ITEMS,AT ₹69,,2,350.0,15000.0,item_price_point,0.0,0.0,,,69.0,1,51,1,4,sandwich,1,5.857933154483459,9.61587214452889,350.0,0.549792531120332
2026-09-19 21:12:19,Bengaluru,Malleshwaram,13.0035,77.5647,3436,Nandhini Deluxe,Sankey Road,Seshadripuram,₹500 for two,North Indian|Chinese|Andhra|Biryani,4.3,28K+,36,3.0,True,False,ITEMS,AT ₹99,,2451,500.0,28000.0,item_price_point,0.0,0.0,,,99.0,1,1,0,4,North Indian,1,6.214608098422191,10.239995502805316,500.0,0.9387351778656127
2026-09-19 21:12:19,Kolkata,Park Street,22.553,88.352,3638,Gupta Brothers -Ballygunge,Elgin Road,South Kolkata,₹300 for two,Sweets|Desserts|Indian|Street Food|South Indian|Snacks,4.4,45K+,51,5.6,True,True,ITEMS,AT ₹49,,358878,300.0,45000.0,item_price_point,0.0,0.0,,,49.0,2,1,0,6,Sweets,1,5.703782474656201,10.714439990727769,300.0,0.42290748898678415
2026-09-19 21:12:19,Pune,Kothrud,18.5074,73.8077,4086,RushHrs,Paud Road,Kothrud,₹249 for two,American|Burgers|Salads|Fast Food|Desserts|Healthy Food|Beverages,4.3,13K+,21,1.2,True,False,70% OFF,UPTO ₹140,,791,249.0,13000.0,percent,70.0,0.0,140.0,,,1,4,1,7,American,1,5.517452896464707,9.472781556562168,249.0,0.2074688796680498
2026-09-19 21:12:19,Kolkata,Ballygunge,22.529,88.365,4623,Chowman,Broad Street,Ballygunge,₹700 for two,Chinese|Asian|Thai|Oriental|Burmese|Tibetan,4.5,42K+,29,0.6,True,False,70% OFF,UPTO ₹130,,266,700.0,42000.0,percent,70.0,0.0,130.0,,,1,6,1,6,Chinese,1,6.551080335043404,10.645448706505872,700.0,0.9691629955947136
2026-09-19 21:12:19,Pune,Aundh,18.559,73.8077,4868,Subway,Aundh,Aundh,₹350 for two,sandwich|Salads|wrap|Healthy Food,4.1,16K+,13,0.8,True,False,,,,2,350.0,16000.0,none,0.0,0.0,,,,1,51,1,4,sandwich,0,5.857933154483459,9.680406499268875,350.0,0.549792531120332
2026-09-19 21:12:19,Pune,Koregaon Park,18.5362,73.8939,4884,Subway,Meera Nagar,Koregaon Park,₹350 for two,sandwich|Salads|wrap|Healthy Food,4.3,24K+,12,1.0,True,False,₹100 OFF,ABOVE ₹999,FLAT DEAL,2,350.0,24000.0,flat,0.0,100.0,,999.0,,1,51,1,4,sandwich,1,5.857933154483459,10.085850775128717,350.0,0.549792531120332
2026-09-19 21:12:19,Pune,Hadapsar,18.5089,73.926,5128,Deccan Harvest,Hadapsar,Hadapsar,₹800 for two,North Indian|Continental|Chinese|Tandoor|Punjabi|Italian-American|Desserts|Beverages,4.5,3.9K+,20,0.3,True,False,70% OFF,UPTO ₹140,,69353,800.0,3900.0,percent,70.0,0.0,140.0,,,1,1,0,8,North Indian,1,6.684611727667927,8.268988209506656,800.0,0.991701244813278
2026-09-19 21:12:19,Bengaluru,Indiranagar,12.9784,77.6408,5167,Theobroma,Indiranagar,Indiranagar,₹400 for two,Bakery|Desserts|Beverages,4.6,41K+,30,1.2,True,False,ITEMS,AT ₹37,,1040,400.0,41000.0,item_price_point,0.0,0.0,,,37.0,1,44,1,3,Bakery,1,5.991464547107982,10.62135173563291,400.0,0.7628458498023716
2026-09-19 21:12:19,Mumbai,Andheri West,19.1364,72.8296,5169,Theobroma,Andheri West,Andheri West,₹400 for two,Bakery|Desserts,4.4,18K+,25,1.9,True,False,ITEMS,AT ₹37,,1040,400.0,18000.0,item_price_point,0.0,0.0,,,37.0,1,44,1,2,Bakery,1,5.991464547107982,9.798182590890704,400.0,0.7193308550185874
2026-09-19 21:12:19,Bengaluru,Malleshwaram,13.0035,77.5647,5218,Corner House Ice Cream,Seshadripuram,Seshadripuram,₹250 for two,Ice Cream|Desserts,4.7,54K+,35,2.8,True,True,,,,65254,250.0,54000.0,none,0.0,0.0,,,,1,5,1,2,Ice Cream,0,5.521460917862246,10.896757843893464,250.0,0.25296442687747034
2026-09-19 21:12:19,Bengaluru,Jayanagar,12.925,77.5938,5271,Subway,5TH Block,Jayanagar,₹350 for two,sandwich|Salads|wrap|Healthy Food,4.3,24K+,31,1.7,True,False,ITEMS,AT ₹69,,2,350.0,24000.0,item_price_point,0.0,0.0,,,69.0,1,51,1,4,sandwich,1,5.857933154483459,10.085850775128717,350.0,0.6106719367588933
2026-09-19 21:12:19,Pune,Kothrud,18.5074,73.8077,5297,Le Plaisir,Deccan Gymkhana,Kothrud,₹1000 for two,European,4.6,22K+,35,4.3,True,False,,,,759483,1000.0,22000.0,none,0.0,0.0,,,,1,1,0,1,European,0,6.907755278982137,9.99884318585288,900.0,0.9979253112033195
2026-09-19 21:12:19,Pune,Camp,18.5158,73.8785,5400,Subway,Wanowrie,Wanowrie,₹350 for two,sandwich|Salads|wrap|Healthy Food,4.3,25K+,28,4.8,True,False,ITEMS,AT ₹69,,2,350.0,25000.0,item_price_point,0.0,0.0,,,69.0,1,51,1,4,sandwich,1,5.857933154483459,10.12667110305036,350.0,0.549792531120332
2026-09-19 21:12:19,Hyderabad,Secunderabad,17.4399,78.4983,5862,Megha City,Basheerbagh,Basheerbagh,₹500 for two,South Indian|Biryani|Chinese|Seafood|Beverages,4.5,69K+,49,5.0,True,False,,,,488865,500.0,69000.0,none,0.0,0.0,,,,2,1,0,5,South Indian,0,6.214608098422191,11.141876276228,500.0,0.8528138528138528
2026-09-19 21:12:19,Bengaluru,Jayanagar,12.925,77.5938,5903,Polar Bear,Jayanagar,Jayanagar,₹300 for two,Ice Cream|Desserts,4.5,9.8K+,27,1.0,True,True,,,,726,300.0,9800.0,none,0.0,0.0,,,,1,7,1,2,Ice Cream,0,5.703782474656201,9.19023970026918,300.0,0.4782608695652174
2026-09-19 21:12:19,Delhi,Saket,28.5245,77.2066,5921,Burger King,Saket,Saket,₹350 for two,Burgers|American,4.3,19K+,34,1.8,True,False,ITEMS,AT ₹39,,166,350.0,19000.0,item_price_point,0.0,0.0,,,39.0,1,44,1,2,Burgers,1,5.857933154483459,9.852246888342531,350.0,0.5381165919282511
2026-09-19 21:12:19,Pune,Viman Nagar,18.5679,73.9143,5928,Burger King,Phoenix Market city,Viman Nagar,₹350 for two,Burgers|American,4.0,44K+,27,0.8,True,False,ITEMS,AT ₹39,,166,350.0,44000.0,item_price_point,0.0,0.0,,,39.0,1,44,1,2,Burgers,1,5.857933154483459,10.691967639914864,350.0,0.549792531120332
2026-09-19 21:12:19,Bengaluru,Malleshwaram,13.0035,77.5647,5932,Burger King,Malleshwaram,Malleshwaram,₹350 for two,Burgers|American,4.2,33K+,33,1.8,True,False,ITEMS,AT ₹39,,166,350.0,33000.0,item_price_point,0.0,0.0,,,39.0,1,44,1,2,Burgers,1,5.857933154483459,10.404293143019792,350.0,0.6106719367588933
2026-09-19 21:12:19,Mumbai,Powai,19.1176,72.906,5933,Burger King,Marol,Marol,₹350 for two,Burgers|American,4.3,96K+,34,3.9,True,False,ITEMS,AT ₹39,,166,350.0,96000.0,item_price_point,0.0,0.0,,,39.0,1,44,1,2,Burgers,1,5.857933154483459,11.472113887062386,350.0,0.5353159851301115
2026-09-19 21:12:19,Bengaluru,Koramangala,12.9352,77.6245,5934,Burger King,Koramangala,Koramangala,₹350 for two,Burgers|American,3.9,106K+,32,1.6,True,False,ITEMS,AT ₹39,,166,350.0,106000.0,item_price_point,0.0,0.0,,,39.0,1,44,1,2,Burgers,1,5.857933154483459,11.571203807011969,350.0,0.6106719367588933
2026-09-19 21:12:19,Bengaluru,Jayanagar,12.925,77.5938,5936,Burger King,Jayanagar,Jayanagar,₹350 for two,Burgers|American,4.2,68K+,32,1.1,True,False,ITEMS,AT ₹39,,166,350.0,68000.0,item_price_point,0.0,0.0,,,39.0,1,44,1,2,Burgers,1,5.857933154483459,11.127277689932466,350.0,0.6106719367588933
2026-09-19 21:12:19,Hyderabad,Ameerpet,17.4374,78.4487,6336,Spicy Restaurant,Yousufguda,Yousufguda,₹300 for two,Biryani|Tandoor,4.1,129K+,36,4.3,True,False,ITEMS,AT ₹149,,894,300.0,129000.0,item_price_point,0.0,0.0,,,149.0,2,1,0,2,Biryani,1,5.703782474656201,11.767575435251748,300.0,0.48484848484848486
2026-09-19 21:12:19,Hyderabad,Kukatpally,17.4849,78.4138,6372,Raja Rani Ruchulu,Kukatpally,Kukatpally,₹300 for two,Biryani|Andhra|Chinese|South Indian|Tandoor,4.2,228K+,24,1.2,True,False,,,,8315,300.0,228000.0,none,0.0,0.0,,,,1,1,0,5,Biryani,0,5.703782474656201,12.337105293891872,300.0,0.48484848484848486
2026-09-19 21:12:19,Mumbai,Malad West,19.1868,72.8484,6379,Greens Restaurant,Malad West,Malad West,₹500 for two,Chinese|South Indian,4.5,129K+,42,2.2,True,False,20% OFF,UPTO ₹50,,9208,500.0,129000.0,percent,20.0,0.0,50.0,,,1,1,0,2,Chinese,1,6.214608098422191,11.767575435251748,500.0,0.8921933085501859
2026-09-19 21:12:19,Chennai,Adyar,13.0012,80.2565,6437,Subway,Near Mettur Transport,Adyar,₹350 for two,sandwich|Salads|wrap|Healthy Food,4.3,28K+,14,1.4,True,False,ITEMS,AT ₹49,,2,350.0,28000.0,item_price_point,0.0,0.0,,,49.0,1,51,1,4,sandwich,1,5.857933154483459,10.239995502805316,350.0,0.5516528925619835
2026-09-19 21:12:19,Bengaluru,Malleshwaram,13.0035,77.5647,6441,Polar Bear,Malleshwaram,Malleshwaram,₹300 for two,Ice Cream|Desserts,4.6,13K+,15,0.7,True,True,,,,726,300.0,13000.0,none,0.0,0.0,,,,1,7,1,2,Ice Cream,0,5.703782474656201,9.472781556562168,300.0,0.4782608695652174
2026-09-19 21:12:19,Chennai,Velachery,12.9756,80.2207,6448,A2B - Adyar Ananda Bhavan,Velachery,Velachery,₹300 for two,South Indian|Sweets|Chinese,4.5,98K+,33,1.6,True,False,ITEMS,AT ₹39,,22,300.0,98000.0,item_price_point,0.0,0.0,,,39.0,1,11,1,3,South Indian,1,5.703782474656201,11.49273296168228,300.0,0.4049586776859504
2026-09-19 21:12:19,Chennai,Adyar,13.0012,80.2565,6724,Dindigul Thalappakatti - Since 1957,Besant Nagar,Besant Nagar,₹650 for two,Biryani|Barbecue|South Indian|Chinese|North Indian,4.3,20K+,27,2.8,True,False,ITEMS,AT ₹209,,641506,650.0,20000.0,item_price_point,0.0,0.0,,,209.0,1,8,1,5,Biryani,1,6.476972362889683,9.90353755128617,650.0,0.981404958677686
2026-09-19 21:12:19,Bengaluru,Hebbal,13.0358,77.597,6758,Beijing Bites,RT Nagar,RT Nagar,₹450 for two,Chinese|Thai,4.4,20K+,27,1.3,True,False,70% OFF,UPTO ₹140,,103,450.0,20000.0,percent,70.0,0.0,140.0,,,1,5,1,2,Chinese,1,6.1092475827643655,9.90353755128617,450.0,0.8873517786561265
2026-09-19 21:12:19,Mumbai,Powai,19.1176,72.906,6866,Baskin Robbins - Ice Cream Desserts,Kurla West,Powai,₹250 for two,Desserts|Ice Cream,4.6,11K+,15,0.5,True,True,ITEMS,AT ₹15,,5588,250.0,11000.0,item_price_point,0.0,0.0,,,15.0,1,59,1,2,Desserts,1,5.521460917862246,9.305741456739435,250.0,0.2695167286245353
2026-09-19 21:12:19,Mumbai,Dadar,19.0178,72.8478,6968,Baskin Robbins - Ice Cream Desserts,Matunga East,Matunga East,₹250 for two,Desserts|Ice Cream,4.6,7.9K+,21,1.5,True,True,ITEMS,AT ₹15,,5588,250.0,7900.0,item_price_point,0.0,0.0,,,15.0,1,59,1,2,Desserts,1,5.521460917862246,8.974744612722734,250.0,0.2695167286245353
2026-09-19 21:12:19,Mumbai,Powai,19.1176,72.906,7012,KFC,Powai,Powai,₹400 for two,Burgers|Fast Food|Rolls & Wraps,4.2,36K+,24,0.6,True,False,50% OFF,,FLAT DEAL,547,400.0,36000.0,percent,50.0,0.0,,,,1,58,1,3,Burgers,1,5.991464547107982,10.491301994830229,400.0,0.7193308550185874
2026-09-19 21:12:19,Mumbai,Andheri West,19.1364,72.8296,7355,Burger King,Andheri Lokhandwala,Andheri West,₹350 for two,Burgers|American,4.2,34K+,36,1.4,True,False,ITEMS,AT ₹39,,166,350.0,34000.0,item_price_point,0.0,0.0,,,39.0,1,44,1,2,Burgers,1,5.857933154483459,10.434145214930487,350.0,0.5353159851301115
2026-09-19 21:12:19,Kolkata,Behala,22.4989,88.318,7476,Aminia,Behala,Alipore,₹500 for two,Biryani|Mughlai|Indian|Kebabs|Tandoor,4.6,83K+,27,0.9,True,False,,,,3786,500.0,83000.0,none,0.0,0.0,,,,1,2,0,5,Biryani,0,6.214608098422191,11.326607934898927,500.0,0.8744493392070485
2026-09-19 21:12:19,Mumbai,Dadar,19.0178,72.8478,7640,Apsara Ice Creams,Matunga East,Matunga,₹150 for two,Ice Cream|Desserts,4.7,13K+,18,1.2,True,True,ITEMS,AT ₹47,,35219,150.0,13000.0,item_price_point,0.0,0.0,,,47.0,1,2,0,2,Ice Cream,1,5.0106352940962555,9.472781556562168,150.0,0.055762081784386616
2026-09-19 21:12:19,Delhi,Janakpuri,28.6219,77.0878,8016,Burger King,Janakpuri,Janakpuri,₹350 for two,Burgers|American,4.3,63K+,26,1.8,True,False,ITEMS,AT ₹39,,166,350.0,63000.0,item_price_point,0.0,0.0,,,39.0,1,44,1,2,Burgers,1,5.857933154483459,11.050905878263567,350.0,0.5381165919282511
2026-09-19 21:12:19,Bengaluru,HSR Layout,12.9116,77.6446,8174,Corner House Ice Cream,7th Sector,Hsr Layout,₹250 for two,Ice Cream|Desserts,4.7,74K+,33,1.2,True,False,₹550 OFF,ABOVE ₹2499,FLAT DEAL,65254,250.0,74000.0,flat,0.0,550.0,,2499.0,,1,5,1,2,Ice Cream,1,5.521460917862246,11.211833885608513,250.0,0.25296442687747034
2026-09-19 21:12:19,Kolkata,Tollygunge,22.495,88.345,8200,Fiesta Asian Fine Dine,Santoshpuravenue,Santoshpur,₹700 for two,Chinese|Thai,4.4,18K+,59,6.1,True,False,₹125 OFF,ABOVE ₹199,FLAT DEAL,597214,700.0,18000.0,flat,0.0,125.0,,199.0,,2,1,0,2,Chinese,1,6.551080335043404,9.798182590890704,700.0,0.9691629955947136
2026-09-19 21:12:19,Bengaluru,Koramangala,12.9352,77.6245,8244,Polar Bear,Koramangala,Koramangala,₹200 for two,Ice Cream|Desserts,4.6,15K+,22,0.5,True,True,ITEMS,AT ₹59,,726,200.0,15000.0,item_price_point,0.0,0.0,,,59.0,1,7,1,2,Ice Cream,1,5.298317366548036,9.61587214452889,200.0,0.08498023715415019
2026-09-19 21:12:19,Mumbai,Borivali,19.2307,72.8567,8430,"Rabdi Wala, Borivali (W)",Borivali West,Borivali West,₹400 for two,Rajasthani|North Indian|Thalis|Snacks|Fast Food|Sweets|Indian,4.2,43K+,28,1.3,True,True,ITEMS,AT ₹19,,639823,400.0,43000.0,item_price_point,0.0,0.0,,,19.0,1,1,0,7,Rajasthani,1,5.991464547107982,10.668978650219241,400.0,0.7193308550185874
2026-09-19 21:12:19,Chennai,Velachery,12.9756,80.2207,8496,"Dindigul Thalappakatti - Since 1957
",Velachery,Velachery,₹600 for two,Biryani|Barbecue|South Indian|Chinese|North Indian,4.2,46K+,20,0.3,True,False,ITEMS,AT ₹209,,641506,600.0,46000.0,item_price_point,0.0,0.0,,,209.0,1,8,1,5,Biryani,1,6.396929655216146,10.736418414365376,600.0,0.9586776859504132
2026-09-19 21:12:19,Bengaluru,HSR Layout,12.9116,77.6446,8600,Goli Vada Pav No.1,7th Sector,HSR Layout,₹100 for two,Maharashtrian|North Indian|Street Food|Snacks,4.1,26K+,36,1.2,True,True,,,,3998,100.0,26000.0,none,0.0,0.0,,,,1,1,0,4,Maharashtrian,0,4.605170185988092,10.165890277802454,120.0,0.007905138339920948
2026-09-19 21:12:19,Delhi,Connaught Place,28.6315,77.2167,8614,Burger King,Connaught Place,Connaught Place,₹350 for two,Burgers|American,4.3,47K+,13,0.5,True,False,ITEMS,AT ₹39,,166,350.0,47000.0,item_price_point,0.0,0.0,,,39.0,1,44,1,2,Burgers,1,5.857933154483459,10.757924157061597,350.0,0.5381165919282511
2026-09-19 21:12:19,Delhi,Connaught Place,28.6315,77.2167,8619,Bikkgane Biryani,PVR Rivoli,Connaught Place,₹400 for two,Biryani| Hyderabadi| Andhra| Lucknowi| Kolkata| Desserts|Beverages,4.4,32K+,17,,True,False,ITEMS,AT ₹59,,5070,400.0,32000.0,item_price_point,0.0,0.0,,,59.0,2,13,1,7,Biryani,1,5.991464547107982,10.373522431293592,400.0,0.7511210762331838
2026-09-19 21:12:19,Delhi,Connaught Place,28.6315,77.2167,8620,Biryani Blues,Connaught Place,Connaught Place,₹400 for two,Biryani|Hyderabadi|Lucknowi|Kebabs|Desserts|Beverages,4.1,33K+,13,0.9,True,False,70% OFF,UPTO ₹140,,13813,400.0,33000.0,percent,70.0,0.0,140.0,,,1,6,1,6,Biryani,1,5.991464547107982,10.404293143019792,400.0,0.7511210762331838
2026-09-19 21:12:19,Delhi,Karol Bagh,28.6519,77.1909,8628,Burger Singh(Big Punjabi Burgers),Bhavbhuti Marg,Connaught Place,₹300 for two,Snacks|Fast Food|Indian|American|Beverages|Desserts|Mughlai|Biryani,4.1,16K+,22,3.6,True,False,50% OFF,,FLAT DEAL,772431,300.0,16000.0,percent,50.0,0.0,,,,1,2,0,8,Snacks,1,5.703782474656201,9.680406499268875,300.0,0.3991031390134529
2026-09-19 21:12:19,Mumbai,Malad West,19.1868,72.8484,8657,Subway,OFF. LINK ROAD,Infinity Malad,₹350 for two,sandwich|Salads|wrap|Healthy Food,4.3,7.4K+,49,2.3,True,False,ITEMS,AT ₹69,,2,350.0,7400.0,item_price_point,0.0,0.0,,,69.0,1,51,1,4,sandwich,1,5.857933154483459,8.909370405197466,350.0,0.5353159851301115
2026-09-19 21:12:19,Hyderabad,Kondapur,17.4615,78.3639,8665,Baskin Robbins - Ice Cream Desserts,Kondapur,Kondapur,₹300 for two,Ice Cream|Beverages,4.4,9.1K+,25,1.1,True,True,ITEMS,AT ₹15,,5588,300.0,9100.0,item_price_point,0.0,0.0,,,15.0,1,59,1,2,Ice Cream,1,5.703782474656201,9.116139576577355,300.0,0.48484848484848486
2026-09-19 21:12:19,Pune,Viman Nagar,18.5679,73.9143,8777,Subway,VIMAN NAGAR,Town Square Shopping Centre,₹350 for two,sandwich|Salads|wrap|Healthy Food,4.2,26K+,13,0.7,True,False,ITEMS,AT ₹69,,2,350.0,26000.0,item_price_point,0.0,0.0,,,69.0,1,51,1,4,sandwich,1,5.857933154483459,10.165890277802454,350.0,0.549792531120332
2026-09-19 21:12:19,Hyderabad,Miyapur,17.4968,78.3577,8794,Subway,Mythri Nagar,Sri Durga Colony,₹350 for two,sandwich|Salads|wrap|Healthy Food,4.3,31K+,26,1.8,True,False,,,,2,350.0,31000.0,none,0.0,0.0,,,,1,51,1,4,sandwich,0,5.857933154483459,10.34177474101152,350.0,0.6060606060606061
2026-09-19 21:12:19,Kolkata,Park Street,22.553,88.352,8912,Subway,Park Street,Park Street,₹350 for two,sandwich|Salads|wrap|Healthy Food,4.1,24K+,28,1.7,True,False,30% OFF,UPTO ₹75,,2,350.0,24000.0,percent,30.0,0.0,75.0,,,1,51,1,4,sandwich,1,5.857933154483459,10.085850775128717,350.0,0.5550660792951542
2026-09-19 21:12:19,Hyderabad,Secunderabad,17.4399,78.4983,9020,Agra Sweets Banjara,West Marredpally,East Nehru Nagar,₹250 for two,Sweets|Desserts|Chaat|Snacks|Beverages,4.4,42K+,21,1.1,True,True,45% OFF,UPTO ₹90,,34,250.0,42000.0,percent,45.0,0.0,90.0,,,2,5,1,5,Sweets,1,5.521460917862246,10.645448706505872,250.0,0.25757575757575757
2026-09-19 21:12:19,Pune,Wakad,18.5985,73.7625,9025,Baskin Robbins - Ice Cream Desserts,Wakad,Wakad,₹200 for two,Ice Cream|Desserts,4.6,5.7K+,9,0.3,True,False,ITEMS,AT ₹15,,5588,200.0,5700.0,item_price_point,0.0,0.0,,,15.0,1,59,1,2,Ice Cream,1,5.298317366548036,8.648396877031582,200.0,0.12863070539419086
2026-09-19 21:12:19,Bengaluru,Malleshwaram,13.0035,77.5647,9208,Baskin Robbins - Ice Cream Desserts,Milk colony,Malleshwaram,₹250 for two,Desserts,4.4,4.8K+,20,0.5,True,True,ITEMS,AT ₹15,,5588,250.0,4800.0,item_price_point,0.0,0.0,,,15.0,1,59,1,1,Desserts,1,5.521460917862246,8.476579508530941,250.0,0.25296442687747034
2026-09-19 21:12:19,Chennai,Nungambakkam,13.0569,80.2425,9358,Subway,Nungambakkam,Nungambakkam,₹350 for two,sandwich|Salads|wrap|Healthy Food,4.1,41K+,24,2.2,True,False,ITEMS,AT ₹69,,2,350.0,41000.0,item_price_point,0.0,0.0,,,69.0,1,51,1,4,sandwich,1,5.857933154483459,10.62135173563291,350.0,0.5516528925619835
2026-09-19 21:12:19,Pune,Hadapsar,18.5089,73.926,9383,Subway,Mariplex Mall,Kalyani Nagar,₹350 for two,sandwich|Salads|wrap|Healthy Food,4.2,15K+,27,5.0,True,False,20% OFF,UPTO ₹50,,2,350.0,15000.0,percent,20.0,0.0,50.0,,,1,51,1,4,sandwich,1,5.857933154483459,9.61587214452889,350.0,0.549792531120332
2026-09-19 21:12:19,Delhi,Dwarka,28.5921,77.046,9483,Biryani Blues,Dwarka,Dwarka,₹400 for two,Biryani|Hyderabadi|Lucknowi|Kebabs|Desserts|Beverages,4.2,32K+,25,1.1,True,False,70% OFF,UPTO ₹140,,13813,400.0,32000.0,percent,70.0,0.0,140.0,,,1,6,1,6,Biryani,1,5.991464547107982,10.373522431293592,400.0,0.7511210762331838
2026-09-19 21:12:19,Mumbai,Thane West,19.2183,72.9781,9639,Mad Over Donuts,Viviana Mall,Thane West,₹200 for two,Desserts|Sweets|Bakery,4.5,10K+,31,1.4,True,True,60% OFF,UPTO ₹120,,611,200.0,10000.0,percent,60.0,0.0,120.0,,,1,3,1,3,Desserts,1,5.298317366548036,9.210440366976517,200.0,0.13382899628252787
2026-09-19 21:12:19,Kolkata,Behala,22.4989,88.318,9769,Koshe Kosha,Behala,Behala,₹500 for two,Bengali|Thalis|North Indian|Desserts,4.5,18K+,30,1.0,True,False,50% OFF,,FLAT DEAL,566,500.0,18000.0,percent,50.0,0.0,,,,1,2,0,4,Bengali,1,6.214608098422191,9.798182590890704,500.0,0.8744493392070485
2026-09-19 21:12:19,Kolkata,Shyambazar,22.599,88.37,9777,Koshe Kosha,Hati Bagan,Hati Bagan,₹500 for two,Bengali|Thalis|North Indian|Desserts,4.5,5.9K+,30,0.9,True,False,50% OFF,,FLAT DEAL,566,500.0,5900.0,percent,50.0,0.0,,,,1,2,0,4,Bengali,1,6.214608098422191,8.682877107057168,500.0,0.8744493392070485
2026-09-19 21:12:19,Chennai,Velachery,12.9756,80.2207,9798,Burger King,Pheonix Marketcity,Velachery,₹350 for two,Burgers|American,4.1,51K+,41,1.9,True,False,ITEMS,AT ₹39,,166,350.0,51000.0,item_price_point,0.0,0.0,,,39.0,1,44,1,2,Burgers,1,5.857933154483459,10.839600519357369,350.0,0.5516528925619835
2026-09-19 21:12:19,Hyderabad,Secunderabad,17.4399,78.4983,10070,Bikanervala,Hyderguda - Basheerbagh road,Basheer Bagh,₹500 for two,Sweets|North Indian|Chinese|South Indian,4.5,40K+,50,6.1,True,True,,,,45936,500.0,40000.0,none,0.0,0.0,,,,1,3,1,4,Sweets,0,6.214608098422191,10.596659732783579,500.0,0.8528138528138528
2026-09-19 21:12:19,Chennai,Anna Nagar,13.085,80.2101,10140,"Dindigul Thalappakatti - Since 1957
",Anna Nagar,Anna Nagar,₹600 for two,Biryani|Barbecue|South Indian|Chinese|North Indian,4.2,33K+,27,1.8,True,False,₹100 OFF,ABOVE ₹399,FLAT DEAL,641506,600.0,33000.0,flat,0.0,100.0,,399.0,,1,8,1,5,Biryani,1,6.396929655216146,10.404293143019792,600.0,0.9586776859504132
2026-09-19 21:12:19,Pune,Camp,18.5158,73.8785,10287,Pizza Hut,Camp,Camp,₹350 for two,Pizzas,3.8,8.4K+,22,1.1,True,False,50% OFF,,FLAT DEAL,721,350.0,8400.0,percent,50.0,0.0,,,,1,46,1,1,Pizzas,1,5.857933154483459,9.036106025364846,350.0,0.549792531120332
2026-09-19 21:12:19,Pune,Koregaon Park,18.5362,73.8939,10290,Pizza Hut,Kalyani Nagar,Kalyani Nagar,₹350 for two,Pizzas,4.1,10K+,27,2.6,True,False,50% OFF,,FLAT DEAL,721,350.0,10000.0,percent,50.0,0.0,,,,1,46,1,1,Pizzas,1,5.857933154483459,9.210440366976517,350.0,0.549792531120332
2026-09-19 21:12:19,Delhi,Rohini,28.7495,77.0565,10324,Jaiveer Naan & Chaap,Rohini,Rohini,₹500 for two,Snacks|Punjabi,4.3,33K+,46,9.1,True,True,ITEMS,AT ₹79,,109221,500.0,33000.0,item_price_point,0.0,0.0,,,79.0,2,1,0,2,Snacks,1,6.214608098422191,10.404293143019792,500.0,0.9349775784753364
2026-09-19 21:12:19,Kolkata,Shyambazar,22.599,88.37,10362,Aminia,Shyambazar,Hati Bagan,₹500 for two,Biryani|Mughlai|Indian|Kebabs|Tandoor,4.5,64K+,24,0.2,True,False,,,,3786,500.0,64000.0,none,0.0,0.0,,,,1,2,0,5,Biryani,0,6.214608098422191,11.06665398721974,500.0,0.8744493392070485
2026-09-19 21:12:19,Kolkata,Tollygunge,22.495,88.345,10369,Pizza Hut,Netaji Nagar,Netaji Nagar,₹350 for two,Pizzas,4.4,33K+,32,2.0,True,False,70% OFF,UPTO ₹140,,721,350.0,33000.0,percent,70.0,0.0,140.0,,,1,46,1,1,Pizzas,1,5.857933154483459,10.404293143019792,350.0,0.5550660792951542
2026-09-19 21:12:19,Kolkata,Salt Lake,22.58,88.42,10370,Pizza Hut,Bidhannagar,Bidhannagar,₹350 for two,Pizzas,4.4,18K+,24,1.5,True,False,50% OFF,,FLAT DEAL,721,350.0,18000.0,percent,50.0,0.0,,,,1,46,1,1,Pizzas,1,5.857933154483459,9.798182590890704,350.0,0.5550660792951542
2026-09-19 21:12:19,Bengaluru,Jayanagar,12.925,77.5938,10578,Pizza Hut,4th Block,Jayanagar,₹300 for two,Pizzas,4.1,13K+,33,1.2,True,False,50% OFF,,FLAT DEAL,721,300.0,13000.0,percent,50.0,0.0,,,,1,46,1,1,Pizzas,1,5.703782474656201,9.472781556562168,300.0,0.4782608695652174
2026-09-19 21:12:19,Bengaluru,Indiranagar,12.9784,77.6408,10584,Pizza Hut,Indiranagar,Indiranagar,₹300 for two,Pizzas,4.2,20K+,35,0.5,True,False,70% OFF,UPTO ₹140,,721,300.0,20000.0,percent,70.0,0.0,140.0,,,1,46,1,1,Pizzas,1,5.703782474656201,9.90353755128617,300.0,0.4782608695652174
2026-09-19 21:12:19,Delhi,Mayur Vihar,28.6092,77.2952,10710,Subway,2nd Phase,Mayur Vihar,₹350 for two,sandwich|Salads|wrap|Healthy Food,4.4,26K+,23,1.1,True,False,ITEMS,AT ₹69,,2,350.0,26000.0,item_price_point,0.0,0.0,,,69.0,1,51,1,4,sandwich,1,5.857933154483459,10.165890277802454,350.0,0.5381165919282511
2026-09-19 21:12:19,Kolkata,Shyambazar,22.599,88.37,10734,Arsalan,Hati Bagan,Hati Bagan,₹500 for two,Biryani|Mughlai|Indian|Kebabs|Tandoor|Awadhi,4.5,77K+,33,0.4,True,False,ITEMS,AT ₹99,,1255,500.0,77000.0,item_price_point,0.0,0.0,,,99.0,1,2,0,6,Biryani,1,6.214608098422191,11.251573687764477,500.0,0.8744493392070485
2026-09-19 21:12:19,Kolkata,Tollygunge,22.495,88.345,10766,Arsalan,New Alipore,New Alipore,₹500 for two,Biryani|Mughlai|North Indian|Indian|Kebabs|Tandoor|Awadhi,4.5,92K+,51,4.3,True,False,ITEMS,AT ₹99,,1255,500.0,92000.0,item_price_point,0.0,0.0,,,99.0,1,2,0,7,Biryani,1,6.214608098422191,11.429554725537322,500.0,0.8744493392070485
2026-09-19 21:12:19,Mumbai,Powai,19.1176,72.906,10772,Pishu's - Drink Your Fruit,Narayan Plaza,powai,₹550 for two,Beverages|Healthy Food|Juices,4.0,9.6K+,29,2.4,True,True,70% OFF,UPTO ₹140,,471268,550.0,9600.0,percent,70.0,0.0,140.0,,,1,2,0,3,Beverages,1,6.309918278226516,9.169622538697624,550.0,0.9219330855018587
2026-09-19 21:12:19,Mumbai,Malad West,19.1868,72.8484,10773,Pishu's - Drink Your Fruit,Link Road,Malad West,₹550 for two,Juices|Beverages|Healthy Food,4.5,18K+,42,2.2,True,True,70% OFF,UPTO ₹140,,471268,550.0,18000.0,percent,70.0,0.0,140.0,,,1,2,0,3,Juices,1,6.309918278226516,9.798182590890704,550.0,0.9219330855018587
2026-09-19 21:12:19,Bengaluru,Koramangala,12.9352,77.6245,10820,California Burrito,Koramangala,Koramangala,₹250 for two,Mexican|American|Salads|Continental|Keto|Healthy Food|Beverages|Snacks|Desserts|Fast Food,4.5,48K+,31,1.2,True,False,,,,1252,250.0,48000.0,none,0.0,0.0,,,,1,15,1,10,Mexican,0,5.521460917862246,10.778977123006351,250.0,0.25296442687747034
2026-09-19 21:12:19,Pune,Kothrud,18.5074,73.8077,10841,Pizza Hut,Gokhale Business Bay,Kothrud,₹350 for two,Pizzas,4.2,23K+,32,2.7,True,False,50% OFF,,FLAT DEAL,721,350.0,23000.0,percent,50.0,0.0,,,,1,46,1,1,Pizzas,1,5.857933154483459,10.043292972227004,350.0,0.549792531120332
2026-09-19 21:12:19,Bengaluru,BTM Layout,12.9166,77.6101,10894,Pizza Hut,RASHTRAKAVI KUVEMPU NAGAR,BTM Layout,₹350 for two,Pizzas,4.3,15K+,33,1.1,True,False,50% OFF,,FLAT DEAL,721,350.0,15000.0,percent,50.0,0.0,,,,1,46,1,1,Pizzas,1,5.857933154483459,9.61587214452889,350.0,0.6106719367588933
2026-09-19 21:12:19,Delhi,Janakpuri,28.6219,77.0878,11044,Subway,Possangipur,Janakpuri,₹350 for two,sandwich|Salads|wrap|Healthy Food,4.1,17K+,17,0.3,True,False,ITEMS,AT ₹69,,2,350.0,17000.0,item_price_point,0.0,0.0,,,69.0,1,51,1,4,sandwich,1,5.857933154483459,9.741027444837728,350.0,0.5381165919282511
2026-09-19 21:12:19,Bengaluru,Koramangala,12.9352,77.6245,11211,Taco Bell,Koramangala,Koramangala,₹300 for two,Mexican|Fast Food|Snacks,4.3,27K+,20,0.3,True,False,65% OFF,UPTO ₹125,,1557,300.0,27000.0,percent,65.0,0.0,125.0,,,1,20,1,3,Mexican,1,5.703782474656201,10.203629181337648,300.0,0.4782608695652174
2026-09-19 21:12:19,Bengaluru,BTM Layout,12.9166,77.6101,11215,Taco Bell,Gopalan Innovation Mall,Jayanagar,₹300 for two,Mexican|Fast Food|Snacks,4.2,35K+,31,1.8,True,False,65% OFF,UPTO ₹125,,1557,300.0,35000.0,percent,65.0,0.0,125.0,,,1,20,1,3,Mexican,1,5.703782474656201,10.463131911491967,300.0,0.4782608695652174
2026-09-19 21:12:19,Delhi,Dwarka,28.5921,77.046,11579,Subway,Dwarka,Dwarka,₹350 for two,sandwich|Salads|wrap|Healthy Food,4.3,18K+,26,0.4,True,False,ITEMS,AT ₹69,,2,350.0,18000.0,item_price_point,0.0,0.0,,,69.0,1,51,1,4,sandwich,1,5.857933154483459,9.798182590890704,350.0,0.5381165919282511
2026-09-19 21:12:19,Delhi,Saket,28.5245,77.2066,11642,Pizza Hut,Saket,Saket,₹350 for two,Pizzas,4.2,13K+,36,2.4,True,False,50% OFF,,FLAT DEAL,721,350.0,13000.0,percent,50.0,0.0,,,,1,46,1,1,Pizzas,1,5.857933154483459,9.472781556562168,350.0,0.5381165919282511
2026-09-19 21:12:19,Pune,Baner,18.559,73.7868,12050,Subway,MAHABALESHWAR HOTEL,Baner,₹350 for two,sandwich|Salads|wrap|Healthy Food,4.2,22K+,15,1.7,True,False,ITEMS,AT ₹69,,2,350.0,22000.0,item_price_point,0.0,0.0,,,69.0,1,51,1,4,sandwich,1,5.857933154483459,9.99884318585288,350.0,0.549792531120332
2026-09-19 21:12:19,Bengaluru,Electronic City,12.8452,77.6602,12241,Thalassery Restaurant,Venlankani Doddathogur Village,Electronic City,₹300 for two,Kerala|Biryani| South Indian| Arabian|Chinese.|Beverages|Fast Food|Snacks|Desserts,4.3,56K+,33,1.3,True,False,ITEMS,AT ₹98,,14391,300.0,56000.0,item_price_point,0.0,0.0,,,98.0,1,1,0,9,Kerala,1,5.703782474656201,10.933124826700707,300.0,0.4782608695652174
2026-09-19 21:12:19,Kolkata,Park Street,22.553,88.352,12458,One Step Up,Park Street,Park Street,₹800 for two,Continental,4.7,9.3K+,34,0.4,True,False,₹80 OFF,ABOVE ₹199,FLAT DEAL,152264,800.0,9300.0,flat,0.0,80.0,,199.0,,1,1,0,1,Continental,1,6.684611727667927,9.137877200242468,800.0,0.9889867841409692
2026-09-19 21:12:19,Bengaluru,Electronic City,12.8452,77.6602,12479,Pizza Hut,3rd Cross road,Electronic City,₹350 for two,Pizzas,4.3,22K+,35,1.2,True,False,70% OFF,UPTO ₹140,,721,350.0,22000.0,percent,70.0,0.0,140.0,,,1,46,1,1,Pizzas,1,5.857933154483459,9.99884318585288,350.0,0.6106719367588933
2026-09-19 21:12:19,Delhi,Janakpuri,28.6219,77.0878,12557,Wendy's Burgers,Lal Sain Mandir Marg,Janakpuri,₹400 for two,Burgers|Fast Food|wrap,4.2,10K+,33,1.2,True,False,70% OFF,UPTO ₹140,,972,400.0,10000.0,percent,70.0,0.0,140.0,,,1,23,1,3,Burgers,1,5.991464547107982,9.210440366976517,400.0,0.7511210762331838
2026-09-19 21:12:19,Chennai,T. Nagar,13.0418,80.2341,12621,Baskin Robbins - Ice Cream Desserts,Thyagaraya Nagar,T Nagar,₹200 for two,Ice Cream,4.6,4.6K+,16,0.7,True,True,ITEMS,AT ₹15,,5588,200.0,4600.0,item_price_point,0.0,0.0,,,15.0,1,59,1,1,Ice Cream,1,5.298317366548036,8.434028950155469,200.0,0.10950413223140495
2026-09-19 21:12:19,Bengaluru,Jayanagar,12.925,77.5938,12804,Nandhana Palace,JP Nagar,Jayanagar,₹500 for two,Biryani|Andhra|South Indian|North Indian,4.4,28K+,35,2.3,True,False,ITEMS,AT ₹49,,2120,500.0,28000.0,item_price_point,0.0,0.0,,,49.0,1,2,0,4,Biryani,1,6.214608098422191,10.239995502805316,500.0,0.9387351778656127
2026-09-19 21:12:19,Bengaluru,Malleshwaram,13.0035,77.5647,12811,A2B - Adyar Ananda Bhavan,Sampige Road,Malleshwaram,₹300 for two,South Indian|Sweets|Chinese,4.4,41K+,33,1.4,True,True,50% OFF,UPTO ₹100,,22,300.0,41000.0,percent,50.0,0.0,100.0,,,1,11,1,3,South Indian,1,5.703782474656201,10.62135173563291,300.0,0.4782608695652174
2026-09-19 21:12:19,Pune,Hadapsar,18.5089,73.926,12826,Tasty Punjab,Magarpatta,Magarpatta City,₹350 for two,Biryani|Chinese|Punjabi|Tandoor|Thalis|Street Food,3.9,37K+,25,1.5,True,False,70% OFF,UPTO ₹140,,14346,350.0,37000.0,percent,70.0,0.0,140.0,,,1,1,0,6,Biryani,1,5.857933154483459,10.518700218288165,350.0,0.549792531120332
2026-09-19 21:12:19,Kolkata,Park Street,22.553,88.352,12952,Zeeshan Park Circus,Ballygunge,Central Kolkata,₹400 for two,Biryani|Mughlai|Kebabs|Indian,4.0,30K+,36,2.3,True,False,ITEMS,AT ₹59,,18628,400.0,30000.0,item_price_point,0.0,0.0,,,59.0,2,1,0,4,Biryani,1,5.991464547107982,10.308985993422082,400.0,0.6938325991189427
2026-09-19 21:12:19,Kolkata,Behala,22.4989,88.318,13038,Haji Saheb,Behala,Behala,₹500 for two,Biryani|rolls|Beverages|Desserts|Ice Cream,4.6,162K+,34,0.7,True,False,FREE ITEM,,,1912,500.0,162000.0,other,0.0,0.0,,,,1,1,0,5,Biryani,1,6.214608098422191,11.995357787034976,500.0,0.8744493392070485
2026-09-19 21:12:19,Mumbai,Dadar,19.0178,72.8478,13151,Gypsy Corner,Dadar West,Dadar West,₹300 for two,Maharashtrian|Fast Food,4.7,57K+,28,1.3,True,True,ITEMS,AT ₹25,,92428,300.0,57000.0,item_price_point,0.0,0.0,,,25.0,1,1,0,2,Maharashtrian,1,5.703782474656201,10.950824090522445,300.0,0.4312267657992565
2026-09-19 21:12:19,Pune,Kharadi,18.5515,73.947,13184,Pind Punjab,Eon IT park Road,Kharadi,₹450 for two,North Indian| Biryani| Mughlai| Punjabi| Indian|Kebabs|Thalis|Chinese|Beverages|Desserts,3.9,41K+,21,1.2,True,False,70% OFF,UPTO ₹140,,4196,450.0,41000.0,percent,70.0,0.0,140.0,,,1,4,1,10,North Indian,1,6.1092475827643655,10.62135173563291,450.0,0.8692946058091287
2026-09-19 21:12:19,Chennai,Porur,13.0359,80.1567,13263,"Dindigul Thalappakatti - Since 1957
",Porur,Porur,₹650 for two,Biryani|Barbecue|South Indian|Chinese|North Indian,4.2,42K+,25,0.7,True,False,ITEMS,AT ₹209,,641506,650.0,42000.0,item_price_point,0.0,0.0,,,209.0,1,8,1,5,Biryani,1,6.476972362889683,10.645448706505872,650.0,0.981404958677686
2026-09-19 21:12:19,Chennai,Porur,13.0359,80.1567,13295,Subway,Valasaravakkam,Porur,₹350 for two,sandwich|Salads|wrap|Healthy Food,4.1,34K+,18,1.7,True,False,ITEMS,AT ₹69,,2,350.0,34000.0,item_price_point,0.0,0.0,,,69.0,1,51,1,4,sandwich,1,5.857933154483459,10.434145214930487,350.0,0.5516528925619835
2026-09-19 21:12:19,Chennai,Porur,13.0359,80.1567,13305,Sangeetha Veg Restaurant,Nandambakkam,Poonthottam Colony,₹350 for two,North Indian|South Indian,4.7,63K+,32,4.9,True,True,ITEMS,AT ₹69,,1260,350.0,63000.0,item_price_point,0.0,0.0,,,69.0,1,8,1,2,North Indian,1,5.857933154483459,11.050905878263567,350.0,0.5516528925619835
2026-09-19 21:12:19,Chennai,Adyar,13.0012,80.2565,13480,A2B - Adyar Ananda Bhavan,Adyar,Adyar,₹300 for two,South Indian|Sweets|Chinese,4.6,114K+,21,0.9,True,True,ITEMS,AT ₹39,,22,300.0,114000.0,item_price_point,0.0,0.0,,,39.0,1,11,1,3,South Indian,1,5.703782474656201,11.643962499267984,300.0,0.4049586776859504
2026-09-19 21:12:19,Chennai,Porur,13.0359,80.1567,13481,A2B - Adyar Ananda Bhavan,Trunk Road street,Porur,₹300 for two,South Indian|Sweets|Chinese,4.5,112K+,31,1.0,True,True,ITEMS,AT ₹39,,22,300.0,112000.0,item_price_point,0.0,0.0,,,39.0,1,11,1,3,South Indian,1,5.703782474656201,11.626263078808801,300.0,0.4049586776859504
2026-09-19 21:12:19,Chennai,Mylapore,13.0339,80.2698,13494,Subway,Gopalapuram,Gopalapuram,₹350 for two,sandwich|Salads|wrap|Healthy Food,4.2,13K+,26,3.0,True,False,ITEMS,AT ₹69,,2,350.0,13000.0,item_price_point,0.0,0.0,,,69.0,1,51,1,4,sandwich,1,5.857933154483459,9.472781556562168,350.0,0.5516528925619835
2026-09-19 21:12:19,Kolkata,Ballygunge,22.529,88.365,13922,Wow! Momo,Ballygunge,Ballygunge,₹300 for two,Momos|Chinese|fastfood|Asian|Beverages,4.5,15K+,25,0.4,True,False,70% OFF,UPTO ₹140,,1776,300.0,15000.0,percent,70.0,0.0,140.0,,,1,22,1,5,Momos,1,5.703782474656201,9.61587214452889,300.0,0.42290748898678415
2026-09-19 21:12:19,Mumbai,Powai,19.1176,72.906,14013,Chaayos Chai+Snacks=Relax,Versova,Powai,₹250 for two,Beverages|Chaat|Bakery|Snacks|Street Food|healthy|Home Food|Maharashtrian|Italian|Desserts,4.4,28K+,17,0.7,True,False,51% OFF,,FLAT DEAL,281782,250.0,28000.0,percent,51.0,0.0,,,,1,16,1,10,Beverages,1,5.521460917862246,10.239995502805316,250.0,0.2695167286245353
2026-09-19 21:12:19,Pune,Hadapsar,18.5089,73.926,14014,Burger King,Season Mall,Hadapsar,₹350 for two,Burgers|American,4.1,34K+,35,1.8,True,False,ITEMS,AT ₹39,,166,350.0,34000.0,item_price_point,0.0,0.0,,,39.0,1,44,1,2,Burgers,1,5.857933154483459,10.434145214930487,350.0,0.549792531120332
2026-09-19 21:12:19,Pune,Aundh,18.559,73.8077,14015,Burger King,Aundh,Aundh,₹350 for two,Burgers|American,4.2,40K+,22,1.0,True,False,ITEMS,AT ₹39,,166,350.0,40000.0,item_price_point,0.0,0.0,,,39.0,1,44,1,2,Burgers,1,5.857933154483459,10.596659732783579,350.0,0.549792531120332
2026-09-19 21:12:19,Chennai,Nungambakkam,13.0569,80.2425,14097,Sangeetha Veg Restaurant,Egmore,Egmore,₹400 for two,Chinese|South Indian,4.7,58K+,29,4.2,True,True,ITEMS,AT ₹119,,1260,400.0,58000.0,item_price_point,0.0,0.0,,,119.0,1,8,1,2,Chinese,1,5.991464547107982,10.968215530759236,400.0,0.7396694214876033
2026-09-19 21:12:19,Kolkata,Salt Lake,22.58,88.42,14122,Wow! Momo,City centre 1,Bidhannagar,₹300 for two,Momos|Chinese|fastfood|Asian|Beverages,4.4,28K+,31,2.5,True,False,70% OFF,UPTO ₹140,,1776,300.0,28000.0,percent,70.0,0.0,140.0,,,1,22,1,5,Momos,1,5.703782474656201,10.239995502805316,300.0,0.42290748898678415
2026-09-19 21:12:19,Kolkata,New Town,22.58,88.46,14137,Subway,Salt Lake,Bidhannagar,₹350 for two,sandwich|Salads|wrap|Healthy Food,4.5,25K+,34,4.1,True,False,ITEMS,AT ₹69,,2,350.0,25000.0,item_price_point,0.0,0.0,,,69.0,2,51,1,4,sandwich,1,5.857933154483459,10.12667110305036,350.0,0.5550660792951542
2026-09-19 21:12:19,Pune,Kothrud,18.5074,73.8077,14548,Burger King,Paud Road,Kothrud,₹350 for two,Burgers|American,4.1,78K+,16,1.2,True,False,ITEMS,AT ₹39,,166,350.0,78000.0,item_price_point,0.0,0.0,,,39.0,1,44,1,2,Burgers,1,5.857933154483459,11.264476926102367,350.0,0.549792531120332
2026-09-19 21:12:19,Bengaluru,Hebbal,13.0358,77.597,14555,Pizza Hut,RT Nagar,RT Nagar,₹350 for two,Pizzas,4.0,22K+,33,1.4,True,False,70% OFF,UPTO ₹140,,721,350.0,22000.0,percent,70.0,0.0,140.0,,,1,46,1,1,Pizzas,1,5.857933154483459,9.99884318585288,350.0,0.6106719367588933
2026-09-19 21:12:19,Chennai,Anna Nagar,13.085,80.2101,14673,A2B - Adyar Ananda Bhavan,Anna Salai,Anna Nagar,₹300 for two,South Indian|Sweets|Chinese,4.5,76K+,24,0.8,True,False,ITEMS,AT ₹39,,22,300.0,76000.0,item_price_point,0.0,0.0,,,39.0,1,11,1,3,South Indian,1,5.703782474656201,11.23850177707664,300.0,0.4049586776859504
2026-09-19 21:12:19,Pune,Hadapsar,18.5089,73.926,14777,Pizza Hut,Hadapsar,Hadapsar,₹350 for two,Pizzas,4.2,8.4K+,21,1.4,True,False,50% OFF,,FLAT DEAL,721,350.0,8400.0,percent,50.0,0.0,,,,1,46,1,1,Pizzas,1,5.857933154483459,9.036106025364846,350.0,0.549792531120332
2026-09-19 21:12:19,Pune,Hinjewadi,18.5913,73.7389,14780,Pizza Hut,Hinjewadi,Hinjawadi,₹350 for two,Pizzas,4.1,13K+,25,3.0,True,False,50% OFF,,FLAT DEAL,721,350.0,13000.0,percent,50.0,0.0,,,,1,46,1,1,Pizzas,1,5.857933154483459,9.472781556562168,350.0,0.549792531120332
2026-09-19 21:12:19,Chennai,Adyar,13.0012,80.2565,14835,Sangeetha Veg Restaurant,Gandhi Nagar,Adyar,₹450 for two,North Indian|South Indian,4.7,178K+,21,1.5,True,True,ITEMS,AT ₹69,,1260,450.0,178000.0,item_price_point,0.0,0.0,,,69.0,1,8,1,2,North Indian,1,6.1092475827643655,12.08954444723597,450.0,0.8615702479338843
2026-09-19 21:12:19,Delhi,Vasant Kunj,28.52,77.1591,14997,Biryani Blues,Vasant Kunj,Vasant Kunj,₹400 for two,Biryani|Hyderabadi|Lucknowi|Kebabs|Desserts|Beverages,4.4,16K+,26,0.8,True,False,70% OFF,UPTO ₹140,,13813,400.0,16000.0,percent,70.0,0.0,140.0,,,1,6,1,6,Biryani,1,5.991464547107982,9.680406499268875,400.0,0.7511210762331838
2026-09-19 21:12:19,Pune,Kothrud,18.5074,73.8077,15121,Sudit Su's Chinese,Kothrud,Kothrud,₹350 for two,Chinese|North Indian|Kebabs,4.1,7.2K+,23,2.1,True,False,ITEMS,AT ₹30,,4291,350.0,7200.0,item_price_point,0.0,0.0,,,30.0,1,1,0,3,Chinese,1,5.857933154483459,8.881975184248867,350.0,0.549792531120332
2026-09-19 21:12:19,Bengaluru,Malleshwaram,13.0035,77.5647,15174,Behrouz Biryani,Rajajinagar,Rajajinagar,₹500 for two,Biryani|North Indian|Kebabs|Mughlai|Lucknowi|Hyderabadi|Desserts|Beverages,4.2,8.4K+,39,2.7,True,False,65% OFF,UPTO ₹125,,1803,500.0,8400.0,percent,65.0,0.0,125.0,,,1,12,1,8,Biryani,1,6.214608098422191,9.036106025364846,500.0,0.9387351778656127
2026-09-19 21:12:19,Mumbai,Chembur,19.0522,72.9005,15321,Charcoal Eats - Biryani & Beyond,Chembur,Chembur,₹400 for two,Biryani|Kebabs|North Indian|Mughlai,4.3,11K+,19,0.2,True,False,70% OFF,,FLAT DEAL,5338,400.0,11000.0,percent,70.0,0.0,,,,1,4,1,4,Biryani,1,5.991464547107982,9.305741456739435,400.0,0.7193308550185874
2026-09-19 21:12:19,Kolkata,Shyambazar,22.599,88.37,15409,Noodle Oodle,Nagerbazar,Nagerbazar,₹600 for two,Chinese|North Indian,4.5,11K+,45,5.0,True,False,70% OFF,UPTO ₹140,,3257,600.0,11000.0,percent,70.0,0.0,140.0,,,3,1,0,2,Chinese,1,6.396929655216146,9.305741456739435,600.0,0.9361233480176211
2026-09-19 21:12:19,Mumbai,Bandra West,19.0596,72.8295,15470,The Belgian Waffle Co.,Bandra West,Bandra West,₹200 for two,Waffle|Desserts|Ice Cream,4.4,8.5K+,32,2.0,True,True,30% OFF,UPTO ₹60,,2233,200.0,8500.0,percent,30.0,0.0,60.0,,,1,47,1,3,Waffle,1,5.298317366548036,9.04793908261736,200.0,0.13382899628252787
2026-09-19 21:12:19,Delhi,Pitampura,28.6942,77.1317,15666,Behrouz Biryani,Sector 8,Rohini,₹500 for two,Biryani|North Indian|Kebabs|Mughlai|Beverages|Desserts,4.2,16K+,27,2.7,True,False,65% OFF,UPTO ₹125,,1803,500.0,16000.0,percent,65.0,0.0,125.0,,,1,12,1,6,Biryani,1,6.214608098422191,9.680406499268875,500.0,0.9349775784753364
2026-09-19 21:12:19,Kolkata,Dumdum,22.642,88.422,15708,Subway,"City Centre 2, Chinar Park",City Center -2,₹350 for two,sandwich|Salads|wrap|Healthy Food,4.6,10K+,45,6.0,True,False,,,,2,350.0,10000.0,none,0.0,0.0,,,,1,51,1,4,sandwich,0,5.857933154483459,9.210440366976517,350.0,0.5550660792951542
2026-09-19 21:12:19,Chennai,T. Nagar,13.0418,80.2341,15713,Palm Jumeira,Greams Road,Greams Road,₹400 for two,Mexican|Chinese|Biryani|Arabian|Afghani|Mughlai|Indian|South Indian|Grill|Tandoor,4.3,12K+,29,3.8,True,False,ITEMS,AT ₹39,,654507,400.0,12000.0,item_price_point,0.0,0.0,,,39.0,1,1,0,10,Mexican,1,5.991464547107982,9.392745258631441,400.0,0.7396694214876033
2026-09-19 21:12:19,Chennai,T. Nagar,13.0418,80.2341,15742,Sangeetha Veg Restaurant,Mylapore,South Mada Street,₹200 for two,Chinese|South Indian,4.7,84K+,29,4.7,True,True,ITEMS,AT ₹99,,1260,200.0,84000.0,item_price_point,0.0,0.0,,,99.0,2,8,1,2,Chinese,1,5.298317366548036,11.338583982516495,200.0,0.10950413223140495
2026-09-19 21:12:19,Chennai,Velachery,12.9756,80.2207,15743,Sangeetha Veg Restaurant,Guindy,Guindy,₹200 for two,North Indian|Chinese|South Indian,4.7,51K+,32,6.4,True,True,ITEMS,AT ₹69,,1260,200.0,51000.0,item_price_point,0.0,0.0,,,69.0,1,8,1,3,North Indian,1,5.298317366548036,10.839600519357369,200.0,0.10950413223140495
2026-09-19 21:12:19,Delhi,Pitampura,28.6942,77.1317,15846,"Faasos - Wraps, Rolls & Shawarma",Sector 8,Rohini,₹200 for two,Wraps|rolls|Fast Food|Burger|shawarma|Rice Bowls,4.4,16K+,29,2.7,True,False,65% OFF,UPTO ₹125,,21809,200.0,16000.0,percent,65.0,0.0,125.0,,,1,15,1,6,Wraps,1,5.298317366548036,9.680406499268875,200.0,0.08968609865470852
2026-09-19 21:12:19,Hyderabad,Kondapur,17.4615,78.3639,15855,KS Bakers,Gachibowli,Gachibowli,₹250 for two,Bakery|Pizzas|Desserts|Snacks|Fast Food,4.3,74K+,40,4.0,True,False,₹150 OFF,ABOVE ₹449,FLAT DEAL,574,250.0,74000.0,flat,0.0,150.0,,449.0,,2,6,1,5,Bakery,1,5.521460917862246,11.211833885608513,250.0,0.25757575757575757
2026-09-19 21:12:19,Mumbai,Bandra West,19.0596,72.8295,16051,KFC,Bandra West,Bandra West,₹400 for two,Burgers|Fast Food|Rolls & Wraps,4.1,31K+,22,1.1,True,False,70% OFF,UPTO ₹140,,547,400.0,31000.0,percent,70.0,0.0,140.0,,,1,58,1,3,Burgers,1,5.991464547107982,10.34177474101152,400.0,0.7193308550185874
2026-09-19 21:12:19,Pune,Baner,18.559,73.7868,16058,KFC,Baner Road,Baner,₹400 for two,Burgers|Fast Food|Rolls & Wraps,4.0,22K+,24,2.2,True,False,50% OFF,,FLAT DEAL,547,400.0,22000.0,percent,50.0,0.0,,,,1,58,1,3,Burgers,1,5.991464547107982,9.99884318585288,400.0,0.7365145228215768
2026-09-19 21:12:19,Pune,Viman Nagar,18.5679,73.9143,16064,KFC,Viman Nagar,Viman Nagar,₹400 for two,Burgers|Fast Food|Rolls & Wraps,4.1,18K+,27,0.8,True,False,50% OFF,,FLAT DEAL,547,400.0,18000.0,percent,50.0,0.0,,,,1,58,1,3,Burgers,1,5.991464547107982,9.798182590890704,400.0,0.7365145228215768
2026-09-19 21:12:19,Chennai,Anna Nagar,13.085,80.2101,16144,Subway,Anna Nagar,Anna Nagar,₹350 for two,sandwich|Salads|wrap|Healthy Food,4.2,30K+,22,1.6,True,False,ITEMS,AT ₹69,,2,350.0,30000.0,item_price_point,0.0,0.0,,,69.0,1,51,1,4,sandwich,1,5.857933154483459,10.308985993422082,350.0,0.5516528925619835
2026-09-19 21:12:19,Hyderabad,Miyapur,17.4968,78.3577,16164,Lucky Multicuisine Restaurant,Miyapur,Miyapur,₹300 for two,Indian|Chinese|Tandoor,3.6,115K+,20,0.8,True,False,70% OFF,UPTO ₹140,,18963,300.0,115000.0,percent,70.0,0.0,140.0,,,1,3,1,3,Indian,1,5.703782474656201,11.652696102959753,300.0,0.48484848484848486
2026-09-19 21:12:19,Bengaluru,BTM Layout,12.9166,77.6101,16197,Kullad Cafe,BTM Layout,BTM Layout,₹150 for two,North Indian|Snacks|Breakfast|Street Food|Beverages,4.3,40K+,34,0.8,True,True,ITEMS,AT ₹49,,21550,150.0,40000.0,item_price_point,0.0,0.0,,,49.0,1,1,0,5,North Indian,1,5.0106352940962555,10.596659732783579,150.0,0.03162055335968379
2026-09-19 21:12:19,Chennai,Anna Nagar,13.085,80.2101,16227,Pizza Hut,Anna Nagar,Anna Nagar,₹400 for two,Pizzas,4.2,20K+,21,0.6,True,False,50% OFF,,FLAT DEAL,721,400.0,20000.0,percent,50.0,0.0,,,,1,46,1,1,Pizzas,1,5.991464547107982,9.90353755128617,400.0,0.7396694214876033
2026-09-19 21:12:19,Chennai,T. Nagar,13.0418,80.2341,16229,Pizza Hut,Ashok Nagar,Ashok Nagar,₹400 for two,Pizzas,4.3,28K+,32,2.2,True,False,50% OFF,,FLAT DEAL,721,400.0,28000.0,percent,50.0,0.0,,,,1,46,1,1,Pizzas,1,5.991464547107982,10.239995502805316,400.0,0.7396694214876033
2026-09-19 21:12:19,Chennai,Mylapore,13.0339,80.2698,16237,Pizza Hut,R.K.Salai,Mylapore,₹400 for two,Pizzas,4.2,22K+,25,2.6,True,False,50% OFF,,FLAT DEAL,721,400.0,22000.0,percent,50.0,0.0,,,,2,46,1,1,Pizzas,1,5.991464547107982,9.99884318585288,400.0,0.7396694214876033
2026-09-19 21:12:19,Mumbai,Powai,19.1176,72.906,16378,China Chilli,Hiranandani,Powai,₹250 for two,Chinese|Pan-Asian|Thai|Asian|Oriental|Burmese|Indonesian,4.2,9.0K+,26,0.6,True,False,70% OFF,UPTO ₹140,,61331,250.0,9000.0,percent,70.0,0.0,140.0,,,1,1,0,7,Chinese,1,5.521460917862246,9.105090961257085,250.0,0.2695167286245353
2026-09-19 21:12:19,Hyderabad,Begumpet,17.4435,78.4645,16571,Subway,SP Road,SP Road,₹350 for two,sandwich|Salads|wrap|Healthy Food,4.2,16K+,33,2.0,True,False,₹80 OFF,ABOVE ₹499,FLAT DEAL,2,350.0,16000.0,flat,0.0,80.0,,499.0,,1,51,1,4,sandwich,1,5.857933154483459,9.680406499268875,350.0,0.6060606060606061
2026-09-19 21:12:19,Chennai,Tambaram,12.9249,80.1,16632,A2B - Adyar Ananda Bhavan,Tambaram West,Tambaram,₹300 for two,South Indian|Sweets|Chinese,4.5,80K+,34,2.0,True,True,ITEMS,AT ₹39,,22,300.0,80000.0,item_price_point,0.0,0.0,,,39.0,1,11,1,3,South Indian,1,5.703782474656201,11.289794413577894,300.0,0.4049586776859504
2026-09-19 21:12:19,Chennai,Mylapore,13.0339,80.2698,16634,A2B - Adyar Ananda Bhavan,Royapettah,Triplicane,₹300 for two,South Indian|Sweets|Chinese,4.5,25K+,31,3.7,True,True,ITEMS,AT ₹49,,22,300.0,25000.0,item_price_point,0.0,0.0,,,49.0,1,11,1,3,South Indian,1,5.703782474656201,10.12667110305036,300.0,0.4049586776859504
2026-09-19 21:12:19,Pune,Hadapsar,18.5089,73.926,16846,Behrouz Biryani,Hadapsar,Magarpatta,₹500 for two,Biryani|North Indian|Kebabs|Mughlai|Beverages|Desserts,4.3,15K+,29,3.5,True,False,65% OFF,UPTO ₹125,,1803,500.0,15000.0,percent,65.0,0.0,125.0,,,1,12,1,6,Biryani,1,6.214608098422191,9.61587214452889,500.0,0.9149377593360996
2026-09-19 21:12:19,Pune,Koregaon Park,18.5362,73.8939,16853,Behrouz Biryani,Next to Bank Of Maharashtra,Wadgaon Sheri,₹500 for two,Biryani|North Indian|Kebabs|Mughlai|Beverages|Desserts,4.2,9.9K+,32,4.6,True,False,65% OFF,UPTO ₹125,,1803,500.0,9900.0,percent,65.0,0.0,125.0,,,1,12,1,6,Biryani,1,6.214608098422191,9.200391041122515,500.0,0.9149377593360996
2026-09-19 21:12:19,Delhi,Connaught Place,28.6315,77.2167,16865,Pizza Hut,Janpath,Janpath,₹350 for two,Pizzas,4.5,5.8K+,19,1.3,True,False,50% OFF,,FLAT DEAL,721,350.0,5800.0,percent,50.0,0.0,,,,1,46,1,1,Pizzas,1,5.857933154483459,8.665785595466064,350.0,0.5381165919282511
2026-09-19 21:12:19,Bengaluru,HSR Layout,12.9116,77.6446,17036,Leon's - Burgers & Wings (Leon Grill),HSR Layout,HSR Layout,₹300 for two,American|Snacks|Turkish|Portuguese|Continental,4.3,105K+,23,0.8,True,False,70% OFF,UPTO ₹140,,371281,300.0,105000.0,percent,70.0,0.0,140.0,,,1,2,0,5,American,1,5.703782474656201,11.561725152903833,300.0,0.4782608695652174
2026-09-19 21:12:19,Hyderabad,Miyapur,17.4968,78.3577,17102,KFC,Beside Vijetha Super Market,Hafeezpet,₹400 for two,Burgers|Fast Food|Rolls & Wraps,4.1,31K+,27,1.4,True,False,50% OFF,,FLAT DEAL,547,400.0,31000.0,percent,50.0,0.0,,,,1,58,1,3,Burgers,1,5.991464547107982,10.34177474101152,400.0,0.696969696969697
2026-09-19 21:12:19,Bengaluru,Jayanagar,12.925,77.5938,17297,KFC,Jayanagar,Jayanagar,₹400 for two,Burgers|Fast Food|Rolls & Wraps,4.1,17K+,29,1.2,True,False,50% OFF,,FLAT DEAL,547,400.0,17000.0,percent,50.0,0.0,,,,1,58,1,3,Burgers,1,5.991464547107982,9.741027444837728,400.0,0.7628458498023716
2026-09-19 21:12:19,Bengaluru,Marathahalli,12.9591,77.6974,17303,KFC,Brookefields,Marathahalli,₹400 for two,Burgers|Fast Food|Rolls & Wraps,3.8,44K+,37,2.6,True,False,50% OFF,,FLAT DEAL,547,400.0,44000.0,percent,50.0,0.0,,,,1,58,1,3,Burgers,1,5.991464547107982,10.691967639914864,400.0,0.7628458498023716
2026-09-19 21:12:19,Bengaluru,Hebbal,13.0358,77.597,17304,KFC,Ganganagar,R T Nagar,₹400 for two,Burgers|Fast Food|Rolls & Wraps,4.0,24K+,31,2.1,True,False,50% OFF,,FLAT DEAL,547,400.0,24000.0,percent,50.0,0.0,,,,1,58,1,3,Burgers,1,5.991464547107982,10.085850775128717,400.0,0.7628458498023716
2026-09-19 21:12:19,Bengaluru,HSR Layout,12.9116,77.6446,17310,KFC,HSR Layout,HSR Layout,₹400 for two,Burgers|Fast Food|Rolls & Wraps,4.2,42K+,28,0.8,True,False,50% OFF,,FLAT DEAL,547,400.0,42000.0,percent,50.0,0.0,,,,1,58,1,3,Burgers,1,5.991464547107982,10.645448706505872,400.0,0.7628458498023716
2026-09-19 21:12:19,Bengaluru,Electronic City,12.8452,77.6602,17311,KFC,1st Phase,Electronic City,₹400 for two,Burgers|Fast Food|Rolls & Wraps,4.2,36K+,25,0.7,True,False,50% OFF,,FLAT DEAL,547,400.0,36000.0,percent,50.0,0.0,,,,1,58,1,3,Burgers,1,5.991464547107982,10.491301994830229,400.0,0.7628458498023716
2026-09-19 21:12:19,Hyderabad,Miyapur,17.4968,78.3577,17467,Cream Stone Ice Cream,Sriram Nagar Colony,Chanda Nagar,₹350 for two,Ice Cream|Desserts|Beverages|Ice Cream Cakes,4.4,83K+,35,4.0,True,True,50% OFF,,FLAT DEAL,538712,350.0,83000.0,percent,50.0,0.0,,,,1,1,0,4,Ice Cream,1,5.857933154483459,11.326607934898927,350.0,0.6060606060606061
2026-09-19 21:12:19,Bengaluru,Hebbal,13.0358,77.597,17589,Polar Bear,Deve Gowda Nagar,R.T. Nagar,₹300 for two,Ice Cream|Desserts,4.7,11K+,25,2.2,True,True,,,,726,300.0,11000.0,none,0.0,0.0,,,,1,7,1,2,Ice Cream,0,5.703782474656201,9.305741456739435,300.0,0.4782608695652174
2026-09-19 21:12:19,Bengaluru,Indiranagar,12.9784,77.6408,17739,"Faasos - Wraps, Rolls & Shawarma",Hoysala Nagar,Indiranagar,₹200 for two,Wraps|rolls|Fast Food|Burger|shawarma|Rice Bowls,4.2,22K+,29,0.3,True,False,ITEMS,AT ₹10,,21809,200.0,22000.0,item_price_point,0.0,0.0,,,10.0,1,15,1,6,Wraps,1,5.298317366548036,9.99884318585288,200.0,0.08498023715415019
2026-09-19 21:12:19,Delhi,Saket,28.5245,77.2066,17770,Baskin Robbins - Ice Cream Desserts,Malviya Nagar,Malviya Nagar,₹300 for two,Desserts|Ice Cream,4.3,4.2K+,26,1.5,True,False,ITEMS,AT ₹15,,5588,300.0,4200.0,item_price_point,0.0,0.0,,,15.0,1,59,1,2,Desserts,1,5.703782474656201,8.343077871169383,300.0,0.3991031390134529
2026-09-19 21:12:19,Chennai,Anna Nagar,13.085,80.2101,17816,KFC,Anna Nagar,Anna Nagar,₹400 for two,Burgers|Fast Food|Rolls & Wraps,4.1,34K+,23,0.6,True,False,50% OFF,,FLAT DEAL,547,400.0,34000.0,percent,50.0,0.0,,,,1,58,1,3,Burgers,1,5.991464547107982,10.434145214930487,400.0,0.7396694214876033
2026-09-19 21:12:19,Chennai,Nungambakkam,13.0569,80.2425,17817,KFC,Nungambakkam,Nungambakkam,₹400 for two,Burgers|Fast Food|Rolls & Wraps,4.2,32K+,21,1.4,True,False,50% OFF,,FLAT DEAL,547,400.0,32000.0,percent,50.0,0.0,,,,1,58,1,3,Burgers,1,5.991464547107982,10.373522431293592,400.0,0.7396694214876033
2026-09-19 21:12:19,Chennai,Velachery,12.9756,80.2207,17818,KFC,Vijaya Nagar,Velachery,₹400 for two,Burgers|Fast Food|Rolls & Wraps,3.8,37K+,20,1.5,True,False,50% OFF,,FLAT DEAL,547,400.0,37000.0,percent,50.0,0.0,,,,1,58,1,3,Burgers,1,5.991464547107982,10.518700218288165,400.0,0.7396694214876033
2026-09-19 21:12:19,Chennai,T. Nagar,13.0418,80.2341,17819,KFC,Thyagaraya Nagar,Thyagaraya Nagar,₹400 for two,Burgers|Fast Food|Rolls & Wraps,4.1,32K+,21,1.7,True,False,50% OFF,,FLAT DEAL,547,400.0,32000.0,percent,50.0,0.0,,,,1,58,1,3,Burgers,1,5.991464547107982,10.373522431293592,400.0,0.7396694214876033
2026-09-19 21:12:19,Chennai,OMR Thoraipakkam,12.94,80.234,17824,KFC,OMR,OMR-Perungudi,₹400 for two,Burgers|Fast Food|Rolls & Wraps,4.1,32K+,18,2.3,True,False,50% OFF,,FLAT DEAL,547,400.0,32000.0,percent,50.0,0.0,,,,1,58,1,3,Burgers,1,5.991464547107982,10.373522431293592,400.0,0.7396694214876033
2026-09-19 21:12:19,Bengaluru,HSR Layout,12.9116,77.6446,17927,Polar Bear,6th Sector,HSR Layout,₹300 for two,Ice Cream|Desserts,4.5,11K+,27,1.2,True,True,ITEMS,AT ₹59,,726,300.0,11000.0,item_price_point,0.0,0.0,,,59.0,1,7,1,2,Ice Cream,1,5.703782474656201,9.305741456739435,300.0,0.4782608695652174
2026-09-19 21:12:19,Chennai,Adyar,13.0012,80.2565,17988,"Faasos - Wraps, Rolls & Shawarma",Besant Nagar,Adyar,₹200 for two,Wraps|rolls|Fast Food|Burger|shawarma|Rice Bowls,4.4,23K+,16,0.6,True,False,65% OFF,UPTO ₹125,,21809,200.0,23000.0,percent,65.0,0.0,125.0,,,1,15,1,6,Wraps,1,5.298317366548036,10.043292972227004,200.0,0.10950413223140495
2026-09-19 21:12:19,Chennai,T. Nagar,13.0418,80.2341,18045,A2B - Adyar Ananda Bhavan,Thyagaraya Nagar,T Nagar,₹300 for two,South Indian|Sweets|Chinese,4.5,53K+,25,0.7,True,True,ITEMS,AT ₹39,,22,300.0,53000.0,item_price_point,0.0,0.0,,,39.0,2,11,1,3,South Indian,1,5.703782474656201,10.87806606028079,300.0,0.4049586776859504
2026-09-19 21:12:19,Kolkata,Shyambazar,22.599,88.37,18108,Bhojohori Manna,Maniktala,Burrabazar,₹900 for two,Bengali|Thalis|North Indian|Desserts,4.5,8.8K+,24,0.7,True,False,₹125 OFF,ABOVE ₹1149,FLAT DEAL,113,900.0,8800.0,flat,0.0,125.0,,1149.0,,1,1,0,4,Bengali,1,6.802394763324311,9.082620630373812,900.0,0.9977973568281938
2026-09-19 21:12:19,Kolkata,Shyambazar,22.599,88.37,18518,Wow! Momo,Shyambazar station of Metro Railway,Girish Park,₹300 for two,Momos|Chinese|fastfood|Asian|Beverages,4.3,11K+,30,1.9,True,False,70% OFF,UPTO ₹140,,1776,300.0,11000.0,percent,70.0,0.0,140.0,,,1,22,1,5,Momos,1,5.703782474656201,9.305741456739435,300.0,0.42290748898678415
2026-09-19 21:12:19,Kolkata,Behala,22.4989,88.318,18519,Wow! Momo,Diamond Harbour Road,Behala,₹300 for two,Momos|Chinese|fastfood|Asian|Beverages,4.5,25K+,21,0.7,True,False,70% OFF,UPTO ₹140,,1776,300.0,25000.0,percent,70.0,0.0,140.0,,,1,22,1,5,Momos,1,5.703782474656201,10.12667110305036,300.0,0.42290748898678415
2026-09-19 21:12:19,Mumbai,Andheri West,19.1364,72.8296,18645,The Belgian Waffle Co.,Near Andheri West Station,Andheri West,₹200 for two,Waffle|Desserts|Ice Cream,4.4,15K+,29,1.0,True,True,30% OFF,UPTO ₹60,,2233,200.0,15000.0,percent,30.0,0.0,60.0,,,1,47,1,3,Waffle,1,5.298317366548036,9.61587214452889,200.0,0.13382899628252787
2026-09-19 21:12:19,Bengaluru,Marathahalli,12.9591,77.6974,18772,California Burrito,Bellandur,Bellandur,₹250 for two,Mexican|American|Salads|Continental|Keto|Healthy Food|Beverages|Snacks|Desserts|Fast Food,4.6,16K+,26,1.9,True,False,ITEMS,AT ₹65,,1252,250.0,16000.0,item_price_point,0.0,0.0,,,65.0,1,15,1,10,Mexican,1,5.521460917862246,9.680406499268875,250.0,0.25296442687747034
2026-09-19 21:12:19,Pune,Aundh,18.559,73.8077,18798,KFC,Westend Mall,Aundh,₹550 for two,Burgers|Fast Food|Rolls & Wraps,4.2,14K+,21,1.0,True,False,50% OFF,,FLAT DEAL,547,550.0,14000.0,percent,50.0,0.0,,,,1,58,1,3,Burgers,1,6.309918278226516,9.546884034617925,550.0,0.946058091286307
2026-09-19 21:12:19,Pune,Hadapsar,18.5089,73.926,18806,"Faasos - Wraps, Rolls & Shawarma",Hadapsar,Magarpatta,₹200 for two,Wraps|rolls|Fast Food|Burger|shawarma|Rice Bowls,4.3,23K+,30,3.5,True,False,65% OFF,UPTO ₹125,,21809,200.0,23000.0,percent,65.0,0.0,125.0,,,1,15,1,6,Wraps,1,5.298317366548036,10.043292972227004,200.0,0.12863070539419086
2026-09-19 21:12:19,Pune,Koregaon Park,18.5362,73.8939,18812,"Faasos - Wraps, Rolls & Shawarma",Next to Bank Of Maharashtra,Wadgaon Sheri,₹200 for two,Wraps|rolls|Fast Food|Burger|shawarma|Rice Bowls,4.4,12K+,32,4.6,True,False,65% OFF,UPTO ₹125,,21809,200.0,12000.0,percent,65.0,0.0,125.0,,,1,15,1,6,Wraps,1,5.298317366548036,9.392745258631441,200.0,0.12863070539419086
2026-09-19 21:12:19,Bengaluru,Koramangala,12.9352,77.6245,18973,Nandhana Palace,Koramangala,Koramangala,₹500 for two,Biryani|Andhra|South Indian|North Indian,4.3,43K+,30,0.6,True,False,ITEMS,AT ₹49,,2120,500.0,43000.0,item_price_point,0.0,0.0,,,49.0,1,2,0,4,Biryani,1,6.214608098422191,10.668978650219241,500.0,0.9387351778656127
2026-09-19 21:12:19,Mumbai,Lower Parel,18.996,72.8258,19008,Theobroma,Lower Parel,Lower Parel,₹400 for two,Bakery|Desserts,4.5,16K+,32,3.0,True,False,ITEMS,AT ₹37,,1040,400.0,16000.0,item_price_point,0.0,0.0,,,37.0,1,44,1,2,Bakery,1,5.991464547107982,9.680406499268875,400.0,0.7193308550185874
2026-09-19 21:12:19,Kolkata,Behala,22.4989,88.318,19119,Cafe Coffee Day,Behala,Behala,₹400 for two,Beverages|Cafe|Snacks|Desserts|Burgers|Ice Cream|Bakery|Fast Food,4.5,6.4K+,26,1.2,True,False,70% OFF,UPTO ₹140,,1,400.0,6400.0,percent,70.0,0.0,140.0,,,1,3,1,8,Beverages,1,5.991464547107982,8.764209507142004,400.0,0.6938325991189427
2026-09-19 21:12:19,Delhi,Pitampura,28.6942,77.1317,19224,Subway,Pitampura,PP City Centre,₹350 for two,sandwich|Salads|wrap|Healthy Food,4.2,24K+,22,1.5,True,False,ITEMS,AT ₹69,,2,350.0,24000.0,item_price_point,0.0,0.0,,,69.0,1,51,1,4,sandwich,1,5.857933154483459,10.085850775128717,350.0,0.5381165919282511
2026-09-19 21:12:19,Delhi,Lajpat Nagar,28.5677,77.2433,19839,Subway,C Block,Lajpat Nagar 2,₹350 for two,sandwich|Salads|wrap|Healthy Food,4.1,10K+,15,0.8,True,False,40% OFF,UPTO ₹80,,2,350.0,10000.0,percent,40.0,0.0,80.0,,,1,51,1,4,sandwich,1,5.857933154483459,9.210440366976517,350.0,0.5381165919282511
2026-09-19 21:12:19,Delhi,Karol Bagh,28.6519,77.1909,20055,Subway,Pal Mohan Sadan,East Patel Nagar,₹350 for two,sandwich|Salads|wrap|Healthy Food,4.3,18K+,19,2.8,True,False,ITEMS,AT ₹69,,2,350.0,18000.0,item_price_point,0.0,0.0,,,69.0,1,51,1,4,sandwich,1,5.857933154483459,9.798182590890704,350.0,0.5381165919282511
2026-09-19 21:12:19,Mumbai,Borivali,19.2307,72.8567,20232,Mad Over Donuts,Opp. Kora Kendra Ground,Borivali West,₹200 for two,Desserts|Sweets|Bakery,4.6,8.5K+,23,1.4,True,True,60% OFF,UPTO ₹120,,611,200.0,8500.0,percent,60.0,0.0,120.0,,,1,3,1,3,Desserts,1,5.298317366548036,9.04793908261736,200.0,0.13382899628252787
2026-09-19 21:12:19,Hyderabad,Kukatpally,17.4849,78.4138,20346,Subway,Bhagya nagar Colony,Venkat Nagar Colony,₹350 for two,sandwich|Salads|wrap|Healthy Food,4.1,22K+,34,2.6,True,False,,,,2,350.0,22000.0,none,0.0,0.0,,,,1,51,1,4,sandwich,0,5.857933154483459,9.99884318585288,350.0,0.6060606060606061
2026-09-19 21:12:19,Mumbai,Bandra West,19.0596,72.8295,20354,Meraki,Bandra West,Bandra West,₹399 for two,Chinese|Asian|Thai,4.4,50K+,35,0.7,True,False,70% OFF,UPTO ₹140,,2356,399.0,50000.0,percent,70.0,0.0,140.0,,,1,4,1,3,Chinese,1,5.988961416889864,10.819798284210286,399.0,0.5892193308550185
2026-09-19 21:12:19,Pune,Camp,18.5158,73.8785,20570,Tahari House,kausarbaug,Kondhwa ,₹150 for two,North Indian|Mughlai|Biryani,4.3,12K+,32,5.5,True,False,ITEMS,AT ₹149,,199987,150.0,12000.0,item_price_point,0.0,0.0,,,149.0,1,1,0,3,North Indian,1,5.0106352940962555,9.392745258631441,150.0,0.03941908713692946
2026-09-19 21:12:19,Delhi,Saket,28.5245,77.2066,20918,Bakingo,Siri Fort,Shahpur Jat,₹300 for two,Bakery|Desserts|Beverages|Snacks,4.6,27K+,32,4.4,True,False,ITEMS,AT ₹69,,3818,300.0,27000.0,item_price_point,0.0,0.0,,,69.0,1,39,1,4,Bakery,1,5.703782474656201,10.203629181337648,300.0,0.3991031390134529
2026-09-19 21:12:19,Mumbai,Vashi,19.0771,72.9986,21060,Meraki,Vashi,Vashi,₹500 for two,Chinese|Asian|Thai,4.3,45K+,47,3.0,True,False,70% OFF,UPTO ₹140,,2356,500.0,45000.0,percent,70.0,0.0,140.0,,,1,4,1,3,Chinese,1,6.214608098422191,10.714439990727769,500.0,0.8921933085501859
2026-09-19 21:12:19,Pune,Aundh,18.559,73.8077,21237,Pizza Hut,Aundh,Aundh,₹250 for two,Pizzas,4.1,3.8K+,24,1.0,True,False,50% OFF,,FLAT DEAL,721,250.0,3800.0,percent,50.0,0.0,,,,1,46,1,1,Pizzas,1,5.521460917862246,8.24301946898925,250.0,0.2821576763485477
2026-09-19 21:12:19,Delhi,Connaught Place,28.6315,77.2167,21383,Subway,Baba Kharak Singh Marg,Connaught Place,₹350 for two,sandwich|Salads|wrap|Healthy Food,4.2,7.1K+,13,,True,False,ITEMS,AT ₹69,,2,350.0,7100.0,item_price_point,0.0,0.0,,,69.0,1,51,1,4,sandwich,1,5.857933154483459,8.867990898182093,350.0,0.5381165919282511
2026-09-19 21:12:19,Chennai,Tambaram,12.9249,80.1,21471,"Dindigul Thalappakatti - Since 1957
",Tambaram West,Tambaram West,₹600 for two,Biryani|Barbecue|South Indian|Chinese|North Indian,4.2,16K+,32,3.0,True,False,ITEMS,AT ₹209,,641506,600.0,16000.0,item_price_point,0.0,0.0,,,209.0,1,8,1,5,Biryani,1,6.396929655216146,9.680406499268875,600.0,0.9586776859504132
2026-09-19 21:12:19,Chennai,Mylapore,13.0339,80.2698,21473,"Dindigul Thalappakatti - Since 1957
",Triplicane,Triplicane,₹600 for two,Biryani|Barbecue|South Indian|Chinese|North Indian,4.2,20K+,40,5.0,True,False,ITEMS,AT ₹209,,641506,600.0,20000.0,item_price_point,0.0,0.0,,,209.0,1,8,1,5,Biryani,1,6.396929655216146,9.90353755128617,600.0,0.9586776859504132
2026-09-19 21:12:19,Chennai,OMR Thoraipakkam,12.94,80.234,21477,"Dindigul Thalappakatti - Since 1957
",Karappakam,Karappakam,₹600 for two,Biryani|Barbecue|South Indian|Chinese|North Indian,4.1,30K+,21,1.9,True,False,ITEMS,AT ₹209,,641506,600.0,30000.0,item_price_point,0.0,0.0,,,209.0,1,8,1,5,Biryani,1,6.396929655216146,10.308985993422082,600.0,0.9586776859504132
2026-09-19 21:12:19,Hyderabad,Dilsukhnagar,17.3687,78.5247,21633,A-1 Chicken Pakoda,Dilsukh Nagar,Dilsukh Nagar,₹250 for two,Biryani|Chinese|Mughlai,4.2,45K+,18,0.5,True,False,20% OFF,UPTO ₹50,,12043,250.0,45000.0,percent,20.0,0.0,50.0,,,1,1,0,3,Biryani,1,5.521460917862246,10.714439990727769,250.0,0.25757575757575757
2026-09-19 21:12:19,Mumbai,Vashi,19.0771,72.9986,21671,Something's Fishy - Regenza By Tunga,Vashi,Vashi,₹1200 for two,Seafood|Malwani|Goan|Continental,4.5,3.6K+,32,1.3,True,False,70% OFF,UPTO ₹140,,190827,1200.0,3600.0,percent,70.0,0.0,140.0,,,1,1,0,4,Seafood,1,7.090076835776092,8.188966863648876,900.0,0.9907063197026023
2026-09-19 21:12:19,Mumbai,Dadar,19.0178,72.8478,21975,Subway,Dr Earnest Borges Road,Parel,₹350 for two,sandwich|Salads|wrap|Healthy Food,4.1,42K+,36,2.9,True,False,ITEMS,AT ₹69,,2,350.0,42000.0,item_price_point,0.0,0.0,,,69.0,1,51,1,4,sandwich,1,5.857933154483459,10.645448706505872,350.0,0.5353159851301115
2026-09-19 21:12:19,Kolkata,Ballygunge,22.529,88.365,22735,Pizza Hut,Ballygunge,Ballygunge,₹350 for two,Pizzas,4.1,12K+,46,1.6,True,False,50% OFF,,FLAT DEAL,721,350.0,12000.0,percent,50.0,0.0,,,,1,46,1,1,Pizzas,1,5.857933154483459,9.392745258631441,350.0,0.5550660792951542
2026-09-19 21:12:19,Kolkata,Salt Lake,22.58,88.42,22823,Sabita Restaurant,Dumdum,Dumdum,₹300 for two,Chinese|Bengali|Biryani|Indian|Tandoor,4.3,42K+,56,7.6,True,False,70% OFF,UPTO ₹140,,173988,300.0,42000.0,percent,70.0,0.0,140.0,,,3,1,0,5,Chinese,1,5.703782474656201,10.645448706505872,300.0,0.42290748898678415
2026-09-19 21:12:19,Hyderabad,Banjara Hills,17.4126,78.4392,22964,Haiku,12th Road,Banjara Hills,₹900 for two,Pan-Asian|Sushi|Chinese|Japanese|Salads|Indonesian|Beverages|Bubble Tea|Seafood|Malaysian,4.3,5.5K+,33,1.1,True,False,₹75 OFF,ABOVE ₹199,FLAT DEAL,19228,900.0,5500.0,flat,0.0,75.0,,199.0,,1,1,0,10,Pan-Asian,1,6.802394763324311,8.612685172875459,900.0,0.9848484848484849
2026-09-19 21:12:19,Mumbai,Bandra West,19.0596,72.8295,23077,Jai Jawan,Bandra Linking Road,Khar West,₹600 for two,Mughlai|North Indian,4.6,18K+,30,1.2,True,False,,,,108517,600.0,18000.0,none,0.0,0.0,,,,1,1,0,2,Mughlai,0,6.396929655216146,9.798182590890704,600.0,0.9405204460966543
2026-09-19 21:12:19,Pune,Aundh,18.559,73.8077,23181,Thomson Restaurant,Pimpale Gurav,Pimple Gurav,₹300 for two,Kerala|Mughlai|Seafood|North Indian,4.1,10K+,24,3.5,True,False,50% OFF,UPTO ₹100,,3153,300.0,10000.0,percent,50.0,0.0,100.0,,,1,1,0,4,Kerala,1,5.703782474656201,9.210440366976517,300.0,0.42323651452282157
2026-09-19 21:12:19,Kolkata,Behala,22.4989,88.318,23234,Apna Dhaba,Alipore,South Kolkata,₹300 for two,North Indian|Desserts|Snacks ,4.3,18K+,54,6.5,True,True,70% OFF,UPTO ₹140,,25963,300.0,18000.0,percent,70.0,0.0,140.0,,,2,1,0,3,North Indian,1,5.703782474656201,9.798182590890704,300.0,0.42290748898678415
2026-09-19 21:12:19,Mumbai,Andheri West,19.1364,72.8296,23663,McDonald's,Fun Republic,Andheri West,₹400 for two,Burgers|Beverages|Cafe|Desserts,4.3,31K+,23,0.4,True,False,ITEMS,AT ₹64,,630,400.0,31000.0,item_price_point,0.0,0.0,,,64.0,1,55,1,4,Burgers,1,5.991464547107982,10.34177474101152,400.0,0.7193308550185874
2026-09-19 21:12:19,Pune,Koregaon Park,18.5362,73.8939,23675,McDonald's,Kalyani Nagar,Kalyani Nagar,₹400 for two,Burgers|Beverages|Cafe|Desserts,4.4,50K+,19,2.1,True,False,ITEMS,AT ₹64,,630,400.0,50000.0,item_price_point,0.0,0.0,,,64.0,1,55,1,4,Burgers,1,5.991464547107982,10.819798284210286,400.0,0.7365145228215768
2026-09-19 21:12:19,Pune,Kothrud,18.5074,73.8077,23677,McDonald's,Erandwane,Kothrud,₹400 for two,Burgers|Beverages|Cafe|Desserts,4.4,36K+,25,1.2,True,False,ITEMS,AT ₹64,,630,400.0,36000.0,item_price_point,0.0,0.0,,,64.0,1,55,1,4,Burgers,1,5.991464547107982,10.491301994830229,400.0,0.7365145228215768
2026-09-19 21:12:19,Bengaluru,Koramangala,12.9352,77.6245,23678,McDonald's,5th Block,Koramangala,₹400 for two,Burgers|Beverages|Cafe|Desserts,4.3,67K+,31,1.3,True,False,ITEMS,AT ₹64,,630,400.0,67000.0,item_price_point,0.0,0.0,,,64.0,1,55,1,4,Burgers,1,5.991464547107982,11.112462823634855,400.0,0.7628458498023716
2026-09-19 21:12:19,Bengaluru,Indiranagar,12.9784,77.6408,23681,McDonald's,"Indiranagar, CMH Road","Ashwini Complex,Indiranagar",₹400 for two,Burgers|Beverages|Cafe|Desserts,4.3,52K+,26,0.4,True,False,ITEMS,AT ₹64,,630,400.0,52000.0,item_price_point,0.0,0.0,,,64.0,1,55,1,4,Burgers,1,5.991464547107982,10.859018228147887,400.0,0.7628458498023716
2026-09-19 21:12:19,Bengaluru,BTM Layout,12.9166,77.6101,23683,McDonald's,2nd Stage,Btm Layout,₹400 for two,Burgers|Beverages|Cafe|Desserts,4.3,61K+,24,0.8,True,False,ITEMS,AT ₹64,,630,400.0,61000.0,item_price_point,0.0,0.0,,,64.0,1,55,1,4,Burgers,1,5.991464547107982,11.0186455364637,400.0,0.7628458498023716
2026-09-19 21:12:19,Bengaluru,Whitefield,12.9698,77.75,23686,McDonald's,Forum Neighbourhood Mall,Whitefield,₹400 for two,Burgers|Beverages|Cafe|Desserts,4.3,36K+,35,2.0,True,False,ITEMS,AT ₹64,,630,400.0,36000.0,item_price_point,0.0,0.0,,,64.0,1,55,1,4,Burgers,1,5.991464547107982,10.491301994830229,400.0,0.7628458498023716
2026-09-19 21:12:19,Bengaluru,Jayanagar,12.925,77.5938,23691,McDonald's,4th Block,Jayanagar,₹400 for two,Burgers|Beverages|Cafe|Desserts,4.4,30K+,25,1.1,True,False,ITEMS,AT ₹64,,630,400.0,30000.0,item_price_point,0.0,0.0,,,64.0,1,55,1,4,Burgers,1,5.991464547107982,10.308985993422082,400.0,0.7628458498023716
2026-09-19 21:12:19,Hyderabad,Madhapur,17.4483,78.3915,23695,McDonald's,Hitech City,Madhapur,₹400 for two,Burgers|Beverages|Cafe|Desserts,4.3,104K+,28,2.1,True,False,ITEMS,AT ₹64,,630,400.0,104000.0,item_price_point,0.0,0.0,,,64.0,1,55,1,4,Burgers,1,5.991464547107982,11.552155793461898,400.0,0.696969696969697
2026-09-19 21:12:19,Hyderabad,Banjara Hills,17.4126,78.4392,23698,McDonald's,Pragathi Nagar,Banjara Hills,₹400 for two,Burgers|Beverages|Cafe|Desserts,4.4,51K+,35,2.5,True,True,ITEMS,AT ₹64,,630,400.0,51000.0,item_price_point,0.0,0.0,,,64.0,2,55,1,4,Burgers,1,5.991464547107982,10.839600519357369,400.0,0.696969696969697
2026-09-19 21:12:19,Pune,Aundh,18.559,73.8077,23704,McDonald's,Aundh,Aundh,₹400 for two,Burgers|Beverages|Cafe|Desserts,4.4,36K+,16,0.8,True,False,ITEMS,AT ₹64,,630,400.0,36000.0,item_price_point,0.0,0.0,,,64.0,1,55,1,4,Burgers,1,5.991464547107982,10.491301994830229,400.0,0.7365145228215768
2026-09-19 21:12:19,Hyderabad,Begumpet,17.4435,78.4645,23710,McDonald's,SD Road,SD Road,₹400 for two,Burgers|Beverages|Cafe|Desserts,4.3,64K+,40,3.0,True,False,ITEMS,AT ₹64,,630,400.0,64000.0,item_price_point,0.0,0.0,,,64.0,2,55,1,4,Burgers,1,5.991464547107982,11.06665398721974,400.0,0.696969696969697
2026-09-19 21:12:19,Pune,Hadapsar,18.5089,73.926,23711,McDonald's,Season Mall,Magarpatta,₹400 for two,Burgers|Beverages|Cafe|Desserts,4.4,28K+,38,1.8,True,False,ITEMS,AT ₹64,,630,400.0,28000.0,item_price_point,0.0,0.0,,,64.0,1,55,1,4,Burgers,1,5.991464547107982,10.239995502805316,400.0,0.7365145228215768
2026-09-19 21:12:19,Mumbai,Dadar,19.0178,72.8478,23715,McDonald's,Dadar West,Dadar West,₹400 for two,Burgers|Beverages|Cafe|Desserts,4.3,63K+,34,1.8,True,False,ITEMS,AT ₹64,,630,400.0,63000.0,item_price_point,0.0,0.0,,,64.0,1,55,1,4,Burgers,1,5.991464547107982,11.050905878263567,400.0,0.7193308550185874
2026-09-19 21:12:19,Pune,Hinjewadi,18.5913,73.7389,23716,McDonald's,Marunji Road,Hinjawadi,₹400 for two,Burgers|Beverages|Cafe|Desserts,4.3,48K+,10,0.4,True,False,ITEMS,AT ₹64,,630,400.0,48000.0,item_price_point,0.0,0.0,,,64.0,1,55,1,4,Burgers,1,5.991464547107982,10.778977123006351,400.0,0.7365145228215768
2026-09-19 21:12:19,Chennai,Adyar,13.0012,80.2565,23723,McDonald's,Adyar,Adyar,₹400 for two,Burgers|Beverages|Cafe|Desserts,4.3,57K+,22,1.0,True,False,ITEMS,AT ₹64,,630,400.0,57000.0,item_price_point,0.0,0.0,,,64.0,1,55,1,4,Burgers,1,5.991464547107982,10.950824090522445,400.0,0.7396694214876033
2026-09-19 21:12:19,Chennai,Velachery,12.9756,80.2207,23724,McDonald's,Velachery,Velachery,₹400 for two,Burgers|Beverages|Cafe|Desserts,4.2,67K+,30,3.0,True,False,ITEMS,AT ₹64,,630,400.0,67000.0,item_price_point,0.0,0.0,,,64.0,1,55,1,4,Burgers,1,5.991464547107982,11.112462823634855,400.0,0.7396694214876033
2026-09-19 21:12:19,Pune,Camp,18.5158,73.8785,23725,McDonald's,Camp,Camp,₹400 for two,Burgers|Beverages|Cafe|Desserts,4.3,19K+,18,1.1,True,False,ITEMS,AT ₹64,,630,400.0,19000.0,item_price_point,0.0,0.0,,,64.0,1,55,1,4,Burgers,1,5.991464547107982,9.852246888342531,400.0,0.7365145228215768
2026-09-19 21:12:19,Mumbai,Malad West,19.1868,72.8484,23729,McDonald's,Unity Heights,Malad West,₹400 for two,Burgers|Beverages|Cafe|Desserts,4.4,34K+,35,0.9,True,False,ITEMS,AT ₹64,,630,400.0,34000.0,item_price_point,0.0,0.0,,,64.0,1,55,1,4,Burgers,1,5.991464547107982,10.434145214930487,400.0,0.7193308550185874
2026-09-19 21:12:19,Mumbai,Thane West,19.2183,72.9781,23740,McDonald's,Lake City Mall,Thane West,₹400 for two,Burgers|Beverages|Cafe|Desserts,4.4,31K+,49,0.3,True,False,ITEMS,AT ₹64,,630,400.0,31000.0,item_price_point,0.0,0.0,,,64.0,1,55,1,4,Burgers,1,5.991464547107982,10.34177474101152,400.0,0.7193308550185874
2026-09-19 21:12:19,Chennai,Porur,13.0359,80.1567,23748,McDonald's,Valasaravakkam,Valasaravakkam,₹400 for two,Burgers|Beverages|Cafe|Desserts,4.3,62K+,29,2.8,True,False,ITEMS,AT ₹64,,630,400.0,62000.0,item_price_point,0.0,0.0,,,64.0,1,55,1,4,Burgers,1,5.991464547107982,11.034905792929415,400.0,0.7396694214876033
2026-09-19 21:12:19,Mumbai,Chembur,19.0522,72.9005,23758,McDonald's,M G Road,Kurla,₹400 for two,Burgers|Beverages|Cafe|Desserts,4.4,42K+,26,2.5,True,False,ITEMS,AT ₹64,,630,400.0,42000.0,item_price_point,0.0,0.0,,,64.0,1,55,1,4,Burgers,1,5.991464547107982,10.645448706505872,400.0,0.7193308550185874
2026-09-19 21:12:19,Bengaluru,Malleshwaram,13.0035,77.5647,23797,Domino's Pizza,5Th Cross,Malleshwaram,₹400 for two,Pizzas|Italian|Pastas|Desserts,4.3,27K+,20,1.6,True,False,ITEMS,AT ₹39,,2456,400.0,27000.0,item_price_point,0.0,0.0,,,39.0,1,51,1,4,Pizzas,1,5.991464547107982,10.203629181337648,400.0,0.7628458498023716
2026-09-19 21:12:19,Bengaluru,Jayanagar,12.925,77.5938,23799,Domino's Pizza,4th t Block,Jayanagar,₹400 for two,Pizzas|Italian|Pastas|Desserts,4.3,21K+,20,1.6,True,False,ITEMS,AT ₹39,,2456,400.0,21000.0,item_price_point,0.0,0.0,,,39.0,1,51,1,4,Pizzas,1,5.991464547107982,9.952325334619427,400.0,0.7628458498023716
2026-09-19 21:12:19,Bengaluru,Indiranagar,12.9784,77.6408,23802,Domino's Pizza,2nd stage,Indiranagar,₹400 for two,Pizzas|Italian|Pastas|Desserts,4.3,22K+,20,0.6,True,False,ITEMS,AT ₹59,,2456,400.0,22000.0,item_price_point,0.0,0.0,,,59.0,1,51,1,4,Pizzas,1,5.991464547107982,9.99884318585288,400.0,0.7628458498023716
2026-09-19 21:12:19,Bengaluru,Hebbal,13.0358,77.597,23843,Domino's Pizza,RT Nagar,RT Nagar,₹400 for two,Pizzas|Italian|Pastas|Desserts,4.4,29K+,20,1.9,True,False,ITEMS,AT ₹59,,2456,400.0,29000.0,item_price_point,0.0,0.0,,,59.0,1,51,1,4,Pizzas,1,5.991464547107982,10.275085591132715,400.0,0.7628458498023716
2026-09-19 21:12:19,Kolkata,Salt Lake,22.58,88.42,23925,Domino's Pizza,BT Road,Bidhannagar,₹400 for two,Pizzas|Italian|Pastas|Desserts,4.6,26K+,25,2.8,True,False,50% OFF,,FLAT DEAL,2456,400.0,26000.0,percent,50.0,0.0,,,,1,51,1,4,Pizzas,1,5.991464547107982,10.165890277802454,400.0,0.6938325991189427
2026-09-19 21:12:19,Kolkata,New Town,22.58,88.46,23939,Domino's Pizza,Park Circus,Salt Lake,₹400 for two,Pizzas|Italian|Pastas|Desserts,4.4,22K+,25,1.7,True,False,50% OFF,,FLAT DEAL,2456,400.0,22000.0,percent,50.0,0.0,,,,1,51,1,4,Pizzas,1,5.991464547107982,9.99884318585288,400.0,0.6938325991189427
2026-09-19 21:12:19,Kolkata,Park Street,22.553,88.352,23940,Domino's Pizza,Prince Anwar Shah Road,Park Street Area,₹400 for two,Pizzas|Italian|Pastas|Desserts,4.4,11K+,25,0.4,True,False,50% OFF,,FLAT DEAL,2456,400.0,11000.0,percent,50.0,0.0,,,,1,51,1,4,Pizzas,1,5.991464547107982,9.305741456739435,400.0,0.6938325991189427
2026-09-19 21:12:19,Kolkata,Ballygunge,22.529,88.365,23942,Domino's Pizza,Ballygunge,Central Kolkata,₹400 for two,Pizzas|Italian|Pastas|Desserts,4.5,15K+,25,2.2,True,False,50% OFF,,FLAT DEAL,2456,400.0,15000.0,percent,50.0,0.0,,,,1,51,1,4,Pizzas,1,5.991464547107982,9.61587214452889,400.0,0.6938325991189427
2026-09-19 21:12:19,Delhi,Saket,28.5245,77.2066,24146,Domino's Pizza,Ashok Vihar,Saket,₹400 for two,Pizzas|Italian|Pastas|Desserts,4.4,17K+,25,0.4,True,False,50% OFF,,FLAT DEAL,2456,400.0,17000.0,percent,50.0,0.0,,,,1,51,1,4,Pizzas,1,5.991464547107982,9.741027444837728,400.0,0.7511210762331838
2026-09-19 21:12:19,Delhi,Lajpat Nagar,28.5677,77.2433,24177,Domino's Pizza,E Block,Lajpat Nagar 2,₹400 for two,Pizzas|Italian|Pastas|Desserts,4.6,10K+,25,1.0,True,False,50% OFF,,FLAT DEAL,2456,400.0,10000.0,percent,50.0,0.0,,,,1,51,1,4,Pizzas,1,5.991464547107982,9.210440366976517,400.0,0.7511210762331838
2026-09-19 21:12:19,Delhi,Janakpuri,28.6219,77.0878,24187,Domino's Pizza,B Block,Janakpuri,₹400 for two,Pizzas|Italian|Pastas|Desserts,4.6,15K+,25,1.5,True,False,ITEMS,AT ₹59,,2456,400.0,15000.0,item_price_point,0.0,0.0,,,59.0,1,51,1,4,Pizzas,1,5.991464547107982,9.61587214452889,400.0,0.7511210762331838
2026-09-19 21:12:19,Delhi,Dwarka,28.5921,77.046,24198,Domino's Pizza,Sec-12,Dwarka,₹400 for two,Pizzas|Italian|Pastas|Desserts,4.6,15K+,25,0.9,True,False,50% OFF,,FLAT DEAL,2456,400.0,15000.0,percent,50.0,0.0,,,,1,51,1,4,Pizzas,1,5.991464547107982,9.61587214452889,400.0,0.7511210762331838
2026-09-19 21:12:19,Delhi,Pitampura,28.6942,77.1317,24209,Domino's Pizza,Road No. 44,Pitampura,₹400 for two,Pizzas|Italian|Pastas|Desserts,4.5,25K+,25,1.4,True,False,50% OFF,,FLAT DEAL,2456,400.0,25000.0,percent,50.0,0.0,,,,1,51,1,4,Pizzas,1,5.991464547107982,10.12667110305036,400.0,0.7511210762331838
2026-09-19 21:12:19,Mumbai,Lower Parel,18.996,72.8258,24324,Baskin Robbins - Ice Cream Desserts,Byculla,Byculla,₹250 for two,Desserts|Ice Cream,4.5,2.9K+,19,2.5,True,True,ITEMS,AT ₹15,,5588,250.0,2900.0,item_price_point,0.0,0.0,,,15.0,1,59,1,2,Desserts,1,5.521460917862246,7.972810784121404,250.0,0.2695167286245353
2026-09-19 21:12:19,Chennai,Mylapore,13.0339,80.2698,24334,Domino's Pizza,Mandavelli,Mandaveli,₹400 for two,Pizzas|Italian|Pastas|Desserts,4.4,18K+,25,1.5,True,False,50% OFF,,FLAT DEAL,2456,400.0,18000.0,percent,50.0,0.0,,,,1,51,1,4,Pizzas,1,5.991464547107982,9.798182590890704,400.0,0.7396694214876033
2026-09-19 21:12:19,Chennai,OMR Thoraipakkam,12.94,80.234,24342,Domino's Pizza,Thuraipakkam,Thoraipakkam,₹400 for two,Pizzas|Italian|Pastas|Desserts,4.4,31K+,25,4.2,True,False,50% OFF,,FLAT DEAL,2456,400.0,31000.0,percent,50.0,0.0,,,,1,51,1,4,Pizzas,1,5.991464547107982,10.34177474101152,400.0,0.7396694214876033
2026-09-19 21:12:19,Chennai,Nungambakkam,13.0569,80.2425,24343,Domino's Pizza,Nungambakam,Nungambakkam,₹400 for two,Pizzas|Italian|Pastas|Desserts,4.5,16K+,25,1.2,True,False,50% OFF,,FLAT DEAL,2456,400.0,16000.0,percent,50.0,0.0,,,,1,51,1,4,Pizzas,1,5.991464547107982,9.680406499268875,400.0,0.7396694214876033
2026-09-19 21:12:19,Chennai,Tambaram,12.9249,80.1,24352,Domino's Pizza,Tambaram West,Tambaram,₹400 for two,Pizzas|Italian|Pastas|Desserts,4.2,11K+,25,0.7,True,False,50% OFF,,FLAT DEAL,2456,400.0,11000.0,percent,50.0,0.0,,,,1,51,1,4,Pizzas,1,5.991464547107982,9.305741456739435,400.0,0.7396694214876033
2026-09-19 21:12:19,Chennai,T. Nagar,13.0418,80.2341,24353,Domino's Pizza,Thyagaraya Nagar,T Nagar,₹400 for two,Pizzas|Italian|Pastas|Desserts,4.4,18K+,25,1.5,True,False,50% OFF,,FLAT DEAL,2456,400.0,18000.0,percent,50.0,0.0,,,,1,51,1,4,Pizzas,1,5.991464547107982,9.798182590890704,400.0,0.7396694214876033
2026-09-19 21:12:19,Chennai,Anna Nagar,13.085,80.2101,24360,Domino's Pizza,Anna Nagar,Anna Nagar,₹400 for two,Pizzas|Italian|Pastas|Desserts,4.4,28K+,25,1.3,True,False,50% OFF,,FLAT DEAL,2456,400.0,28000.0,percent,50.0,0.0,,,,1,51,1,4,Pizzas,1,5.991464547107982,10.239995502805316,400.0,0.7396694214876033
2026-09-19 21:12:19,Pune,Baner,18.559,73.7868,24404,Domino's Pizza,Baner,Vidhate Vasti,₹400 for two,Pizzas|Italian|Pastas|Desserts,3.9,17K+,25,1.7,True,False,50% OFF,,FLAT DEAL,2456,400.0,17000.0,percent,50.0,0.0,,,,1,51,1,4,Pizzas,1,5.991464547107982,9.741027444837728,400.0,0.7365145228215768
2026-09-19 21:12:19,Pune,Hadapsar,18.5089,73.926,24421,Domino's Pizza,Baner,Hadapsar,₹400 for two,Pizzas|Italian|Pastas|Desserts,4.3,23K+,25,1.7,True,False,50% OFF,,FLAT DEAL,2456,400.0,23000.0,percent,50.0,0.0,,,,1,51,1,4,Pizzas,1,5.991464547107982,10.043292972227004,400.0,0.7365145228215768
2026-09-19 21:12:19,Pune,Hinjewadi,18.5913,73.7389,24441,Domino's Pizza,Hinjewadi,Hinjawadi,₹400 for two,Pizzas|Italian|Pastas|Desserts,3.9,13K+,25,1.0,True,False,50% OFF,,FLAT DEAL,2456,400.0,13000.0,percent,50.0,0.0,,,,1,51,1,4,Pizzas,1,5.991464547107982,9.472781556562168,400.0,0.7365145228215768
2026-09-19 21:12:19,Pune,Aundh,18.559,73.8077,24443,Domino's Pizza,Aundh,Aundh,₹400 for two,Pizzas|Italian|Pastas|Desserts,4.3,11K+,25,1.1,True,False,50% OFF,,FLAT DEAL,2456,400.0,11000.0,percent,50.0,0.0,,,,1,51,1,4,Pizzas,1,5.991464547107982,9.305741456739435,400.0,0.7365145228215768
2026-09-19 21:12:19,Pune,Wakad,18.5985,73.7625,24444,Domino's Pizza,Wakad,Wakad,₹400 for two,Pizzas|Italian|Pastas|Desserts,4.4,17K+,25,0.4,True,False,50% OFF,,FLAT DEAL,2456,400.0,17000.0,percent,50.0,0.0,,,,1,51,1,4,Pizzas,1,5.991464547107982,9.741027444837728,400.0,0.7365145228215768
2026-09-19 21:12:19,Mumbai,Malad West,19.1868,72.8484,24477,Domino's Pizza,Bombay Hospital Lane,Malad Kan West,₹400 for two,Pizzas|Italian|Pastas|Desserts,4.2,12K+,25,1.1,True,False,ITEMS,AT ₹39,,2456,400.0,12000.0,item_price_point,0.0,0.0,,,39.0,1,51,1,4,Pizzas,1,5.991464547107982,9.392745258631441,400.0,0.7193308550185874
2026-09-19 21:12:19,Mumbai,Andheri West,19.1364,72.8296,24497,Domino's Pizza,Mahim,Andheri West,₹400 for two,Pizzas|Italian|Pastas|Desserts,4.2,11K+,25,1.1,True,False,ITEMS,AT ₹39,,2456,400.0,11000.0,item_price_point,0.0,0.0,,,39.0,1,51,1,4,Pizzas,1,5.991464547107982,9.305741456739435,400.0,0.7193308550185874
2026-09-19 21:12:19,Mumbai,Chembur,19.0522,72.9005,24515,Domino's Pizza,Orchid Pride,Chembur,₹400 for two,Pizzas|Italian|Pastas|Desserts,4.3,18K+,25,0.6,True,False,ITEMS,AT ₹39,,2456,400.0,18000.0,item_price_point,0.0,0.0,,,39.0,1,51,1,4,Pizzas,1,5.991464547107982,9.798182590890704,400.0,0.7193308550185874
2026-09-19 21:12:19,Hyderabad,Miyapur,17.4968,78.3577,24624,Domino's Pizza,Opp  Ratandeep Supermarket,Friends Colony,₹400 for two,Pizzas|Italian|Pastas|Desserts,4.2,26K+,25,0.3,True,False,50% OFF,,FLAT DEAL,2456,400.0,26000.0,percent,50.0,0.0,,,,1,51,1,4,Pizzas,1,5.991464547107982,10.165890277802454,400.0,0.696969696969697
2026-09-19 21:12:19,Mumbai,Malad West,19.1868,72.8484,24632,Burger King,Infinity Malad,Malad West,₹350 for two,Burgers|American,4.0,20K+,53,2.3,True,False,ITEMS,AT ₹39,,166,350.0,20000.0,item_price_point,0.0,0.0,,,39.0,1,44,1,2,Burgers,1,5.857933154483459,9.90353755128617,350.0,0.5353159851301115
2026-09-19 21:12:19,Mumbai,Powai,19.1176,72.906,24997,Mangalore Tadka,Powai,Powai,₹500 for two,North Indian|Mangalorean|Seafood|Coastal|Biryani|Chinese|Tandoor,4.4,54K+,35,2.1,True,False,70% OFF,UPTO ₹140,,8363,500.0,54000.0,percent,70.0,0.0,140.0,,,1,1,0,7,North Indian,1,6.214608098422191,10.896757843893464,500.0,0.8921933085501859
2026-09-19 21:12:19,Kolkata,Ballygunge,22.529,88.365,25144,Haldiram Food City,,South Kolkata,₹200 for two,Sweets|Desserts|Snacks|Bakery|Beverages,4.5,14K+,31,0.8,True,True,ITEMS,AT ₹39,,4013,200.0,14000.0,item_price_point,0.0,0.0,,,39.0,1,2,0,5,Sweets,1,5.298317366548036,9.546884034617925,200.0,0.19162995594713655
2026-09-19 21:12:19,Chennai,Perambur,13.1143,80.233,25291,Anjappar,Perambur,Perambur,₹600 for two,Chettinad|Biryani|South Indian|Chinese|Grill|Seafood|North Indian|Desserts|Beverages|Sweets,4.1,43K+,25,1.3,True,False,40% OFF,UPTO ₹80,,61,600.0,43000.0,percent,40.0,0.0,80.0,,,1,1,0,10,Chettinad,1,6.396929655216146,10.668978650219241,600.0,0.9586776859504132
2026-09-19 21:12:19,Delhi,Vasant Kunj,28.52,77.1591,25454,Domino's Pizza,Sector B,Vasant Kunj,₹400 for two,Pizzas|Italian|Pastas|Desserts,4.3,16K+,25,1.9,True,False,50% OFF,,FLAT DEAL,2456,400.0,16000.0,percent,50.0,0.0,,,,1,51,1,4,Pizzas,1,5.991464547107982,9.680406499268875,400.0,0.7511210762331838
2026-09-19 21:12:19,Pune,Kharadi,18.5515,73.947,25459,Domino's Pizza,Yashwant Nagar,Tal Haveli,₹400 for two,Pizzas|Italian|Pastas|Desserts,4.3,12K+,25,1.0,True,False,ITEMS,AT ₹59,,2456,400.0,12000.0,item_price_point,0.0,0.0,,,59.0,1,51,1,4,Pizzas,1,5.991464547107982,9.392745258631441,400.0,0.7365145228215768
2026-09-19 21:12:19,Pune,Viman Nagar,18.5679,73.9143,25462,Domino's Pizza,Konark Nagar,Viman Nagar,₹400 for two,Pizzas|Italian|Pastas|Desserts,4.0,20K+,25,0.3,True,False,50% OFF,,FLAT DEAL,2456,400.0,20000.0,percent,50.0,0.0,,,,1,51,1,4,Pizzas,1,5.991464547107982,9.90353755128617,400.0,0.7365145228215768
2026-09-19 21:12:19,Mumbai,Vashi,19.0771,72.9986,25570,Subway,Inorbit Mall,Vashi,₹450 for two,sandwich|Salads|wrap|Healthy Food,4.3,6.6K+,28,1.8,True,False,ITEMS,AT ₹69,,2,450.0,6600.0,item_price_point,0.0,0.0,,,69.0,1,51,1,4,sandwich,1,6.1092475827643655,8.79497643168877,450.0,0.8568773234200744
2026-09-19 21:12:19,Chennai,Velachery,12.9756,80.2207,25736,Paradise Biryani,Thiruvanmiyur,Thiruvanmiyur,₹400 for two,Biryani|Kebabs|North Indian|Hyderabadi,4.2,49K+,31,5.5,True,False,70% OFF,UPTO ₹140,,700,400.0,49000.0,percent,70.0,0.0,140.0,,,1,3,1,4,Biryani,1,5.991464547107982,10.799595985047786,400.0,0.7396694214876033
2026-09-19 21:12:19,Chennai,Perambur,13.1143,80.233,25754,Domino's Pizza,Kolathur,Ponniammanmedu,₹400 for two,Pizzas|Italian|Pastas|Desserts,4.3,22K+,25,5.0,True,False,ITEMS,AT ₹59,,2456,400.0,22000.0,item_price_point,0.0,0.0,,,59.0,1,51,1,4,Pizzas,1,5.991464547107982,9.99884318585288,400.0,0.7396694214876033
2026-09-19 21:12:19,Delhi,Dwarka,28.5921,77.046,26002,Chaayos Chai+Snacks=Relax,Sector 12,Dwarka,₹250 for two,Beverages|Chaat|Bakery|Snacks|Street Food|healthy|Home Food|Maharashtrian|Italian|Desserts,4.5,12K+,20,0.6,True,False,51% OFF,,FLAT DEAL,281782,250.0,12000.0,percent,51.0,0.0,,,,1,16,1,10,Beverages,1,5.521460917862246,9.392745258631441,250.0,0.21973094170403587
2026-09-19 21:12:19,Pune,Hinjewadi,18.5913,73.7389,26116,Virinda Pav Bhaji (Wakad),Wakad,Wakad,₹200 for two,Fast Food,3.9,10K+,21,3.0,True,True,70% OFF,UPTO ₹140,,223986,200.0,10000.0,percent,70.0,0.0,140.0,,,2,1,0,1,Fast Food,1,5.298317366548036,9.210440366976517,200.0,0.12863070539419086
2026-09-19 21:12:19,Pune,Viman Nagar,18.5679,73.9143,26426,Upsouth,Viman Nagar,Viman Nagar,₹250 for two,South Indian,4.4,14K+,23,0.4,True,True,ITEMS,AT ₹119,,22184,250.0,14000.0,item_price_point,0.0,0.0,,,119.0,1,2,0,1,South Indian,1,5.521460917862246,9.546884034617925,250.0,0.2821576763485477
2026-09-19 21:12:19,Kolkata,Park Street,22.553,88.352,26476,Blue Poppy - Thakali,Camac Street,Camac Street,₹300 for two,Momos|Chinese|Nepalese|Tibetan,4.5,7.7K+,29,0.7,True,False,,,,588783,300.0,7700.0,none,0.0,0.0,,,,1,1,0,4,Momos,0,5.703782474656201,8.94910546953925,300.0,0.42290748898678415
2026-09-19 21:12:19,Kolkata,Howrah,22.5958,88.2636,26519,Krazy For Chocolates,Inside Avani Mall,Shibpur,₹150 for two,Bakery|Desserts|Snacks,4.5,1.4K+,65,9.7,True,True,ITEMS,AT ₹29,,569,150.0,1400.0,item_price_point,0.0,0.0,,,29.0,1,1,0,3,Bakery,1,5.0106352940962555,7.244941546337007,150.0,0.10572687224669604
2026-09-19 21:12:19,Delhi,Dwarka,28.5921,77.046,26576,Burger King,Sector 12,Dwarka,₹350 for two,Burgers|American,4.3,47K+,28,1.6,True,False,ITEMS,AT ₹39,,166,350.0,47000.0,item_price_point,0.0,0.0,,,39.0,1,44,1,2,Burgers,1,5.857933154483459,10.757924157061597,350.0,0.5381165919282511
2026-09-19 21:12:19,Hyderabad,Madhapur,17.4483,78.3915,26602,Gudgudee-Tickle your tastebuds,Madhapur,Madhapur,₹1000 for two,Chinese,4.3,6.8K+,32,1.1,True,False,70% OFF,UPTO ₹140,,91177,1000.0,6800.0,percent,70.0,0.0,140.0,,,1,1,0,1,Chinese,1,6.907755278982137,8.824824939175638,900.0,0.9848484848484849
2026-09-19 21:12:19,Mumbai,Andheri West,19.1364,72.8296,26660,Fit Food Company,Oshiwara,Andheri West,₹400 for two,Healthy Food|Continental|Salads|Juices|Seafood|Beverages,4.5,11K+,39,2.7,True,False,70% OFF,UPTO ₹140,,5480,400.0,11000.0,percent,70.0,0.0,140.0,,,1,1,0,6,Healthy Food,1,5.991464547107982,9.305741456739435,400.0,0.7193308550185874
2026-09-19 21:12:19,Delhi,Dwarka,28.5921,77.046,26712,KFC,Sector 12,Dwarka,₹400 for two,Burgers|Fast Food|Rolls & Wraps,4.3,17K+,17,0.7,True,False,50% OFF,,FLAT DEAL,547,400.0,17000.0,percent,50.0,0.0,,,,1,58,1,3,Burgers,1,5.991464547107982,9.741027444837728,400.0,0.7511210762331838
2026-09-19 21:12:19,Delhi,Vasant Kunj,28.52,77.1591,26717,KFC,Vasant Kunj,Vasant Kunj,₹400 for two,Burgers|Fast Food|Rolls & Wraps,4.2,24K+,17,0.8,True,False,50% OFF,,FLAT DEAL,547,400.0,24000.0,percent,50.0,0.0,,,,1,58,1,3,Burgers,1,5.991464547107982,10.085850775128717,400.0,0.7511210762331838
2026-09-19 21:12:19,Delhi,Janakpuri,28.6219,77.0878,26720,KFC,Lal Sai Mandir Marg,Janakpuri,₹400 for two,Burgers|Fast Food|Rolls & Wraps,4.3,18K+,25,0.9,True,False,70% OFF,UPTO ₹140,,547,400.0,18000.0,percent,70.0,0.0,140.0,,,1,58,1,3,Burgers,1,5.991464547107982,9.798182590890704,400.0,0.7511210762331838
2026-09-19 21:12:19,Delhi,Lajpat Nagar,28.5677,77.2433,26721,KFC,Nehru Place,Nehru Place,₹400 for two,Burgers|Fast Food|Rolls & Wraps,4.3,11K+,32,3.0,True,False,50% OFF,,FLAT DEAL,547,400.0,11000.0,percent,50.0,0.0,,,,1,58,1,3,Burgers,1,5.991464547107982,9.305741456739435,400.0,0.7511210762331838
2026-09-19 21:12:19,Mumbai,Vashi,19.0771,72.9986,26741,Kolkata Rolls, Hiranandani Complex, Hiranandani Complex,₹250 for two,Momos|shawarma|wrap|rolls,4.0,22K+,48,13.8,True,False,70% OFF,UPTO ₹140,,2493,250.0,22000.0,percent,70.0,0.0,140.0,,,1,1,0,4,Momos,1,5.521460917862246,9.99884318585288,250.0,0.2695167286245353
2026-09-19 21:12:19,Pune,Kharadi,18.5515,73.947,26890,Subway,KHARADI,WTC Kharadi,₹350 for two,sandwich|Salads|wrap|Healthy Food,4.2,15K+,13,0.5,True,False,ITEMS,AT ₹69,,2,350.0,15000.0,item_price_point,0.0,0.0,,,69.0,1,51,1,4,sandwich,1,5.857933154483459,9.61587214452889,350.0,0.549792531120332
2026-09-19 21:12:19,Delhi,Rohini,28.7495,77.0565,27025,KFC,Rohini,Rohini,₹400 for two,Burgers|Fast Food|Rolls & Wraps,4.4,16K+,42,7.4,True,False,50% OFF,,FLAT DEAL,547,400.0,16000.0,percent,50.0,0.0,,,,1,58,1,3,Burgers,1,5.991464547107982,9.680406499268875,400.0,0.7511210762331838
2026-09-19 21:12:19,Kolkata,Howrah,22.5958,88.2636,27172,Barista Coffee,Shibpur,Shibpur,₹350 for two,Beverages|Snacks|Desserts,4.4,1.1K+,71,9.7,True,False,ITEMS,AT ₹69,,416281,350.0,1100.0,item_price_point,0.0,0.0,,,69.0,1,1,0,3,Beverages,1,5.857933154483459,7.00397413672268,350.0,0.5550660792951542
2026-09-19 21:12:19,Mumbai,Andheri West,19.1364,72.8296,27334,Chaayos Chai+Snacks=Relax,Versova,Andheri West,₹250 for two,Beverages|Chaat|Bakery|Snacks|Street Food|healthy|Home Food|Maharashtrian|Italian|Desserts,4.5,8.6K+,23,1.3,True,True,51% OFF,,FLAT DEAL,281782,250.0,8600.0,percent,51.0,0.0,,,,1,16,1,10,Beverages,1,5.521460917862246,9.059633754551479,250.0,0.2695167286245353
2026-09-19 21:12:19,Chennai,Tambaram,12.9249,80.1,27411,Pizza Hut,GST Road,Chrompet,₹350 for two,Pizzas,4.2,22K+,39,5.5,True,False,50% OFF,,FLAT DEAL,721,350.0,22000.0,percent,50.0,0.0,,,,1,46,1,1,Pizzas,1,5.857933154483459,9.99884318585288,350.0,0.5516528925619835
2026-09-19 21:12:19,Mumbai,Chembur,19.0522,72.9005,27763,The Belgian Waffle Co.,Chembur,Chembur,₹200 for two,Waffle|Desserts|Ice Cream,4.5,21K+,23,0.1,True,True,30% OFF,UPTO ₹60,,2233,200.0,21000.0,percent,30.0,0.0,60.0,,,1,47,1,3,Waffle,1,5.298317366548036,9.952325334619427,200.0,0.13382899628252787
2026-09-19 21:12:19,Delhi,Connaught Place,28.6315,77.2167,27797,Natural Ice Cream,Connaught Place,Connaught Place,₹150 for two,Ice Cream|Desserts,4.7,18K+,11,1.2,True,True,20% OFF,UPTO ₹50,,2093,150.0,18000.0,percent,20.0,0.0,50.0,,,1,22,1,2,Ice Cream,1,5.0106352940962555,9.798182590890704,150.0,0.03587443946188341
2026-09-19 21:12:19,Mumbai,Lower Parel,18.996,72.8258,27805,Natural Ice Cream,Lower_Parel_Worli,Worli,₹150 for two,Ice Cream|Desserts,4.6,8.8K+,26,2.9,True,True,₹550 OFF,ABOVE ₹2499,FLAT DEAL,2093,150.0,8800.0,flat,0.0,550.0,,2499.0,,1,22,1,2,Ice Cream,1,5.0106352940962555,9.082620630373812,150.0,0.055762081784386616
2026-09-19 21:12:19,Pune,Koregaon Park,18.5362,73.8939,27806,Natural Ice Cream,Koregaon Park,Koregaon Park,₹150 for two,Ice Cream|Desserts,4.8,8.7K+,9,0.9,True,True,20% OFF,UPTO ₹50,,2093,150.0,8700.0,percent,20.0,0.0,50.0,,,1,22,1,2,Ice Cream,1,5.0106352940962555,9.071193240566025,150.0,0.03941908713692946
2026-09-19 21:12:19,Pune,Kharadi,18.5515,73.947,27808,Natural Ice Cream,Dhole Patil Road,Kharadi,₹150 for two,Ice Cream|Desserts,4.7,6.4K+,7,0.8,True,True,20% OFF,UPTO ₹50,,2093,150.0,6400.0,percent,20.0,0.0,50.0,,,1,22,1,2,Ice Cream,1,5.0106352940962555,8.764209507142004,150.0,0.03941908713692946
2026-09-19 21:12:19,Bengaluru,Malleshwaram,13.0035,77.5647,27809,Natural Ice Cream,Malleshwaram,Malleshwaram,₹150 for two,Ice Cream|Desserts,4.8,14K+,14,0.5,True,False,20% OFF,UPTO ₹50,,2093,150.0,14000.0,percent,20.0,0.0,50.0,,,1,22,1,2,Ice Cream,1,5.0106352940962555,9.546884034617925,150.0,0.03162055335968379
2026-09-19 21:12:19,Kolkata,Behala,22.4989,88.318,27976,Saima Restaurant,Esplanade,South Kolkata,₹300 for two,Mughlai|Snacks,4.2,19K+,54,7.0,True,False,ITEMS,AT ₹49,,5566,300.0,19000.0,item_price_point,0.0,0.0,,,49.0,1,2,0,2,Mughlai,1,5.703782474656201,9.852246888342531,300.0,0.42290748898678415
2026-09-19 21:12:19,Mumbai,Chembur,19.0522,72.9005,28283,Chinese Wok,Chembur,Chembur,₹250 for two,Chinese|Asian|Tibetan|Desserts,4.3,30K+,31,0.1,True,False,70% OFF,UPTO ₹140,,61955,250.0,30000.0,percent,70.0,0.0,140.0,,,1,22,1,4,Chinese,1,5.521460917862246,10.308985993422082,250.0,0.2695167286245353
2026-09-19 21:12:19,Hyderabad,Begumpet,17.4435,78.4645,28777,Domino's Pizza,Sindhi Colony,P G Road Sindhi Colony,₹400 for two,Pizzas|Italian|Pastas|Desserts,4.4,19K+,25,1.9,True,False,50% OFF,,FLAT DEAL,2456,400.0,19000.0,percent,50.0,0.0,,,,1,51,1,4,Pizzas,1,5.991464547107982,9.852246888342531,400.0,0.696969696969697
2026-09-19 21:12:19,Kolkata,Park Street,22.553,88.352,28861,Haldiram Food City,Camac Street,Central Kolkata,₹300 for two,Sweets|Desserts|Snacks|Bakery|Beverages,4.3,10K+,30,1.3,True,True,ITEMS,AT ₹39,,4013,300.0,10000.0,item_price_point,0.0,0.0,,,39.0,1,2,0,5,Sweets,1,5.703782474656201,9.210440366976517,300.0,0.42290748898678415
2026-09-19 21:12:19,Mumbai,Borivali,19.2307,72.8567,28946,Apsara Ice Creams,chamunda circle,Borivali West,₹150 for two,Ice Cream|Desserts,4.6,5.7K+,20,1.2,True,True,ITEMS,AT ₹47,,35219,150.0,5700.0,item_price_point,0.0,0.0,,,47.0,1,2,0,2,Ice Cream,1,5.0106352940962555,8.648396877031582,150.0,0.055762081784386616
2026-09-19 21:12:19,Bengaluru,HSR Layout,12.9116,77.6446,28981,Baskin Robbins - Ice Cream Desserts,2nd Sector,HSR Layout,₹200 for two,Desserts,4.6,5.0K+,25,1.0,True,True,ITEMS,AT ₹15,,5588,200.0,5000.0,item_price_point,0.0,0.0,,,15.0,1,59,1,1,Desserts,1,5.298317366548036,8.517393171418904,200.0,0.08498023715415019
2026-09-19 21:12:19,Chennai,Porur,13.0359,80.1567,29011,KFC,Porur,Porur,₹400 for two,Burgers|Fast Food|Rolls & Wraps,4.1,31K+,24,2.3,True,False,50% OFF,,FLAT DEAL,547,400.0,31000.0,percent,50.0,0.0,,,,1,58,1,3,Burgers,1,5.991464547107982,10.34177474101152,400.0,0.7396694214876033
2026-09-19 21:12:19,Kolkata,Howrah,22.5958,88.2636,29012,Keventers - Milkshakes & Waffles,Avani Mall,Avani Mall,₹200 for two,Beverages|Ice Cream|Desserts|Healthy Food,4.4,4.9K+,75,9.6,True,True,50% OFF,,FLAT DEAL,765399,200.0,4900.0,percent,50.0,0.0,,,,1,1,0,4,Beverages,1,5.298317366548036,8.497194544909547,200.0,0.19162995594713655
2026-09-19 21:12:19,Mumbai,Vashi,19.0771,72.9986,29212,Domino's Pizza,Sector - 17,Vashi,₹400 for two,Pizzas|Italian|Pastas|Desserts,4.3,20K+,25,0.9,True,False,ITEMS,AT ₹39,,2456,400.0,20000.0,item_price_point,0.0,0.0,,,39.0,1,51,1,4,Pizzas,1,5.991464547107982,9.90353755128617,400.0,0.7193308550185874
2026-09-19 21:12:19,Hyderabad,Dilsukhnagar,17.3687,78.5247,29287,KS Bakers,L B Nagar,L B Nagar,₹250 for two,Bakery|Pizzas|Desserts|Snacks|Fast Food,4.1,80K+,38,5.8,True,False,₹150 OFF,ABOVE ₹449,FLAT DEAL,574,250.0,80000.0,flat,0.0,150.0,,449.0,,1,6,1,5,Bakery,1,5.521460917862246,11.289794413577894,250.0,0.25757575757575757
2026-09-19 21:12:19,Bengaluru,HSR Layout,12.9116,77.6446,29349,"Frozen Bottle - Milkshakes, Desserts And Ice Cream",HSR Layout,HSR Layout,₹250 for two,Beverages|Ice Cream|Desserts,4.2,17K+,27,0.7,True,True,ITEMS,AT ₹49,,5655,250.0,17000.0,item_price_point,0.0,0.0,,,49.0,1,12,1,3,Beverages,1,5.521460917862246,9.741027444837728,250.0,0.25296442687747034
2026-09-19 21:12:19,Kolkata,Park Street,22.553,88.352,29706,Chowman,Ho Chi Minh Sarani,Ho Chi Minh Sarani,₹700 for two,Chinese|Asian|Thai|Oriental|Burmese|Tibetan,4.5,31K+,35,1.7,True,False,70% OFF,UPTO ₹130,,266,700.0,31000.0,percent,70.0,0.0,130.0,,,1,6,1,6,Chinese,1,6.551080335043404,10.34177474101152,700.0,0.9691629955947136
2026-09-19 21:12:19,Bengaluru,BTM Layout,12.9166,77.6101,29783,CakeZone Patisserie,BTM Layout,BTM Layout 2nd Stage,₹200 for two,Bakery|Desserts|Sweets|Ice Cream,4.3,50K+,31,1.1,True,False,70% OFF,UPTO ₹140,,7003,200.0,50000.0,percent,70.0,0.0,140.0,,,1,11,1,4,Bakery,1,5.298317366548036,10.819798284210286,200.0,0.08498023715415019
2026-09-19 21:12:19,Bengaluru,Indiranagar,12.9784,77.6408,29784,CakeZone Patisserie,Magrath Road,Indiranagar,₹200 for two,Bakery|Desserts|Sweets|Ice Cream,4.5,39K+,35,0.6,True,False,70% OFF,UPTO ₹140,,7003,200.0,39000.0,percent,70.0,0.0,140.0,,,1,11,1,4,Bakery,1,5.298317366548036,10.571342565808699,200.0,0.08498023715415019
2026-09-19 21:12:19,Bengaluru,HSR Layout,12.9116,77.6446,29954,Beijing Bites,1st Sector,HSR Layout,₹450 for two,Chinese,4.2,33K+,30,0.9,True,False,70% OFF,UPTO ₹140,,103,450.0,33000.0,percent,70.0,0.0,140.0,,,1,5,1,1,Chinese,1,6.1092475827643655,10.404293143019792,450.0,0.8873517786561265
2026-09-19 21:12:19,Bengaluru,Marathahalli,12.9591,77.6974,29972,Domino's Pizza,marathalli,Marathahalli Outer Ring Road,₹400 for two,Pizzas|Italian|Pastas|Desserts,4.2,23K+,20,1.4,True,False,ITEMS,AT ₹59,,2456,400.0,23000.0,item_price_point,0.0,0.0,,,59.0,1,51,1,4,Pizzas,1,5.991464547107982,10.043292972227004,400.0,0.7628458498023716
2026-09-19 21:12:19,Kolkata,Behala,22.4989,88.318,30155,Baskin Robbins - Ice Cream Desserts,Opp. complex of MP Birla school,Behala,₹400 for two,Desserts|Ice Cream,4.7,12K+,17,1.2,True,True,ITEMS,AT ₹15,,5588,400.0,12000.0,item_price_point,0.0,0.0,,,15.0,1,59,1,2,Desserts,1,5.991464547107982,9.392745258631441,400.0,0.6938325991189427
2026-09-19 21:12:19,Kolkata,Ballygunge,22.529,88.365,30170,Hindusthan Sweets,Besides 8B bus stop,Jadavpur,₹200 for two,Sweets|Desserts|Snacks|Bakery,4.4,30K+,44,4.1,True,True,ITEMS,AT ₹79,,3371,200.0,30000.0,item_price_point,0.0,0.0,,,79.0,4,1,0,4,Sweets,1,5.298317366548036,10.308985993422082,200.0,0.19162995594713655
2026-09-19 21:12:19,Mumbai,Bandra West,19.0596,72.8295,30243,McDonald's,Bandra West,Bandra West,₹400 for two,Burgers|Beverages|Cafe|Desserts,4.3,22K+,22,0.7,True,False,ITEMS,AT ₹64,,630,400.0,22000.0,item_price_point,0.0,0.0,,,64.0,1,55,1,4,Burgers,1,5.991464547107982,9.99884318585288,400.0,0.7193308550185874
2026-09-19 21:12:19,Hyderabad,Madhapur,17.4483,78.3915,30257,CakeZone Patisserie,Ayyappa Society,100 Feet Road,₹200 for two,Bakery|Desserts|Sweets|Ice Cream,4.2,33K+,29,0.6,True,False,70% OFF,UPTO ₹140,,7003,200.0,33000.0,percent,70.0,0.0,140.0,,,1,11,1,4,Bakery,1,5.298317366548036,10.404293143019792,200.0,0.09523809523809523
2026-09-19 21:12:19,Mumbai,Vashi,19.0771,72.9986,30890,Natural Ice Cream,VASHI SEC 29,Vashi,₹150 for two,Ice Cream|Desserts,4.7,17K+,13,1.4,True,True,₹550 OFF,ABOVE ₹2499,FLAT DEAL,2093,150.0,17000.0,flat,0.0,550.0,,2499.0,,1,22,1,2,Ice Cream,1,5.0106352940962555,9.741027444837728,150.0,0.055762081784386616
2026-09-19 21:12:19,Mumbai,Bandra West,19.0596,72.8295,30891,Natural Ice Cream,Bandra West,Bandra West,₹150 for two,Ice Cream|Desserts,4.7,14K+,15,0.8,True,True,20% OFF,UPTO ₹50,,2093,150.0,14000.0,percent,20.0,0.0,50.0,,,1,22,1,2,Ice Cream,1,5.0106352940962555,9.546884034617925,150.0,0.055762081784386616
2026-09-19 21:12:19,Mumbai,Dadar,19.0178,72.8478,30895,Natural Ice Cream,Parel TT,Parel,₹150 for two,Ice Cream|Desserts,4.6,12K+,21,1.5,True,True,₹550 OFF,ABOVE ₹2499,FLAT DEAL,2093,150.0,12000.0,flat,0.0,550.0,,2499.0,,1,22,1,2,Ice Cream,1,5.0106352940962555,9.392745258631441,150.0,0.055762081784386616
2026-09-19 21:12:19,Mumbai,Andheri West,19.1364,72.8296,30898,Natural Ice Cream,Andheri Lokhandwala,Andheri West,₹150 for two,Ice Cream|Desserts,4.7,12K+,20,1.0,True,False,20% OFF,UPTO ₹50,,2093,150.0,12000.0,percent,20.0,0.0,50.0,,,1,22,1,2,Ice Cream,1,5.0106352940962555,9.392745258631441,150.0,0.055762081784386616
2026-09-19 21:12:19,Mumbai,Malad West,19.1868,72.8484,30899,Natural Ice Cream,Malad West,Malad West,₹150 for two,Ice Cream|Desserts,4.6,5.8K+,24,1.1,True,True,₹550 OFF,ABOVE ₹2499,FLAT DEAL,2093,150.0,5800.0,flat,0.0,550.0,,2499.0,,1,22,1,2,Ice Cream,1,5.0106352940962555,8.665785595466064,150.0,0.055762081784386616
2026-09-19 21:12:19,Mumbai,Powai,19.1176,72.906,30908,Natural Ice Cream,Powai,Powai,₹150 for two,Ice Cream|Desserts,4.7,21K+,13,0.5,True,True,20% OFF,UPTO ₹50,,2093,150.0,21000.0,percent,20.0,0.0,50.0,,,1,22,1,2,Ice Cream,1,5.0106352940962555,9.952325334619427,150.0,0.055762081784386616
2026-09-19 21:12:19,Pune,Kharadi,18.5515,73.947,31373,Pizza Hut,Kharadi,Kharadi,₹350 for two,Pizzas,3.9,11K+,19,0.7,True,False,70% OFF,UPTO ₹140,,721,350.0,11000.0,percent,70.0,0.0,140.0,,,1,46,1,1,Pizzas,1,5.857933154483459,9.305741456739435,350.0,0.549792531120332
2026-09-19 21:12:19,Mumbai,Bandra West,19.0596,72.8295,31774,Subway,Bandra West,Bandra West,₹350 for two,sandwich|Salads|wrap|Healthy Food,4.3,30K+,20,0.7,True,False,ITEMS,AT ₹69,,2,350.0,30000.0,item_price_point,0.0,0.0,,,69.0,1,51,1,4,sandwich,1,5.857933154483459,10.308985993422082,350.0,0.5353159851301115
2026-09-19 21:12:19,Mumbai,Andheri West,19.1364,72.8296,31784,Subway,Inside Kokila Ben Dhirubhai Ambani Hospital,Andheri West,₹350 for two,sandwich|Salads|wrap|Healthy Food,4.0,7.4K+,33,1.1,True,False,ITEMS,AT ₹69,,2,350.0,7400.0,item_price_point,0.0,0.0,,,69.0,1,51,1,4,sandwich,1,5.857933154483459,8.909370405197466,350.0,0.5353159851301115
2026-09-19 21:12:19,Chennai,Perambur,13.1143,80.233,31822,A2B - Adyar Ananda Bhavan,Perambur,Perambur,₹300 for two,South Indian|Sweets|Chinese,4.4,78K+,28,1.7,True,True,ITEMS,AT ₹49,,22,300.0,78000.0,item_price_point,0.0,0.0,,,49.0,1,11,1,3,South Indian,1,5.703782474656201,11.264476926102367,300.0,0.4049586776859504
2026-09-19 21:12:19,Mumbai,Powai,19.1176,72.906,31860,Subway,"Hiranandani Business Park, Powai",Powai,₹350 for two,sandwich|Salads|wrap|Healthy Food,4.5,31K+,12,0.6,True,False,,,,2,350.0,31000.0,none,0.0,0.0,,,,1,51,1,4,sandwich,0,5.857933154483459,10.34177474101152,350.0,0.5353159851301115
2026-09-19 21:12:19,Mumbai,Thane West,19.2183,72.9781,31981,Natural Ice Cream,Next to Cinemax,Thane West,₹150 for two,Ice Cream|Desserts,4.7,17K+,30,3.0,True,True,20% OFF,UPTO ₹50,,2093,150.0,17000.0,percent,20.0,0.0,50.0,,,1,22,1,2,Ice Cream,1,5.0106352940962555,9.741027444837728,150.0,0.055762081784386616
2026-09-19 21:12:19,Delhi,Karol Bagh,28.6519,77.1909,32127,Burger King,Karol Bagh,Karol Bagh,₹350 for two,Burgers|American,4.3,68K+,10,0.5,True,False,ITEMS,AT ₹39,,166,350.0,68000.0,item_price_point,0.0,0.0,,,39.0,1,44,1,2,Burgers,1,5.857933154483459,11.127277689932466,350.0,0.5381165919282511
2026-09-19 21:12:19,Pune,Camp,18.5158,73.8785,32449,Natural Ice Cream,Nehru Memorial Hall,Vivekanand Park,₹150 for two,Ice Cream|Desserts,4.7,5.5K+,15,1.3,True,True,20% OFF,UPTO ₹50,,2093,150.0,5500.0,percent,20.0,0.0,50.0,,,1,22,1,2,Ice Cream,1,5.0106352940962555,8.612685172875459,150.0,0.03941908713692946
2026-09-19 21:12:19,Pune,Hadapsar,18.5089,73.926,32452,Natural Ice Cream,Magarpatta Road,Hadapsar,₹150 for two,Ice Cream|Desserts,4.6,9.9K+,16,2.3,True,True,20% OFF,UPTO ₹50,,2093,150.0,9900.0,percent,20.0,0.0,50.0,,,1,22,1,2,Ice Cream,1,5.0106352940962555,9.200391041122515,150.0,0.03941908713692946
2026-09-19 21:12:19,Bengaluru,Marathahalli,12.9591,77.6974,32778,Subway,Divyashree Technopolis,Yemalur,₹350 for two,sandwich|Salads|wrap|Healthy Food,4.0,9.8K+,29,1.9,True,False,ITEMS,AT ₹69,,2,350.0,9800.0,item_price_point,0.0,0.0,,,69.0,1,51,1,4,sandwich,1,5.857933154483459,9.19023970026918,350.0,0.6106719367588933
2026-09-19 21:12:19,Delhi,Rohini,28.7495,77.0565,32925,Burger King,Rohini,Rohini,₹350 for two,Burgers|American,4.3,21K+,41,7.0,True,False,ITEMS,AT ₹39,,166,350.0,21000.0,item_price_point,0.0,0.0,,,39.0,1,44,1,2,Burgers,1,5.857933154483459,9.952325334619427,350.0,0.5381165919282511
2026-09-19 21:12:19,Kolkata,Behala,22.4989,88.318,33028,Hatari - A Unit of Gariahat Hatari,Behala,Behala,₹500 for two,Chinese|Pan-Asian,4.6,22K+,30,1.0,True,False,50% OFF,,FLAT DEAL,680736,500.0,22000.0,percent,50.0,0.0,,,,1,1,0,2,Chinese,1,6.214608098422191,9.99884318585288,500.0,0.8744493392070485
2026-09-19 21:12:19,Hyderabad,Gachibowli,17.4401,78.3489,33040,Shah Ghouse Hotel & Restaurant,Gachibowli,Gachibowli,₹350 for two,Biryani|Chinese|Mughlai|Tandoor,4.2,235K+,33,3.9,True,False,₹50 OFF,ABOVE ₹249,FLAT DEAL,19271,350.0,235000.0,flat,0.0,50.0,,249.0,,1,2,0,4,Biryani,1,5.857933154483459,12.367345048436391,350.0,0.6060606060606061
2026-09-19 21:12:19,Hyderabad,Banjara Hills,17.4126,78.4392,33236,Spice 6-The Arab Villagio,Banjara Hills,Banjara Hills,₹900 for two,Arabian|Indian|Tandoor|Chinese|Desserts,4.3,23K+,31,0.8,True,False,20% OFF,UPTO ₹50,,19225,900.0,23000.0,percent,20.0,0.0,50.0,,,1,1,0,5,Arabian,1,6.802394763324311,10.043292972227004,900.0,0.9848484848484849
2026-09-19 21:12:19,Kolkata,Ballygunge,22.529,88.365,33449,Mio Amore - The Cake Shop,Sangam Nagar,Entally,₹250 for two,Bakery|Desserts|Snacks|Confectionery,4.6,13K+,34,3.0,True,False,,,,292958,250.0,13000.0,none,0.0,0.0,,,,1,7,1,4,Bakery,0,5.521460917862246,9.472781556562168,250.0,0.2841409691629956
2026-09-19 21:12:19,Pune,Camp,18.5158,73.8785,33722,KFC,Camp,Camp,₹400 for two,Burgers|Fast Food|Rolls & Wraps,3.8,8.1K+,20,0.7,True,False,50% OFF,,FLAT DEAL,547,400.0,8100.0,percent,50.0,0.0,,,,1,58,1,3,Burgers,1,5.991464547107982,8.999742789830492,400.0,0.7365145228215768
2026-09-19 21:12:19,Hyderabad,Dilsukhnagar,17.3687,78.5247,33998,G.Pulla Reddy - Pure Ghee Sweets,Dilsukhnagar,Dilsukhnagar,₹300 for two,Sweets|Snacks|Bakery,4.6,18K+,22,1.3,True,True,,,,606921,300.0,18000.0,none,0.0,0.0,,,,1,2,0,3,Sweets,0,5.703782474656201,9.798182590890704,300.0,0.48484848484848486
2026-09-19 21:12:19,Chennai,Anna Nagar,13.085,80.2101,34539,Sangeetha Veg Restaurant,Koyembedu,Koyambedu,₹600 for two,South Indian|Chinese,4.6,67K+,31,3.0,True,True,ITEMS,AT ₹69,,1260,600.0,67000.0,item_price_point,0.0,0.0,,,69.0,1,8,1,2,South Indian,1,6.396929655216146,11.112462823634855,600.0,0.9586776859504132
2026-09-19 21:12:19,Hyderabad,Kondapur,17.4615,78.3639,34633,Srikanya,Kothaguda,Kondapur,₹400 for two,Biryani|Andhra|South Indian,4.2,119K+,25,0.9,True,False,ITEMS,AT ₹75,,7317,400.0,119000.0,item_price_point,0.0,0.0,,,75.0,1,2,0,3,Biryani,1,5.991464547107982,11.686887175419702,400.0,0.696969696969697
2026-09-19 21:12:19,Chennai,Velachery,12.9756,80.2207,34889,Pizza Hut,Velachery,Velachery,₹400 for two,Pizzas,4.1,27K+,23,1.5,True,False,50% OFF,,FLAT DEAL,721,400.0,27000.0,percent,50.0,0.0,,,,1,46,1,1,Pizzas,1,5.991464547107982,10.203629181337648,400.0,0.7396694214876033
2026-09-19 21:12:19,Chennai,Velachery,12.9756,80.2207,35172,Zaitoon,Velachery,Velachery,₹500 for two,Biryani|Juices|Chinese|Arabian|Mughlai,4.3,152K+,27,0.3,True,False,₹200 OFF,ABOVE ₹599,FLAT DEAL,4555,500.0,152000.0,flat,0.0,200.0,,599.0,,1,3,1,5,Biryani,1,6.214608098422191,11.931642378754141,500.0,0.9070247933884298
2026-09-19 21:12:19,Delhi,Vasant Kunj,28.52,77.1591,35269,Biryani By Kilo,Pipal Chowk,Vasant Kunj,₹700 for two,Biryani|Hyderabadi|North Indian|Kebabs|Mughlai|Desserts,4.3,9.7K+,38,1.4,True,False,ITEMS,AT ₹149,,130,700.0,9700.0,item_price_point,0.0,0.0,,,149.0,1,11,1,6,Biryani,1,6.551080335043404,9.179984251961283,700.0,0.9820627802690582
2026-09-19 21:12:19,Delhi,Lajpat Nagar,28.5677,77.2433,35273,Biryani By Kilo,Siri Fort,Shahpur Jat,₹700 for two,Biryani|Hyderabadi|North Indian|Kebabs|Mughlai|Desserts,4.3,15K+,41,5.0,True,False,ITEMS,AT ₹149,,130,700.0,15000.0,item_price_point,0.0,0.0,,,149.0,2,11,1,6,Biryani,1,6.551080335043404,9.61587214452889,700.0,0.9820627802690582
2026-09-19 21:12:19,Delhi,Dwarka,28.5921,77.046,35278,Biryani By Kilo,Dwarka,Dwarka,₹700 for two,Biryani|Hyderabadi|North Indian|Kebabs|Mughlai|Desserts,4.1,15K+,29,1.9,True,False,ITEMS,AT ₹149,,130,700.0,15000.0,item_price_point,0.0,0.0,,,149.0,1,11,1,6,Biryani,1,6.551080335043404,9.61587214452889,700.0,0.9820627802690582
2026-09-19 21:12:19,Hyderabad,Gachibowli,17.4401,78.3489,35537,Sweet Truth - Cake and Desserts,Gachibowli Village,Gachibowli,₹450 for two,Desserts|Ice Cream|Bakery|Beverages,4.2,2.3K+,26,1.8,True,False,ITEMS,AT ₹69,,4444,450.0,2300.0,item_price_point,0.0,0.0,,,69.0,1,32,1,4,Desserts,1,6.1092475827643655,7.741099090035366,450.0,0.7835497835497836
2026-09-19 21:12:19,Hyderabad,Kukatpally,17.4849,78.4138,35538,Sweet Truth - Cake and Desserts,Jayanagar Colony Kaman,Venkat Nagar Colony,₹450 for two,Desserts|Ice Cream|Bakery|Beverages,4.2,1.9K+,30,2.3,True,False,ITEMS,AT ₹79,,4444,450.0,1900.0,item_price_point,0.0,0.0,,,79.0,1,32,1,4,Desserts,1,6.1092475827643655,7.550135342488429,450.0,0.7835497835497836
2026-09-19 21:12:19,Hyderabad,Miyapur,17.4968,78.3577,35539,Sweet Truth - Cake and Desserts,Madinaguda,Hafeezpet,₹450 for two,Desserts|Ice Cream|Bakery|Beverages,4.2,2.6K+,29,1.7,True,False,ITEMS,AT ₹69,,4444,450.0,2600.0,item_price_point,0.0,0.0,,,69.0,1,32,1,4,Desserts,1,6.1092475827643655,7.8636512654486515,450.0,0.7835497835497836
2026-09-19 21:12:19,Hyderabad,Ameerpet,17.4374,78.4487,35540,Sweet Truth - Cake and Desserts,S R Nagar,Sanath Nagar,₹450 for two,Desserts|Ice Cream|Bakery|Beverages,4.2,2.4K+,32,2.7,True,False,ITEMS,AT ₹69,,4444,450.0,2400.0,item_price_point,0.0,0.0,,,69.0,1,32,1,4,Desserts,1,6.1092475827643655,7.783640596221253,450.0,0.7835497835497836
2026-09-19 21:12:19,Hyderabad,Kondapur,17.4615,78.3639,35541,Sweet Truth - Cake and Desserts,Hanuman Nagar,Shilpa Hills,₹450 for two,Desserts|Ice Cream|Bakery|Beverages,3.8,3.0K+,23,1.1,True,False,70% OFF,UPTO ₹140,,4444,450.0,3000.0,percent,70.0,0.0,140.0,,,1,32,1,4,Desserts,1,6.1092475827643655,8.006700845440367,450.0,0.7835497835497836
2026-09-19 21:12:19,Hyderabad,Banjara Hills,17.4126,78.4392,35543,Sweet Truth - Cake and Desserts,Gachibowli,Gachibowli,₹450 for two,Desserts|Ice Cream|Bakery|Beverages,4.2,1.7K+,36,3.0,True,True,ITEMS,AT ₹69,,4444,450.0,1700.0,item_price_point,0.0,0.0,,,69.0,1,32,1,4,Desserts,1,6.1092475827643655,7.438971592395862,450.0,0.7835497835497836
2026-09-19 21:12:19,Chennai,Adyar,13.0012,80.2565,35714,Sweet Truth - Cake and Desserts,Besant Nagar,Adyar,₹450 for two,Desserts|Ice Cream|Bakery|Beverages,4.1,2.9K+,11,0.6,True,False,ITEMS,AT ₹79,,4444,450.0,2900.0,item_price_point,0.0,0.0,,,79.0,1,32,1,4,Desserts,1,6.1092475827643655,7.972810784121404,450.0,0.8615702479338843
2026-09-19 21:12:19,Chennai,Porur,13.0359,80.1567,35720,Sweet Truth - Cake and Desserts,Mahalakhsmi Nagar,Porur,₹450 for two,Desserts|Ice Cream|Bakery|Beverages,4.1,5.3K+,11,0.3,True,False,ITEMS,AT ₹79,,4444,450.0,5300.0,item_price_point,0.0,0.0,,,79.0,1,32,1,4,Desserts,1,6.1092475827643655,8.575650760987806,450.0,0.8615702479338843
2026-09-19 21:12:19,Pune,Viman Nagar,18.5679,73.9143,35788,The Belgian Waffle Co.,Viman Nagar,Viman Nagar,₹200 for two,Waffle|Desserts|Ice Cream,4.5,13K+,16,0.9,True,True,30% OFF,UPTO ₹60,,2233,200.0,13000.0,percent,30.0,0.0,60.0,,,1,47,1,3,Waffle,1,5.298317366548036,9.472781556562168,200.0,0.12863070539419086
2026-09-19 21:12:19,Pune,Baner,18.559,73.7868,35790,The Belgian Waffle Co.,Bibwewadi,Balewadi,₹200 for two,Waffle|Desserts|Ice Cream|Beverages,4.6,10K+,18,2.3,True,True,,,,2233,200.0,10000.0,none,0.0,0.0,,,,1,47,1,4,Waffle,0,5.298317366548036,9.210440366976517,200.0,0.12863070539419086
2026-09-19 21:12:19,Delhi,Saket,28.5245,77.2066,35834,Sweet Truth - Cake and Desserts,Old Market Malviya Nagar,Malviya Nagar,₹450 for two,Desserts|Ice Cream|Bakery|Beverages,4.1,2.6K+,33,2.2,True,False,ITEMS,AT ₹79,,4444,450.0,2600.0,item_price_point,0.0,0.0,,,79.0,1,32,1,4,Desserts,1,6.1092475827643655,7.8636512654486515,450.0,0.9013452914798207
2026-09-19 21:12:19,Bengaluru,Whitefield,12.9698,77.75,35843,Sweet Truth - Cake and Desserts,HAGDUR  ROAD,Whitefield,₹450 for two,Desserts|Ice Cream|Bakery|Beverages,4.0,1.8K+,33,1.1,True,False,ITEMS,AT ₹69,,4444,450.0,1800.0,item_price_point,0.0,0.0,,,69.0,1,32,1,4,Desserts,1,6.1092475827643655,7.496097345175956,450.0,0.8873517786561265
2026-09-19 21:12:19,Bengaluru,Indiranagar,12.9784,77.6408,35849,Sweet Truth - Cake and Desserts,Hoysala Nagar,Indiranagar,₹450 for two,Desserts|Ice Cream|Bakery|Beverages,4.4,1.6K+,29,0.3,True,False,70% OFF,UPTO ₹140,,4444,450.0,1600.0,percent,70.0,0.0,140.0,,,1,32,1,4,Desserts,1,6.1092475827643655,7.3783837129967145,450.0,0.8873517786561265
2026-09-19 21:12:19,Bengaluru,Malleshwaram,13.0035,77.5647,35851,Sweet Truth - Cake and Desserts,14th Main Road,Subramanya Nagar,₹450 for two,Desserts|Ice Cream|Bakery|Beverages,4.4,1.4K+,36,2.7,True,False,ITEMS,AT ₹69,,4444,450.0,1400.0,item_price_point,0.0,0.0,,,69.0,1,32,1,4,Desserts,1,6.1092475827643655,7.244941546337007,450.0,0.8873517786561265
2026-09-19 21:12:19,Bengaluru,BTM Layout,12.9166,77.6101,35856,Sweet Truth - Cake and Desserts,NGK Complex,BTM 1st Stage,₹450 for two,Desserts|Ice Cream|Bakery|Beverages,4.0,1.7K+,25,0.6,True,False,ITEMS,AT ₹69,,4444,450.0,1700.0,item_price_point,0.0,0.0,,,69.0,1,32,1,4,Desserts,1,6.1092475827643655,7.438971592395862,450.0,0.8873517786561265
2026-09-19 21:12:19,Bengaluru,Electronic City,12.8452,77.6602,35862,Sweet Truth - Cake and Desserts,Huskur Gate,Electronic City Phase 1,₹450 for two,Desserts|Ice Cream|Bakery|Beverages,4.3,2.3K+,34,2.6,True,False,70% OFF,UPTO ₹140,,4444,450.0,2300.0,percent,70.0,0.0,140.0,,,1,32,1,4,Desserts,1,6.1092475827643655,7.741099090035366,450.0,0.8873517786561265
2026-09-19 21:12:19,Pune,Hadapsar,18.5089,73.926,35871,Sweet Truth - Cake and Desserts,Hadapsar,Magarpatta,₹450 for two,Desserts|Ice Cream|Bakery|Beverages,4.2,3.0K+,21,3.5,True,False,ITEMS,AT ₹69,,4444,450.0,3000.0,item_price_point,0.0,0.0,,,69.0,1,32,1,4,Desserts,1,6.1092475827643655,8.006700845440367,450.0,0.8692946058091287
2026-09-19 21:12:19,Bengaluru,HSR Layout,12.9116,77.6446,36001,California Burrito,HSR Layout,HSR Layout,₹250 for two,Mexican|American|Salads|Continental|Keto|Healthy Food|Beverages|Snacks|Desserts|Fast Food,4.5,44K+,30,1.0,True,False,,,,1252,250.0,44000.0,none,0.0,0.0,,,,1,15,1,10,Mexican,0,5.521460917862246,10.691967639914864,250.0,0.25296442687747034
2026-09-19 21:12:19,Pune,Wakad,18.5985,73.7625,36014,Subway,KAILASH HOTEL,Tathawade,₹350 for two,sandwich|Salads|wrap|Healthy Food,4.1,12K+,28,4.4,True,False,ITEMS,AT ₹69,,2,350.0,12000.0,item_price_point,0.0,0.0,,,69.0,1,51,1,4,sandwich,1,5.857933154483459,9.392745258631441,350.0,0.549792531120332
2026-09-19 21:12:19,Pune,Kharadi,18.5515,73.947,36172,Shiv Sagar,Clover Park,Viman Nagar,₹300 for two,North Indian|South Indian|Snacks|Pizzas|Fast Food|Beverages|Chinese,4.3,45K+,40,6.0,True,True,70% OFF,UPTO ₹140,,845,300.0,45000.0,percent,70.0,0.0,140.0,,,3,1,0,7,North Indian,1,5.703782474656201,10.714439990727769,300.0,0.42323651452282157
2026-09-19 21:12:19,Pune,Kothrud,18.5074,73.8077,36195,Barometer,Kothrud,Kothrud,₹1100 for two,Indian|Chinese|Continental|American|pan asian|Italian|Beverages,4.6,16K+,33,2.9,True,False,,,,42013,1100.0,16000.0,none,0.0,0.0,,,,1,1,0,7,Indian,0,7.003065458786462,9.680406499268875,900.0,0.9979253112033195
2026-09-19 21:12:19,Pune,Wakad,18.5985,73.7625,36363,Sweet Truth - Cake and Desserts,Choudhary Park,Wakad,₹450 for two,Desserts|Ice Cream|Bakery|Beverages,4.0,2.5K+,12,1.2,True,False,ITEMS,AT ₹79,,4444,450.0,2500.0,item_price_point,0.0,0.0,,,79.0,1,32,1,4,Desserts,1,6.1092475827643655,7.824445930877619,450.0,0.8692946058091287
2026-09-19 21:12:19,Bengaluru,BTM Layout,12.9166,77.6101,36451,Ambara Gardenia,Bannerghatta Road,BTM Layout,₹300 for two,Andhra|Coastal|Indian|Chinese|Tandoor|Biryani|Chettinad|Mangalorean|Seafood|Thalis,4.0,13K+,36,3.0,True,False,ITEMS,AT ₹149,,21560,300.0,13000.0,item_price_point,0.0,0.0,,,149.0,1,1,0,10,Andhra,1,5.703782474656201,9.472781556562168,300.0,0.4782608695652174
2026-09-19 21:12:19,Mumbai,Andheri West,19.1364,72.8296,37058,Chinese Wok,Andheri Lokhandwala,Andheri West,₹250 for two,Chinese|Asian|Tibetan|Desserts,4.1,10K+,27,1.1,True,False,70% OFF,UPTO ₹140,,61955,250.0,10000.0,percent,70.0,0.0,140.0,,,1,22,1,4,Chinese,1,5.521460917862246,9.210440366976517,250.0,0.2695167286245353
2026-09-19 21:12:19,Mumbai,Borivali,19.2307,72.8567,37098,Surbhi Sweets And Snacks,Borivali East,Dahisar East,₹200 for two,Sweets|Chaat|Snacks|Desserts|Beverages|Indian,4.2,30K+,32,3.0,True,True,70% OFF,UPTO ₹140,,392181,200.0,30000.0,percent,70.0,0.0,140.0,,,1,1,0,6,Sweets,1,5.298317366548036,10.308985993422082,200.0,0.13382899628252787
2026-09-19 21:12:19,Pune,Aundh,18.559,73.8077,37172,Upsouth,Aundh,Aundh,₹250 for two,South Indian,4.2,9.0K+,20,1.1,True,True,ITEMS,AT ₹129,,22184,250.0,9000.0,item_price_point,0.0,0.0,,,129.0,1,2,0,1,South Indian,1,5.521460917862246,9.105090961257085,250.0,0.2821576763485477
2026-09-19 21:12:19,Chennai,Anna Nagar,13.085,80.2101,37630,Shree Mithai,Anna Nagar,Anna Nagar,₹250 for two,Desserts|Chaat|Street Food|Sweets,4.6,111K+,26,0.4,True,True,ITEMS,AT ₹29,,6988,250.0,111000.0,item_price_point,0.0,0.0,,,29.0,1,2,0,4,Desserts,1,5.521460917862246,11.6172944892629,250.0,0.24380165289256198
2026-09-19 21:12:19,Chennai,Tambaram,12.9249,80.1,37642,Sangeetha Veg Restaurant,GST Road,New Perungalathur,₹200 for two,Chinese|Indian|South Indian,4.5,42K+,28,6.5,True,True,ITEMS,AT ₹69,,1260,200.0,42000.0,item_price_point,0.0,0.0,,,69.0,1,8,1,3,Chinese,1,5.298317366548036,10.645448706505872,200.0,0.10950413223140495
2026-09-19 21:12:19,Delhi,Lajpat Nagar,28.5677,77.2433,37696,Biryani Blues,K Block,Lajpat Nagar,₹400 for two,Biryani|Hyderabadi|Lucknowi|Kebabs|Desserts|Beverages,4.2,19K+,20,0.5,True,False,70% OFF,UPTO ₹140,,13813,400.0,19000.0,percent,70.0,0.0,140.0,,,1,6,1,6,Biryani,1,5.991464547107982,9.852246888342531,400.0,0.7511210762331838
2026-09-19 21:12:19,Bengaluru,BTM Layout,12.9166,77.6101,37744,Punjabi Swag,BTM Layout,BTM Layout,₹400 for two,North Indian|Punjabi|Fast Food|Tandoor|Biryani|Chinese|Mughlai|Desserts,4.1,19K+,28,0.7,True,False,FREE ITEM,,,13496,400.0,19000.0,other,0.0,0.0,,,,1,1,0,8,North Indian,1,5.991464547107982,9.852246888342531,400.0,0.7628458498023716
2026-09-19 21:12:19,Kolkata,Park Street,22.553,88.352,38179,Saima Restaurant,Esplanade,Shakespeare Sarani,₹300 for two,Mughlai|Snacks,4.3,14K+,28,1.7,True,False,₹125 OFF,ABOVE ₹349,FLAT DEAL,5566,300.0,14000.0,flat,0.0,125.0,,349.0,,1,2,0,2,Mughlai,1,5.703782474656201,9.546884034617925,300.0,0.42290748898678415
2026-09-19 21:12:19,Chennai,Velachery,12.9756,80.2207,38897,Domino's Pizza,Velachery,Velachery,₹400 for two,Pizzas|Italian|Pastas|Desserts,4.4,21K+,25,2.0,True,False,50% OFF,,FLAT DEAL,2456,400.0,21000.0,percent,50.0,0.0,,,,1,51,1,4,Pizzas,1,5.991464547107982,9.952325334619427,400.0,0.7396694214876033
2026-09-19 21:12:19,Kolkata,Behala,22.4989,88.318,38945,Domino's Pizza,Diamond Harbour Road,New Alipore,₹400 for two,Pizzas|Italian|Pastas|Desserts,4.5,29K+,25,1.4,True,False,50% OFF,,FLAT DEAL,2456,400.0,29000.0,percent,50.0,0.0,,,,1,51,1,4,Pizzas,1,5.991464547107982,10.275085591132715,400.0,0.6938325991189427
2026-09-19 21:12:19,Pune,Aundh,18.559,73.8077,39103,Dadu's Sweet Emporio,Baner,Baner,₹600 for two,Sweets|Healthy Food|Desserts|Bakery,4.5,18K+,21,2.0,True,False,,,,5789,600.0,18000.0,none,0.0,0.0,,,,1,1,0,4,Sweets,0,6.396929655216146,9.798182590890704,600.0,0.966804979253112
2026-09-19 21:12:19,Kolkata,Park Street,22.553,88.352,39236,KFC,Central,Park Street Area,₹450 for two,Burgers|Fast Food|Rolls & Wraps,4.3,16K+,27,0.6,True,False,50% OFF,,FLAT DEAL,547,450.0,16000.0,percent,50.0,0.0,,,,1,58,1,3,Burgers,1,6.1092475827643655,9.680406499268875,450.0,0.8039647577092511
2026-09-19 21:12:19,Kolkata,New Town,22.58,88.46,39244,KFC,Rajarhat Ext,Salt Lake,₹450 for two,Burgers|Fast Food|Rolls & Wraps,4.4,30K+,25,1.6,True,False,50% OFF,,FLAT DEAL,547,450.0,30000.0,percent,50.0,0.0,,,,1,58,1,3,Burgers,1,6.1092475827643655,10.308985993422082,450.0,0.8039647577092511
2026-09-19 21:12:19,Kolkata,Dumdum,22.642,88.422,39248,KFC,Jessore Road,Jessore Road,₹450 for two,Burgers|Fast Food|Rolls & Wraps,4.4,43K+,46,3.8,True,False,50% OFF,,FLAT DEAL,547,450.0,43000.0,percent,50.0,0.0,,,,1,58,1,3,Burgers,1,6.1092475827643655,10.668978650219241,450.0,0.8039647577092511
2026-09-19 21:12:19,Kolkata,Salt Lake,22.58,88.42,39268,KFC,Nicco Park,Bidhannagar,₹450 for two,Burgers|Fast Food|Rolls & Wraps,4.3,15K+,23,1.5,True,False,50% OFF,,FLAT DEAL,547,450.0,15000.0,percent,50.0,0.0,,,,1,58,1,3,Burgers,1,6.1092475827643655,9.61587214452889,450.0,0.8039647577092511
2026-09-19 21:12:19,Pune,Baner,18.559,73.7868,39629,Two Sticks,Baner,Baner,₹300 for two,Chinese|Thai|Oriental|Japanese|Seafood|Asian,4.2,10K+,26,1.4,True,False,,,,218743,300.0,10000.0,none,0.0,0.0,,,,1,1,0,6,Chinese,0,5.703782474656201,9.210440366976517,300.0,0.42323651452282157
2026-09-19 21:12:19,Mumbai,Powai,19.1176,72.906,39676,Pizza Hut,Powai,Powai,₹400 for two,Pastas,4.2,19K+,21,0.8,True,False,50% OFF,,FLAT DEAL,721,400.0,19000.0,percent,50.0,0.0,,,,1,46,1,1,Pastas,1,5.991464547107982,9.852246888342531,400.0,0.7193308550185874
2026-09-19 21:12:19,Chennai,Adyar,13.0012,80.2565,39754,Zaitoon,Adyar,Adyar,₹500 for two,Arabian|Mughlai|Biryani|Juices|Indian|Kebabs,4.4,123K+,21,0.9,True,False,₹200 OFF,ABOVE ₹599,FLAT DEAL,4555,500.0,123000.0,flat,0.0,200.0,,599.0,,1,3,1,6,Arabian,1,6.214608098422191,11.719947764402807,500.0,0.9070247933884298
2026-09-19 21:12:19,Kolkata,Shyambazar,22.599,88.37,39920,Tandoor-e-Punjab,Chowringhee,Chowringhee,₹350 for two,Tandoor|Mughlai|Snacks|Chinese,4.3,81K+,32,2.5,True,False,70% OFF,UPTO ₹140,,7345,350.0,81000.0,percent,70.0,0.0,140.0,,,2,1,0,4,Tandoor,1,5.857933154483459,11.302216779257382,350.0,0.5550660792951542
2026-09-19 21:12:19,Hyderabad,Dilsukhnagar,17.3687,78.5247,40377,Lucky Restaurant,Santosh Nagar,Santosh Nagar,₹300 for two,Biryani|Tandoor,4.1,248K+,37,5.0,True,False,70% OFF,UPTO ₹140,,535180,300.0,248000.0,percent,70.0,0.0,140.0,,,1,4,1,2,Biryani,1,5.703782474656201,12.421188057397055,300.0,0.48484848484848486
2026-09-19 21:12:19,Delhi,Connaught Place,28.6315,77.2167,40414,Bikanervala,Connaught Place,Connaught Place,₹300 for two,North Indian|Snacks|Chaat|Sweets,4.3,18K+,17,0.3,True,True,50% OFF,,FLAT DEAL,45936,300.0,18000.0,percent,50.0,0.0,,,,1,3,1,4,North Indian,1,5.703782474656201,9.798182590890704,300.0,0.3991031390134529
2026-09-19 21:12:19,Hyderabad,Dilsukhnagar,17.3687,78.5247,40998,Lucky Restaurant,Nagole,Nagole,₹300 for two,Biryani|Tandoor,4.1,332K+,34,5.0,True,False,70% OFF,UPTO ₹140,,535180,300.0,332000.0,percent,70.0,0.0,140.0,,,1,4,1,2,Biryani,1,5.703782474656201,12.712893259942282,300.0,0.48484848484848486
2026-09-19 21:12:19,Mumbai,Chembur,19.0522,72.9005,41243,Shreedevi Melange,Chembur,Chembur,₹600 for two,North Indian,4.2,3.1K+,26,1.1,True,False,10% OFF,,FLAT DEAL,185899,600.0,3100.0,percent,10.0,0.0,,,,1,1,0,1,North Indian,1,6.396929655216146,8.03947991910045,600.0,0.9405204460966543
2026-09-19 21:12:19,Mumbai,Lower Parel,18.996,72.8258,41476,Chinese Wok,Sitaram jadhav marg,Lower parel,₹250 for two,Chinese|Asian|Tibetan|Desserts,4.1,18K+,31,1.9,True,False,70% OFF,UPTO ₹140,,61955,250.0,18000.0,percent,70.0,0.0,140.0,,,1,22,1,4,Chinese,1,5.521460917862246,9.798182590890704,250.0,0.2695167286245353
2026-09-19 21:12:19,Kolkata,Garia,22.465,88.39,41610,Mio Amore - The Cake Shop,Beside Patuli Police Station,Patuli,₹150 for two,Bakery|Desserts|Snacks|Confectionery,4.6,22K+,20,1.0,True,False,,,,292958,150.0,22000.0,none,0.0,0.0,,,,1,7,1,4,Bakery,0,5.0106352940962555,9.99884318585288,150.0,0.10572687224669604
2026-09-19 21:12:19,Mumbai,Borivali,19.2307,72.8567,42429,Subway,Borivali West,Borivali West,₹350 for two,sandwich|Salads|wrap|Healthy Food,4.3,24K+,21,0.4,True,False,ITEMS,AT ₹69,,2,350.0,24000.0,item_price_point,0.0,0.0,,,69.0,1,51,1,4,sandwich,1,5.857933154483459,10.085850775128717,350.0,0.5353159851301115
2026-09-19 21:12:19,Kolkata,Tollygunge,22.495,88.345,42565,Mio Amore - The Cake Shop,Near DTDC ( New Alipore ),Alipore,₹150 for two,Bakery|Desserts|Snacks|Confectionery,4.6,33K+,28,2.5,True,False,,,,292958,150.0,33000.0,none,0.0,0.0,,,,1,7,1,4,Bakery,0,5.0106352940962555,10.404293143019792,150.0,0.10572687224669604
2026-09-19 21:12:19,Kolkata,Behala,22.4989,88.318,42825,Mio Amore - The Cake Shop,James Long Sarani,James Long,₹150 for two,Bakery|Desserts|Snacks|Confectionery,4.7,47K+,18,1.3,True,False,,,,292958,150.0,47000.0,none,0.0,0.0,,,,1,7,1,4,Bakery,0,5.0106352940962555,10.757924157061597,150.0,0.10572687224669604
2026-09-19 21:12:19,Kolkata,Salt Lake,22.58,88.42,43087,The Belgian Waffle Co.,Sector 1,Bidhannagar,₹200 for two,Waffle|Desserts|Ice Cream|Beverages,4.6,9.7K+,34,2.8,True,True,ITEMS,AT ₹72,,2233,200.0,9700.0,item_price_point,0.0,0.0,,,72.0,1,47,1,4,Waffle,1,5.298317366548036,9.179984251961283,200.0,0.19162995594713655
2026-09-19 21:12:19,Delhi,Lajpat Nagar,28.5677,77.2433,43175,Theobroma,Defence Colony,Defence Colony,₹400 for two,Bakery|Desserts,4.5,21K+,23,3.0,True,False,ITEMS,AT ₹36,,1040,400.0,21000.0,item_price_point,0.0,0.0,,,36.0,1,44,1,2,Bakery,1,5.991464547107982,9.952325334619427,400.0,0.7511210762331838
2026-09-19 21:12:19,Delhi,Pitampura,28.6942,77.1317,43182,Baskin Robbins - Ice Cream Desserts,Agarwal Fun City Metro Mall,Pitampura,₹300 for two,Ice Cream|Desserts|Beverages,4.5,2.0K+,18,1.0,True,True,ITEMS,AT ₹15,,5588,300.0,2000.0,item_price_point,0.0,0.0,,,15.0,1,59,1,3,Ice Cream,1,5.703782474656201,7.601402334583733,300.0,0.3991031390134529
2026-09-19 21:12:19,Delhi,Mayur Vihar,28.6092,77.2952,43365,Baskin Robbins - Ice Cream Desserts,2nd Phase,Mayur Vihar,₹250 for two,Ice Cream,4.6,3.7K+,23,3.0,True,True,ITEMS,AT ₹15,,5588,250.0,3700.0,item_price_point,0.0,0.0,,,15.0,1,59,1,1,Ice Cream,1,5.521460917862246,8.216358332386156,250.0,0.21973094170403587
2026-09-19 21:12:19,Hyderabad,Begumpet,17.4435,78.4645,44934,The Belgian Waffle Co.,Begumpet,Begumpet,₹200 for two,Desserts|Waffle|Coffee,4.6,13K+,28,1.8,True,True,50% OFF,,FLAT DEAL,2233,200.0,13000.0,percent,50.0,0.0,,,,1,47,1,3,Desserts,1,5.298317366548036,9.472781556562168,200.0,0.09523809523809523
2026-09-19 21:12:19,Kolkata,Ballygunge,22.529,88.365,45099,KFC,Hindustan Park,Gariahat,₹450 for two,Burgers|Fast Food|Rolls & Wraps,4.4,24K+,33,1.3,True,False,50% OFF,,FLAT DEAL,547,450.0,24000.0,percent,50.0,0.0,,,,1,58,1,3,Burgers,1,6.1092475827643655,10.085850775128717,450.0,0.8039647577092511
2026-09-19 21:12:19,Mumbai,Bandra West,19.0596,72.8295,45947,Baskin Robbins - Ice Cream Desserts,Carter Road,Khar West,₹250 for two,Desserts,4.6,4.7K+,21,1.9,True,True,ITEMS,AT ₹15,,5588,250.0,4700.0,item_price_point,0.0,0.0,,,15.0,1,59,1,1,Desserts,1,5.521460917862246,8.45553053102413,250.0,0.2695167286245353
2026-09-19 21:12:19,Kolkata,Shyambazar,22.599,88.37,45951,Mio Amore - The Cake Shop,Beside Central Metro Station Gate 5 ,Hatibagan,₹150 for two,Bakery|Desserts|Snacks|Confectionery,4.6,15K+,36,3.0,True,False,,,,292958,150.0,15000.0,none,0.0,0.0,,,,1,7,1,4,Bakery,0,5.0106352940962555,9.61587214452889,150.0,0.10572687224669604
2026-09-19 21:12:19,Pune,Baner,18.559,73.7868,46332,HealthyBee,Alacrity Commercial Complex,Baner,₹300 for two,Healthy Food|Salads|Punjabi|Snacks|Juices,4.3,12K+,24,1.7,True,False,25% OFF,,FLAT DEAL,6236,300.0,12000.0,percent,25.0,0.0,,,,1,2,0,5,Healthy Food,1,5.703782474656201,9.392745258631441,300.0,0.42323651452282157
2026-09-19 21:12:19,Delhi,Pitampura,28.6942,77.1317,46857,Bakingo,Singhal Pur,Ashok vihar,₹300 for two,Bakery|Desserts|Beverages|Snacks,4.5,14K+,25,3.9,True,False,ITEMS,AT ₹69,,3818,300.0,14000.0,item_price_point,0.0,0.0,,,69.0,1,39,1,4,Bakery,1,5.703782474656201,9.546884034617925,300.0,0.3991031390134529
2026-09-19 21:12:19,Hyderabad,Miyapur,17.4968,78.3577,46881,Pista House,Kukatpally,Kukatpally,₹500 for two,Biryani|Chinese|Kebabs|Mughlai|Tandoor|Desserts,4.2,309K+,36,3.7,True,False,70% OFF,UPTO ₹140,,1732,500.0,309000.0,percent,70.0,0.0,140.0,,,1,1,0,6,Biryani,1,6.214608098422191,12.6410997921206,500.0,0.8528138528138528
2026-09-19 21:12:19,Hyderabad,Madhapur,17.4483,78.3915,47521,Baskin Robbins - Ice Cream Desserts,Inorbit Mall,Madhapur,₹200 for two,Desserts|Ice Cream,4.5,1.7K+,34,2.7,True,True,ITEMS,AT ₹15,,5588,200.0,1700.0,item_price_point,0.0,0.0,,,15.0,1,59,1,2,Desserts,1,5.298317366548036,7.438971592395862,200.0,0.09523809523809523
2026-09-19 21:12:19,Mumbai,Thane West,19.2183,72.9781,47606,Theobroma,Thane West,Thane West,₹400 for two,Bakery|Desserts,4.4,9.8K+,36,1.3,True,False,ITEMS,AT ₹37,,1040,400.0,9800.0,item_price_point,0.0,0.0,,,37.0,1,44,1,2,Bakery,1,5.991464547107982,9.19023970026918,400.0,0.7193308550185874
2026-09-19 21:12:19,Mumbai,Chembur,19.0522,72.9005,47610,Theobroma,Chembur,Chembur,₹400 for two,Bakery|Desserts,4.5,30K+,15,0.4,True,False,ITEMS,AT ₹37,,1040,400.0,30000.0,item_price_point,0.0,0.0,,,37.0,1,44,1,2,Bakery,1,5.991464547107982,10.308985993422082,400.0,0.7193308550185874
2026-09-19 21:12:19,Mumbai,Andheri West,19.1364,72.8296,47613,"Frozen Bottle - Milkshakes, Desserts And Ice Cream",Andheri Lokhandwala,Andheri Lokhandwala,₹250 for two,Beverages|Ice Cream|Desserts,4.3,4.1K+,23,0.9,True,True,50% OFF,,FLAT DEAL,5655,250.0,4100.0,percent,50.0,0.0,,,,1,12,1,3,Beverages,1,5.521460917862246,8.31898612539206,250.0,0.2695167286245353
2026-09-19 21:12:19,Bengaluru,Jayanagar,12.925,77.5938,47626,Beijing Bites,JP Nagar,JP Nagar,₹450 for two,Chinese,4.3,20K+,36,2.3,True,False,70% OFF,UPTO ₹140,,103,450.0,20000.0,percent,70.0,0.0,140.0,,,1,5,1,1,Chinese,1,6.1092475827643655,9.90353755128617,450.0,0.8873517786561265
2026-09-19 21:12:19,Chennai,Nungambakkam,13.0569,80.2425,47812,The Belgian Waffle Co.,KNK Road,Nungambakkam,₹200 for two,Waffle|Desserts|Ice Cream,4.4,11K+,26,1.7,True,True,30% OFF,UPTO ₹60,,2233,200.0,11000.0,percent,30.0,0.0,60.0,,,2,47,1,3,Waffle,1,5.298317366548036,9.305741456739435,200.0,0.10950413223140495
2026-09-19 21:12:19,Bengaluru,Indiranagar,12.9784,77.6408,48087,Kanti Sweets,CMH Road,Indira Nagar,₹150 for two,Sweets,4.6,7.3K+,23,0.8,True,True,,,,4700,150.0,7300.0,none,0.0,0.0,,,,1,6,1,1,Sweets,0,5.0106352940962555,8.895766604056085,150.0,0.03162055335968379
2026-09-19 21:12:19,Bengaluru,Hebbal,13.0358,77.597,48213,Kanti Sweets,RT Nagar,RT Nagar,₹150 for two,Sweets,4.6,2.7K+,24,1.7,True,False,,,,4700,150.0,2700.0,none,0.0,0.0,,,,1,6,1,1,Sweets,0,5.0106352940962555,7.901377353792616,150.0,0.03162055335968379
2026-09-19 21:12:19,Bengaluru,Malleshwaram,13.0035,77.5647,48225,Kanti Sweets,"1st  Stage, Gokul",Mathikere,₹150 for two,Sweets,4.7,3.2K+,35,3.8,True,True,,,,4700,150.0,3200.0,none,0.0,0.0,,,,1,6,1,1,Sweets,0,5.0106352940962555,8.071218539969863,150.0,0.03162055335968379
2026-09-19 21:12:19,Chennai,Anna Nagar,13.085,80.2101,48245,"Faasos - Wraps, Rolls & Shawarma",Navalar Nagar main road,Anna Nagar,₹200 for two,Wraps|rolls|Fast Food|Burger|shawarma|Rice Bowls,4.0,15K+,30,2.4,True,False,65% OFF,UPTO ₹125,,21809,200.0,15000.0,percent,65.0,0.0,125.0,,,1,15,1,6,Wraps,1,5.298317366548036,9.61587214452889,200.0,0.10950413223140495
2026-09-19 21:12:19,Chennai,Velachery,12.9756,80.2207,48501,Subway,Velachery,100 Feet Bypass Road,₹350 for two,sandwich|Salads|wrap|Healthy Food,4.2,29K+,24,1.3,True,False,ITEMS,AT ₹69,,2,350.0,29000.0,item_price_point,0.0,0.0,,,69.0,1,51,1,4,sandwich,1,5.857933154483459,10.275085591132715,350.0,0.5516528925619835
2026-09-19 21:12:19,Mumbai,Thane West,19.2183,72.9781,48750,Meraki,Thane West,Thane West,₹400 for two,Chinese|Thai|Burmese|Pan-Asian|Asian,4.2,19K+,52,3.0,True,False,70% OFF,UPTO ₹140,,2356,400.0,19000.0,percent,70.0,0.0,140.0,,,1,4,1,5,Chinese,1,5.991464547107982,9.852246888342531,400.0,0.7193308550185874
2026-09-19 21:12:19,Kolkata,Shyambazar,22.599,88.37,48895,The Belgian Waffle Co.,Kankurgachhi,Kankurgachi,₹200 for two,Waffle|Desserts|Ice Cream|Beverages,4.5,11K+,37,3.6,True,True,30% OFF,UPTO ₹60,,2233,200.0,11000.0,percent,30.0,0.0,60.0,,,1,47,1,4,Waffle,1,5.298317366548036,9.305741456739435,200.0,0.19162995594713655
2026-09-19 21:12:19,Bengaluru,Indiranagar,12.9784,77.6408,49189,Truffles,Indiranagar,Indiranagar,₹450 for two,American|Desserts|Italian|Continental,4.5,164K+,36,0.6,True,False,₹80 OFF,ABOVE ₹499,FLAT DEAL,218065,450.0,164000.0,flat,0.0,80.0,,499.0,,1,1,0,4,American,1,6.1092475827643655,12.00762780434872,450.0,0.8873517786561265
2026-09-19 21:12:19,Mumbai,Dadar,19.0178,72.8478,49390,The Belgian Waffle Co.,Ambedkar Road,Parel,₹200 for two,Waffle|Desserts|Ice Cream,4.5,8.7K+,37,2.2,True,True,30% OFF,UPTO ₹60,,2233,200.0,8700.0,percent,30.0,0.0,60.0,,,1,47,1,3,Waffle,1,5.298317366548036,9.071193240566025,200.0,0.13382899628252787
2026-09-19 21:12:19,Pune,Kothrud,18.5074,73.8077,49689,Domino's Pizza,Kothrud,Mauje Erandwane,₹400 for two,Pizzas|Italian|Pastas|Desserts,4.3,7.7K+,25,1.5,True,False,50% OFF,,FLAT DEAL,2456,400.0,7700.0,percent,50.0,0.0,,,,1,51,1,4,Pizzas,1,5.991464547107982,8.94910546953925,400.0,0.7365145228215768
2026-09-19 21:12:19,Bengaluru,Jayanagar,12.925,77.5938,49704,California Burrito,5th Phase,Jayanagar,₹250 for two,Mexican|American|Salads|Continental|Keto|Healthy Food|Beverages|Snacks|Desserts|Fast Food,4.6,32K+,35,2.8,True,False,ITEMS,AT ₹65,,1252,250.0,32000.0,item_price_point,0.0,0.0,,,65.0,1,15,1,10,Mexican,1,5.521460917862246,10.373522431293592,250.0,0.25296442687747034
2026-09-19 21:12:19,Hyderabad,Kukatpally,17.4849,78.4138,49768,Ibaco,Kukatpally,Kukatpally,₹800 for two,Ice Cream|Desserts,4.4,6.7K+,27,1.7,True,True,₹550 OFF,ABOVE ₹2499,FLAT DEAL,3481,800.0,6700.0,flat,0.0,550.0,,2499.0,,1,4,1,2,Ice Cream,1,6.684611727667927,8.81001204797317,800.0,0.9502164502164502
2026-09-19 21:12:19,Bengaluru,Malleshwaram,13.0035,77.5647,49838,Ibaco,MANTRI SQUARE MALL 3RD FLOOR,MANTRI SQUARE MALL 3RD FLOOR,₹800 for two,Desserts,4.5,518,36,2.0,True,True,₹550 OFF,ABOVE ₹2499,FLAT DEAL,3481,800.0,518.0,flat,0.0,550.0,,2499.0,,1,4,1,1,Desserts,1,6.684611727667927,6.251903883165888,800.0,0.9920948616600791
2026-09-19 21:12:19,Bengaluru,HSR Layout,12.9116,77.6446,50467,Bakingo,1st Block,Koramangala,₹300 for two,Bakery|Desserts|Beverages|Snacks,4.5,14K+,31,2.2,True,False,ITEMS,AT ₹69,,3818,300.0,14000.0,item_price_point,0.0,0.0,,,69.0,2,39,1,4,Bakery,1,5.703782474656201,9.546884034617925,300.0,0.4782608695652174
2026-09-19 21:12:19,Mumbai,Thane West,19.2183,72.9781,50484,Utsav Restaurant,Panch Pakhadi,Panch Pakhadi,₹250 for two,North Indian|Chinese|South Indian|Continental,4.4,61K+,36,1.5,True,False,,,,15843,250.0,61000.0,none,0.0,0.0,,,,1,1,0,4,North Indian,0,5.521460917862246,11.0186455364637,250.0,0.2695167286245353
2026-09-19 21:12:19,Bengaluru,Koramangala,12.9352,77.6245,50842,CakeZone Patisserie,KORAMANGLA,6th Block KORAMANGLA,₹200 for two,Bakery|Desserts|Sweets|Ice Cream,4.4,24K+,32,0.9,True,False,70% OFF,UPTO ₹140,,7003,200.0,24000.0,percent,70.0,0.0,140.0,,,1,11,1,4,Bakery,1,5.298317366548036,10.085850775128717,200.0,0.08498023715415019
2026-09-19 21:12:19,Kolkata,Garia,22.465,88.39,51098,Chowman,Garia Garden,Garia,₹700 for two,Chinese|Asian|Thai|Oriental|Burmese|Tibetan,4.5,33K+,30,1.2,True,False,70% OFF,UPTO ₹130,,266,700.0,33000.0,percent,70.0,0.0,130.0,,,1,6,1,6,Chinese,1,6.551080335043404,10.404293143019792,700.0,0.9691629955947136
2026-09-19 21:12:19,Delhi,Connaught Place,28.6315,77.2167,51510,Biryani By Kilo,Rajiv Chowk,Connaught Place,₹700 for two,Biryani|Hyderabadi|North Indian|Kebabs|Mughlai|Desserts,4.2,9.9K+,29,1.0,True,False,ITEMS,AT ₹149,,130,700.0,9900.0,item_price_point,0.0,0.0,,,149.0,2,11,1,6,Biryani,1,6.551080335043404,9.200391041122515,700.0,0.9820627802690582
2026-09-19 21:12:19,Kolkata,Park Street,22.553,88.352,51617,Wow! Momo,Park Street,Park Street,₹300 for two,Momos|Chinese|fastfood|Asian|Beverages,4.3,12K+,27,0.5,True,False,70% OFF,UPTO ₹140,,1776,300.0,12000.0,percent,70.0,0.0,140.0,,,1,22,1,5,Momos,1,5.703782474656201,9.392745258631441,300.0,0.42290748898678415
2026-09-19 21:12:19,Delhi,Karol Bagh,28.6519,77.1909,51710,Theobroma,East Patel Nagar,East Patel Nagar,₹400 for two,Bakery|Desserts,4.4,8.8K+,19,3.0,True,False,ITEMS,AT ₹36,,1040,400.0,8800.0,item_price_point,0.0,0.0,,,36.0,1,44,1,2,Bakery,1,5.991464547107982,9.082620630373812,400.0,0.7511210762331838
2026-09-19 21:12:19,Pune,Camp,18.5158,73.8785,52054,SOUK by Cafe Arabia,Kondhwa,Kondhwa,₹500 for two,Lebanese|Middle Eastern|Mediterranean,4.5,14K+,32,5.0,True,False,₹200 OFF,ABOVE ₹699,FLAT DEAL,191171,500.0,14000.0,flat,0.0,200.0,,699.0,,2,1,0,3,Lebanese,1,6.214608098422191,9.546884034617925,500.0,0.9149377593360996
2026-09-19 21:12:19,Pune,Camp,18.5158,73.8785,52977,"Faasos - Wraps, Rolls & Shawarma",Saifee Street,Camp,₹200 for two,Wraps|rolls|Fast Food|Burger|shawarma|Rice Bowls,4.4,9.6K+,18,0.4,True,False,65% OFF,UPTO ₹125,,21809,200.0,9600.0,percent,65.0,0.0,125.0,,,1,15,1,6,Wraps,1,5.298317366548036,9.169622538697624,200.0,0.12863070539419086
2026-09-19 21:12:19,Pune,Camp,18.5158,73.8785,52978,Behrouz Biryani,Saifee Street,Camp,₹500 for two,Biryani|Kebabs|Mughlai|Beverages|Desserts,4.3,5.0K+,18,0.4,True,False,65% OFF,UPTO ₹125,,1803,500.0,5000.0,percent,65.0,0.0,125.0,,,1,12,1,5,Biryani,1,6.214608098422191,8.517393171418904,500.0,0.9149377593360996
2026-09-19 21:12:19,Pune,Camp,18.5158,73.8785,52979,Oven Story Pizza,Saifee Street,Camp,₹400 for two,Pizzas|Pastas|Italian|Desserts|Beverages,4.8,7.4K+,17,0.4,True,False,65% OFF,UPTO ₹125,,3534,400.0,7400.0,percent,65.0,0.0,125.0,,,1,3,1,5,Pizzas,1,5.991464547107982,8.909370405197466,400.0,0.7365145228215768
2026-09-19 21:12:19,Pune,Camp,18.5158,73.8785,52981,Sweet Truth - Cake and Desserts,Saifee Street,Camp,₹450 for two,Desserts|Ice Cream|Bakery|Beverages,4.4,1.2K+,14,0.4,True,False,ITEMS,AT ₹79,,4444,450.0,1200.0,item_price_point,0.0,0.0,,,79.0,1,32,1,4,Desserts,1,6.1092475827643655,7.0909098220799835,450.0,0.8692946058091287
2026-09-19 21:12:19,Chennai,T. Nagar,13.0418,80.2341,53631,Ibaco,Thyagaraya Nagar,T Nagar,₹800 for two,Ice Cream|Desserts,4.7,6.6K+,22,1.3,True,True,,,,3481,800.0,6600.0,none,0.0,0.0,,,,1,4,1,2,Ice Cream,0,6.684611727667927,8.79497643168877,800.0,0.993801652892562
2026-09-19 21:12:19,Delhi,Lajpat Nagar,28.5677,77.2433,53770,Pizza Hut,Lajpat Nagar - 2,Lajpat Nagar - 2,₹350 for two,Pizzas,4.3,9.7K+,24,0.5,True,False,50% OFF,,FLAT DEAL,721,350.0,9700.0,percent,50.0,0.0,,,,1,46,1,1,Pizzas,1,5.857933154483459,9.179984251961283,350.0,0.5381165919282511
2026-09-19 21:12:19,Delhi,Vasant Kunj,28.52,77.1591,53784,Pizza Hut,Vasant Kunj,Vasant Kunj,₹350 for two,Pizzas,4.2,10K+,30,0.8,True,False,50% OFF,,FLAT DEAL,721,350.0,10000.0,percent,50.0,0.0,,,,1,46,1,1,Pizzas,1,5.857933154483459,9.210440366976517,350.0,0.5381165919282511
2026-09-19 21:12:19,Hyderabad,Secunderabad,17.4399,78.4983,53796,Jaggu Mithai,Secunderabad,General Bazar,₹250 for two,Sweets|Chaat|Desserts|Snacks,4.4,56K+,29,1.3,True,True,ITEMS,AT ₹29,,9629,250.0,56000.0,item_price_point,0.0,0.0,,,29.0,1,1,0,4,Sweets,1,5.521460917862246,10.933124826700707,250.0,0.25757575757575757
2026-09-19 21:12:19,Chennai,Anna Nagar,13.085,80.2101,53893,"Frozen Bottle - Milkshakes, Desserts And Ice Cream",Anna Nagar,Anna Nagar,₹250 for two,Beverages|Ice Cream|Desserts,4.2,10K+,21,0.4,True,False,50% OFF,,FLAT DEAL,5655,250.0,10000.0,percent,50.0,0.0,,,,1,12,1,3,Beverages,1,5.521460917862246,9.210440366976517,250.0,0.24380165289256198
2026-09-19 21:12:19,Bengaluru,Electronic City,12.8452,77.6602,53996,"Frozen Bottle - Milkshakes, Desserts And Ice Cream",1st Phase,Electronic City,₹250 for two,Beverages|Ice Cream|Desserts,4.1,14K+,32,1.6,True,True,20% OFF,ABOVE ₹2000,FLAT DEAL,5655,250.0,14000.0,percent,20.0,0.0,,2000.0,,1,12,1,3,Beverages,1,5.521460917862246,9.546884034617925,250.0,0.25296442687747034
2026-09-19 21:12:19,Chennai,Perambur,13.1143,80.233,54020,"Dindigul Thalappakatti - Since 1957
",Perambur,Perambur,₹400 for two,Biryani|Barbecue|South Indian|Chinese|North Indian,4.0,32K+,41,4.6,True,False,₹100 OFF,ABOVE ₹499,FLAT DEAL,641506,400.0,32000.0,flat,0.0,100.0,,499.0,,1,8,1,5,Biryani,1,5.991464547107982,10.373522431293592,400.0,0.7396694214876033
2026-09-19 21:12:19,Hyderabad,Ameerpet,17.4374,78.4487,54215,Taco Bell,L&T Punjagutta Mall,Punjagutta,₹300 for two,Mexican|Fast Food|Snacks,4.2,18K+,36,2.2,True,False,65% OFF,UPTO ₹125,,1557,300.0,18000.0,percent,65.0,0.0,125.0,,,1,20,1,3,Mexican,1,5.703782474656201,9.798182590890704,300.0,0.48484848484848486
2026-09-19 21:12:19,Kolkata,Howrah,22.5958,88.2636,54937,India Restaurant,Kidderpore,Kidderpore,₹500 for two,Mughlai|Biryani|Indian|Tandoor,4.5,84K+,74,12.0,True,False,₹200 OFF,ABOVE ₹999,FLAT DEAL,106345,500.0,84000.0,flat,0.0,200.0,,999.0,,1,1,0,4,Mughlai,1,6.214608098422191,11.338583982516495,500.0,0.8744493392070485
2026-09-19 21:12:19,Bengaluru,Koramangala,12.9352,77.6245,55158,Maa Di Hatti,Koramangala,Koramangala,₹249 for two,North Indian|South Indian|Indian|Bihari|Punjabi,4.2,35K+,44,3.0,True,False,ITEMS,AT ₹149,,9089,249.0,35000.0,item_price_point,0.0,0.0,,,149.0,2,1,0,5,North Indian,1,5.517452896464707,10.463131911491967,249.0,0.11857707509881422
2026-09-19 21:12:19,Delhi,Lajpat Nagar,28.5677,77.2433,55257,Baskin Robbins - Ice Cream Desserts,Lajpat Nagar - 2,Lajpat Nagar - 2,₹200 for two,Ice Cream,4.8,3.3K+,18,0.7,True,True,ITEMS,AT ₹15,,5588,200.0,3300.0,item_price_point,0.0,0.0,,,15.0,1,59,1,1,Ice Cream,1,5.298317366548036,8.101980731853192,200.0,0.08968609865470852
2026-09-19 21:12:19,Kolkata,Tollygunge,22.495,88.345,55397,Subway,Kalighat,Kalighat,₹300 for two,sandwich|Salads|wrap|Healthy Food,4.4,8.5K+,36,2.9,True,False,30% OFF,UPTO ₹75,,2,300.0,8500.0,percent,30.0,0.0,75.0,,,2,51,1,4,sandwich,1,5.703782474656201,9.04793908261736,300.0,0.42290748898678415
2026-09-19 21:12:19,Delhi,Rohini,28.7495,77.0565,55473,Pizza Hut,Rohini,Rohini,₹350 for two,Pizzas,4.1,9.0K+,44,6.8,True,False,70% OFF,UPTO ₹140,,721,350.0,9000.0,percent,70.0,0.0,140.0,,,1,46,1,1,Pizzas,1,5.857933154483459,9.105090961257085,350.0,0.5381165919282511
2026-09-19 21:12:19,Pune,Wakad,18.5985,73.7625,55633,HealthyBee,Wakad,Wakad,₹300 for two,Healthy Food|Salads|Punjabi|Snacks|Juices,4.3,13K+,28,1.2,True,False,ITEMS,AT ₹129,,6236,300.0,13000.0,item_price_point,0.0,0.0,,,129.0,1,2,0,5,Healthy Food,1,5.703782474656201,9.472781556562168,300.0,0.42323651452282157
2026-09-19 21:12:19,Pune,Kothrud,18.5074,73.8077,55760,The Belgian Waffle Co.,Kothrud,Kothrud,₹200 for two,Waffle|Desserts|Ice Cream,4.5,9.1K+,22,1.9,True,True,30% OFF,UPTO ₹60,,2233,200.0,9100.0,percent,30.0,0.0,60.0,,,1,47,1,3,Waffle,1,5.298317366548036,9.116139576577355,200.0,0.12863070539419086
2026-09-19 21:12:19,Pune,Koregaon Park,18.5362,73.8939,56142,"Frozen Bottle - Milkshakes, Desserts And Ice Cream",Koregaon Park,Koregaon Park,₹250 for two,Beverages|Ice Cream|Desserts,4.3,4.5K+,17,0.9,True,True,50% OFF,,FLAT DEAL,5655,250.0,4500.0,percent,50.0,0.0,,,,1,12,1,3,Beverages,1,5.521460917862246,8.412054873292933,250.0,0.2821576763485477
2026-09-19 21:12:19,Kolkata,Salt Lake,22.58,88.42,56220,Mio Amore - The Cake Shop,Kankurgachhi,Kankurgachi,₹150 for two,Bakery|Desserts|Snacks|Confectionery,4.5,15K+,27,3.9,True,False,,,,292958,150.0,15000.0,none,0.0,0.0,,,,1,7,1,4,Bakery,0,5.0106352940962555,9.61587214452889,150.0,0.10572687224669604
2026-09-19 21:12:19,Chennai,T. Nagar,13.0418,80.2341,56863,Subway,North Boag Road,T. Nagar,₹350 for two,sandwich|Salads|wrap|Healthy Food,4.2,29K+,22,1.3,True,False,ITEMS,AT ₹69,,2,350.0,29000.0,item_price_point,0.0,0.0,,,69.0,1,51,1,4,sandwich,1,5.857933154483459,10.275085591132715,350.0,0.5516528925619835
2026-09-19 21:12:19,Pune,Hinjewadi,18.5913,73.7389,57347,Reddy's Biryani Zone,Marunji Road,Hinjawadi,₹400 for two,Biryani|Hyderabadi|Mughlai|North Indian,4.0,13K+,11,0.6,True,False,70% OFF,UPTO ₹140,,11490,400.0,13000.0,percent,70.0,0.0,140.0,,,1,1,0,4,Biryani,1,5.991464547107982,9.472781556562168,400.0,0.7365145228215768
2026-09-19 21:12:19,Mumbai,Borivali,19.2307,72.8567,57552,Night Evil Chinese Food,Borivali West,Borivali West,₹600 for two,Chinese,4.0,3.8K+,26,1.1,True,False,30% OFF,UPTO ₹75,,316399,600.0,3800.0,percent,30.0,0.0,75.0,,,1,1,0,1,Chinese,1,6.396929655216146,8.24301946898925,600.0,0.9405204460966543
2026-09-19 21:12:19,Delhi,Connaught Place,28.6315,77.2167,58217,Theobroma,Mezzanine Connaught,Connaught Place,₹400 for two,Bakery|Desserts,4.5,14K+,14,1.3,True,False,ITEMS,AT ₹36,,1040,400.0,14000.0,item_price_point,0.0,0.0,,,36.0,1,44,1,2,Bakery,1,5.991464547107982,9.546884034617925,400.0,0.7511210762331838
2026-09-19 21:12:19,Pune,Wakad,18.5985,73.7625,60140,KGN Xprs,Wakad,Wakad,₹600 for two,Tandoor|Biryani|North Indian|Chinese,4.1,11K+,16,0.4,True,False,70% OFF,UPTO ₹140,,10145,600.0,11000.0,percent,70.0,0.0,140.0,,,1,1,0,4,Tandoor,1,6.396929655216146,9.305741456739435,600.0,0.966804979253112
2026-09-19 21:12:19,Mumbai,Dadar,19.0178,72.8478,60721,Meraki,Matunga East,Matunga,₹400 for two,Chinese|Thai|Asian,4.3,33K+,42,2.6,True,False,70% OFF,UPTO ₹140,,2356,400.0,33000.0,percent,70.0,0.0,140.0,,,1,4,1,3,Chinese,1,5.991464547107982,10.404293143019792,400.0,0.7193308550185874
2026-09-19 21:12:19,Delhi,Saket,28.5245,77.2066,61227,Biryani Blues,Khirki Village,Saket,₹400 for two,Biryani|Hyderabadi|Lucknowi|Kebabs|Desserts|Beverages,4.1,11K+,30,1.9,True,False,70% OFF,UPTO ₹140,,13813,400.0,11000.0,percent,70.0,0.0,140.0,,,1,6,1,6,Biryani,1,5.991464547107982,9.305741456739435,400.0,0.7511210762331838
2026-09-19 21:12:19,Delhi,Vasant Kunj,28.52,77.1591,61529,Theobroma,MG Road,MG Road,₹400 for two,Bakery|Desserts,4.6,8.3K+,29,3.6,True,False,ITEMS,AT ₹36,,1040,400.0,8300.0,item_price_point,0.0,0.0,,,36.0,1,44,1,2,Bakery,1,5.991464547107982,9.024131268455035,400.0,0.7511210762331838
2026-09-19 21:12:19,Delhi,Saket,28.5245,77.2066,61682,Bikkgane Biryani,Shahpur Jat,Shahpur Jat,₹400 for two,Biryani| Hyderabadi| Andhra| Lucknowi| Kolkata| Desserts|Beverages,4.3,55K+,30,3.5,True,False,65% OFF,UPTO ₹125,,5070,400.0,55000.0,percent,65.0,0.0,125.0,,,1,13,1,7,Biryani,1,5.991464547107982,10.915106645867503,400.0,0.7511210762331838
2026-09-19 21:12:19,Pune,Kothrud,18.5074,73.8077,62408,Jayesh A1 Sandwiches,Kothrud,Kothrud,₹200 for two,Fast Food|Pizzas|Burgers|sandwich|Beverages,4.5,11K+,28,1.8,True,True,ITEMS,AT ₹49,,110376,200.0,11000.0,item_price_point,0.0,0.0,,,49.0,1,1,0,5,Fast Food,1,5.298317366548036,9.305741456739435,200.0,0.12863070539419086
2026-09-19 21:12:19,Hyderabad,Banjara Hills,17.4126,78.4392,62509,Ohri's Cake Nation,Ohri'S Banjara,Banjara Hills,₹450 for two,Bakery|Desserts|Beverages,4.3,5.8K+,17,0.5,True,False,70% OFF,UPTO ₹140,,233127,450.0,5800.0,percent,70.0,0.0,140.0,,,1,2,0,3,Bakery,1,6.1092475827643655,8.665785595466064,450.0,0.7835497835497836
2026-09-19 21:12:19,Hyderabad,Secunderabad,17.4399,78.4983,62510,Ohri's Cake Nation,SD Road,SD Road,₹450 for two,Bakery|Desserts|Beverages,4.2,16K+,24,0.3,True,True,70% OFF,UPTO ₹140,,233127,450.0,16000.0,percent,70.0,0.0,140.0,,,1,2,0,3,Bakery,1,6.1092475827643655,9.680406499268875,450.0,0.7835497835497836
2026-09-19 21:12:19,Chennai,Anna Nagar,13.085,80.2101,62679,Ambur Star Briyani,Anna Nagar,Anna Nagar,₹500 for two,Biryani|South Indian|Indian|Chinese|Tandoor|Beverages,4.4,44K+,26,2.3,True,False,ITEMS,AT ₹199,,5455,500.0,44000.0,item_price_point,0.0,0.0,,,199.0,1,7,1,6,Biryani,1,6.214608098422191,10.691967639914864,500.0,0.9070247933884298
2026-09-19 21:12:19,Chennai,Adyar,13.0012,80.2565,62680,Ambur Star Briyani,Kottivakkam,Kottivakkam,₹500 for two,Biryani|South Indian|Indian|Chinese|Tandoor|Beverages,4.4,25K+,27,4.1,True,False,ITEMS,AT ₹199,,5455,500.0,25000.0,item_price_point,0.0,0.0,,,199.0,1,7,1,6,Biryani,1,6.214608098422191,10.12667110305036,500.0,0.9070247933884298
2026-09-19 21:12:19,Chennai,Velachery,12.9756,80.2207,62682,Ambur Star Briyani,Tansi Nagar,Velachery,₹500 for two,Biryani|South Indian|Indian|Chinese|Tandoor|Beverages,4.3,32K+,17,0.8,True,False,ITEMS,AT ₹199,,5455,500.0,32000.0,item_price_point,0.0,0.0,,,199.0,1,7,1,6,Biryani,1,6.214608098422191,10.373522431293592,500.0,0.9070247933884298
2026-09-19 21:12:19,Delhi,Pitampura,28.6942,77.1317,62876,LunchBox - Meals and Thalis,Sector 8,Rohini,₹200 for two,Thalis|North Indian|Biryani,4.2,5.5K+,27,2.7,True,False,ITEMS,AT ₹99,,4925,200.0,5500.0,item_price_point,0.0,0.0,,,99.0,1,17,1,3,Thalis,1,5.298317366548036,8.612685172875459,200.0,0.08968609865470852
2026-09-19 21:12:19,Delhi,Mayur Vihar,28.6092,77.2952,62881,LunchBox - Meals and Thalis,R Block,"Vikas Marg, Block R",₹200 for two,Thalis|North Indian|Biryani,4.2,13K+,39,4.2,True,False,ITEMS,AT ₹99,,4925,200.0,13000.0,item_price_point,0.0,0.0,,,99.0,1,17,1,3,Thalis,1,5.298317366548036,9.472781556562168,200.0,0.08968609865470852
2026-09-19 21:12:19,Mumbai,Lower Parel,18.996,72.8258,62885,LunchBox - Meals and Thalis,Dr E Moses road,Lower Parel Worli,₹200 for two,Thalis|North Indian|Biryani|South Indian|Desserts|Beverages,4.3,8.2K+,35,1.9,True,False,ITEMS,AT ₹99,,4925,200.0,8200.0,item_price_point,0.0,0.0,,,99.0,1,17,1,6,Thalis,1,5.298317366548036,9.012011377036412,200.0,0.13382899628252787
2026-09-19 21:12:19,Bengaluru,Malleshwaram,13.0035,77.5647,62906,LunchBox - Meals and Thalis,14th Main Road,Subramanya Nagar,₹200 for two,Thalis|North Indian|Biryani|South Indian|Desserts|Beverages,4.3,7.8K+,35,2.7,True,False,ITEMS,AT ₹99,,4925,200.0,7800.0,item_price_point,0.0,0.0,,,99.0,1,17,1,6,Thalis,1,5.298317366548036,8.962007209588313,200.0,0.08498023715415019
2026-09-19 21:12:19,Chennai,Adyar,13.0012,80.2565,62919,LunchBox - Meals and Thalis,Besant Nagar,Adyar,₹200 for two,Thalis|North Indian|Biryani|South Indian|Desserts|Beverages,4.4,14K+,15,0.6,True,False,ITEMS,AT ₹99,,4925,200.0,14000.0,item_price_point,0.0,0.0,,,99.0,1,17,1,6,Thalis,1,5.298317366548036,9.546884034617925,200.0,0.10950413223140495
2026-09-19 21:12:19,Chennai,Velachery,12.9756,80.2207,62924,LunchBox - Meals and Thalis,Velachery,Gandhi Road New Colony,₹200 for two,Thalis|North Indian|Biryani|South Indian|Desserts|Beverages,4.5,11K+,29,2.1,True,False,ITEMS,AT ₹99,,4925,200.0,11000.0,item_price_point,0.0,0.0,,,99.0,1,17,1,6,Thalis,1,5.298317366548036,9.305741456739435,200.0,0.10950413223140495
2026-09-19 21:12:19,Pune,Hadapsar,18.5089,73.926,62932,LunchBox - Meals and Thalis,Hadapsar,Magarpatta,₹200 for two,Thalis|North Indian|Biryani,4.4,10K+,30,3.5,True,False,ITEMS,AT ₹99,,4925,200.0,10000.0,item_price_point,0.0,0.0,,,99.0,1,17,1,3,Thalis,1,5.298317366548036,9.210440366976517,200.0,0.12863070539419086
2026-09-19 21:12:19,Pune,Koregaon Park,18.5362,73.8939,62937,LunchBox - Meals and Thalis,Next to Bank Of Maharashtra,Wadgaon Sheri,₹200 for two,Thalis|North Indian|Biryani,4.3,6.0K+,31,4.6,True,False,ITEMS,AT ₹99,,4925,200.0,6000.0,item_price_point,0.0,0.0,,,99.0,1,17,1,3,Thalis,1,5.298317366548036,8.699681400989514,200.0,0.12863070539419086
2026-09-19 21:12:19,Pune,Camp,18.5158,73.8785,63011,LunchBox - Meals and Thalis,Saifee Street,Camp,₹200 for two,Thalis|North Indian|Biryani,4.4,6.1K+,17,0.4,True,False,ITEMS,AT ₹99,,4925,200.0,6100.0,item_price_point,0.0,0.0,,,99.0,1,17,1,3,Thalis,1,5.298317366548036,8.716207971151853,200.0,0.12863070539419086
2026-09-19 21:12:19,Hyderabad,Ameerpet,17.4374,78.4487,63177,Baskin Robbins - Ice Cream Desserts,Begumpet,Begumpet,₹300 for two,Desserts|Ice Cream,4.6,7.7K+,27,2.2,True,True,ITEMS,AT ₹15,,5588,300.0,7700.0,item_price_point,0.0,0.0,,,15.0,1,59,1,2,Desserts,1,5.703782474656201,8.94910546953925,300.0,0.48484848484848486
2026-09-19 21:12:19,Bengaluru,Whitefield,12.9698,77.75,63387,Kerala Tiffin,Mahadevapura, PATTANDUR AGRAHARA VILLAGE,₹400 for two,South Indian|Desserts|Kerala|Seafood,4.0,25K+,36,1.3,True,False,₹550 OFF,ABOVE ₹2499,FLAT DEAL,7427,400.0,25000.0,flat,0.0,550.0,,2499.0,,1,1,0,4,South Indian,1,5.991464547107982,10.12667110305036,400.0,0.7628458498023716
2026-09-19 21:12:19,Mumbai,Dadar,19.0178,72.8478,63677,Gypsy Chinese - Shivaji Park,Shivaji Park,Mahim Dadar,₹1000 for two,Chinese|Desserts,4.6,10K+,40,1.3,True,False,,,,92426,1000.0,10000.0,none,0.0,0.0,,,,1,1,0,2,Chinese,0,6.907755278982137,9.210440366976517,900.0,0.9907063197026023
2026-09-19 21:12:19,Pune,Aundh,18.559,73.8077,64174,Aroma's Hyderabad House,Balewadi,Baner_Pizza,₹500 for two,Biryani|Hyderabadi|Mughlai|Chinese,4.2,43K+,32,5.7,True,False,ITEMS,AT ₹69,,71,500.0,43000.0,item_price_point,0.0,0.0,,,69.0,2,4,1,4,Biryani,1,6.214608098422191,10.668978650219241,500.0,0.9149377593360996
2026-09-19 21:12:19,Pune,Koregaon Park,18.5362,73.8939,64678,NIC Ice Creams,Victoria Garden,Kalyani Nagar,₹120 for two,Ice Cream|Desserts,4.7,16K+,20,3.8,True,True,70% OFF,UPTO ₹140,,6249,120.0,16000.0,percent,70.0,0.0,140.0,,,1,35,1,2,Ice Cream,1,4.787491742782046,9.680406499268875,120.0,0.012448132780082987
2026-09-19 21:12:19,Chennai,OMR Thoraipakkam,12.94,80.234,64700,Ambur Star Briyani,Sholinganallur,Sholinganallur,₹500 for two,Biryani|South Indian|Indian|Chinese|Tandoor|Beverages,4.3,25K+,26,5.0,True,False,ITEMS,AT ₹199,,5455,500.0,25000.0,item_price_point,0.0,0.0,,,199.0,1,7,1,6,Biryani,1,6.214608098422191,10.12667110305036,500.0,0.9070247933884298
2026-09-19 21:12:19,Kolkata,Behala,22.4989,88.318,64743,The Belgian Waffle Co.,Alipore,New Alipore,₹200 for two,Waffle|Desserts|Ice Cream|Beverages,4.7,15K+,40,2.5,True,True,ITEMS,AT ₹72,,2233,200.0,15000.0,item_price_point,0.0,0.0,,,72.0,2,47,1,4,Waffle,1,5.298317366548036,9.61587214452889,200.0,0.19162995594713655
2026-09-19 21:12:19,Kolkata,Dumdum,22.642,88.422,65033,Chandigarh Hotel,Sector 28,Cossipore,₹300 for two,North Indian|Chinese|Tandoor|Snacks,4.3,25K+,49,6.9,True,False,70% OFF,UPTO ₹140,,57787,300.0,25000.0,percent,70.0,0.0,140.0,,,2,1,0,4,North Indian,1,5.703782474656201,10.12667110305036,300.0,0.42290748898678415
2026-09-19 21:12:19,Pune,Viman Nagar,18.5679,73.9143,65583,McDonald's,Phoenix Market city,Viman Nagar,₹400 for two,Burgers|Beverages|Cafe|Desserts,4.5,23K+,23,0.8,True,False,ITEMS,AT ₹64,,630,400.0,23000.0,item_price_point,0.0,0.0,,,64.0,1,55,1,4,Burgers,1,5.991464547107982,10.043292972227004,400.0,0.7365145228215768
2026-09-19 21:12:19,Bengaluru,Koramangala,12.9352,77.6245,65797,Leon's - Burgers & Wings (Leon Grill),Koramangala,Koramangala,₹300 for two,American|Snacks|Turkish|Portuguese|Continental,4.3,61K+,32,1.4,True,False,70% OFF,UPTO ₹140,,371281,300.0,61000.0,percent,70.0,0.0,140.0,,,1,2,0,5,American,1,5.703782474656201,11.0186455364637,300.0,0.4782608695652174
2026-09-19 21:12:19,Hyderabad,Kukatpally,17.4849,78.4138,65882,KS Bakers,Kukatpally,Kukatpally,₹300 for two,Bakery|Pizzas|Desserts|Snacks|Fast Food,4.2,29K+,21,0.8,True,False,₹150 OFF,ABOVE ₹449,FLAT DEAL,574,300.0,29000.0,flat,0.0,150.0,,449.0,,1,6,1,5,Bakery,1,5.703782474656201,10.275085591132715,300.0,0.48484848484848486
2026-09-19 21:12:19,Chennai,Tambaram,12.9249,80.1,66691,Subway,West Tambaram,Tambaram West,₹350 for two,sandwich|Salads|wrap|Healthy Food,4.2,13K+,11,0.7,True,False,60% OFF,UPTO ₹120,,2,350.0,13000.0,percent,60.0,0.0,120.0,,,1,51,1,4,sandwich,1,5.857933154483459,9.472781556562168,350.0,0.5516528925619835
2026-09-19 21:12:19,Hyderabad,Madhapur,17.4483,78.3915,66768,Taco Bell,Madhapur,Hitech City,₹300 for two,Mexican|Fast Food|Snacks,4.0,11K+,29,1.2,True,False,65% OFF,UPTO ₹125,,1557,300.0,11000.0,percent,65.0,0.0,125.0,,,1,20,1,3,Mexican,1,5.703782474656201,9.305741456739435,300.0,0.48484848484848486
2026-09-19 21:12:19,Mumbai,Borivali,19.2307,72.8567,66923,Baskin Robbins - Ice Cream Desserts,Babhai Naka,Borivali West,₹250 for two,Ice Cream,4.6,2.0K+,21,1.0,True,True,ITEMS,AT ₹15,,5588,250.0,2000.0,item_price_point,0.0,0.0,,,15.0,1,59,1,1,Ice Cream,1,5.521460917862246,7.601402334583733,250.0,0.2695167286245353
2026-09-19 21:12:19,Chennai,T. Nagar,13.0418,80.2341,67596,"Faasos - Wraps, Rolls & Shawarma",Eldams Road,Mylapore,₹200 for two,Wraps|rolls|Fast Food|Burger|shawarma|Rice Bowls,4.2,11K+,30,2.1,True,False,65% OFF,UPTO ₹125,,21809,200.0,11000.0,percent,65.0,0.0,125.0,,,2,15,1,6,Wraps,1,5.298317366548036,9.305741456739435,200.0,0.10950413223140495
2026-09-19 21:12:19,Chennai,Nungambakkam,13.0569,80.2425,67601,LunchBox - Meals and Thalis,Eldams Road,Teynanpet,₹200 for two,Thalis|North Indian|Biryani|South Indian|Desserts|Beverages,4.4,12K+,28,3.0,True,False,ITEMS,AT ₹99,,4925,200.0,12000.0,item_price_point,0.0,0.0,,,99.0,1,17,1,6,Thalis,1,5.298317366548036,9.392745258631441,200.0,0.10950413223140495
2026-09-19 21:12:19,Kolkata,Park Street,22.553,88.352,67717,Kookie Jar,Loudon Street,Loudon Street,₹350 for two,Desserts|Snacks|Bakery|Ice Cream,4.7,17K+,33,3.0,True,False,,,,5550,350.0,17000.0,none,0.0,0.0,,,,2,1,0,4,Desserts,0,5.857933154483459,9.741027444837728,350.0,0.5550660792951542
2026-09-19 21:12:19,Kolkata,Behala,22.4989,88.318,67725,Azad Hind Dhaba,Behala,Thakurpukur,₹500 for two,North Indian|Tandoor|Chinese|Biryani|Snacks,4.3,32K+,51,3.9,True,False,ITEMS,AT ₹19,,6275,500.0,32000.0,item_price_point,0.0,0.0,,,19.0,1,3,1,5,North Indian,1,6.214608098422191,10.373522431293592,500.0,0.8744493392070485
2026-09-19 21:12:19,Mumbai,Vashi,19.0771,72.9986,68532,McDonald's,Vashi,Vashi,₹400 for two,Burgers|Beverages|Cafe|Desserts,4.5,28K+,18,1.0,True,False,ITEMS,AT ₹64,,630,400.0,28000.0,item_price_point,0.0,0.0,,,64.0,1,55,1,4,Burgers,1,5.991464547107982,10.239995502805316,400.0,0.7193308550185874
2026-09-19 21:12:19,Delhi,Karol Bagh,28.6519,77.1909,68582,Baskin Robbins - Ice Cream Desserts,Shankar Road,Rajinder Nagar,₹500 for two,Ice Cream,4.6,3.1K+,20,2.5,True,True,ITEMS,AT ₹15,,5588,500.0,3100.0,item_price_point,0.0,0.0,,,15.0,1,59,1,1,Ice Cream,1,6.214608098422191,8.03947991910045,500.0,0.9349775784753364
2026-09-19 21:12:19,Delhi,Vasant Kunj,28.52,77.1591,69121,Burger Singh(Big Punjabi Burgers),Nelson Mandela Marg,Vasant Kunj,₹300 for two,American|Fast Food|Snacks,4.1,16K+,24,2.1,True,False,50% OFF,,FLAT DEAL,772431,300.0,16000.0,percent,50.0,0.0,,,,1,2,0,3,American,1,5.703782474656201,9.680406499268875,300.0,0.3991031390134529
2026-09-19 21:12:19,Pune,Hadapsar,18.5089,73.926,69944,NIC Ice Creams,Suddhi Vinayak Angan,Sasane Nagar,₹120 for two,Ice Cream|Desserts,4.7,17K+,15,3.0,True,True,70% OFF,UPTO ₹140,,6249,120.0,17000.0,percent,70.0,0.0,140.0,,,1,35,1,2,Ice Cream,1,4.787491742782046,9.741027444837728,120.0,0.012448132780082987
2026-09-19 21:12:19,Mumbai,Borivali,19.2307,72.8567,70697,Theobroma,Borivali West,Borivali West,₹400 for two,Bakery|Desserts,4.5,15K+,20,1.3,True,False,ITEMS,AT ₹37,,1040,400.0,15000.0,item_price_point,0.0,0.0,,,37.0,1,44,1,2,Bakery,1,5.991464547107982,9.61587214452889,400.0,0.7193308550185874
2026-09-19 21:12:19,Pune,Wakad,18.5985,73.7625,71436,The Regent Veg Restaurant,Wakad,Wakad,₹600 for two,North Indian|Chinese|Continental,4.2,2.2K+,18,2.1,True,True,70% OFF,UPTO ₹140,,213068,600.0,2200.0,percent,70.0,0.0,140.0,,,1,1,0,3,North Indian,1,6.396929655216146,7.696667081526462,600.0,0.966804979253112
2026-09-19 21:12:19,Pune,Viman Nagar,18.5679,73.9143,71871,Sweet Truth - Cake and Desserts,Rosary School,Viman Nagar,₹450 for two,Desserts|Ice Cream|Bakery|Beverages,4.4,2.0K+,15,0.4,True,False,ITEMS,AT ₹69,,4444,450.0,2000.0,item_price_point,0.0,0.0,,,69.0,1,32,1,4,Desserts,1,6.1092475827643655,7.601402334583733,450.0,0.8692946058091287
2026-09-19 21:12:19,Hyderabad,Gachibowli,17.4401,78.3489,72810,NIC Ice Creams,Indra Nagar,Gachibowli,₹120 for two,Ice Cream|Desserts,4.5,15K+,30,2.6,True,True,70% OFF,UPTO ₹140,,6249,120.0,15000.0,percent,70.0,0.0,140.0,,,1,35,1,2,Ice Cream,1,4.787491742782046,9.61587214452889,120.0,0.023809523809523808
2026-09-19 21:12:19,Mumbai,Vashi,19.0771,72.9986,73062,Chinese Wok,Sanpada,Vashi,₹250 for two,Chinese|Asian|Tibetan|Desserts,4.1,10K+,36,4.1,True,False,70% OFF,UPTO ₹140,,61955,250.0,10000.0,percent,70.0,0.0,140.0,,,1,22,1,4,Chinese,1,5.521460917862246,9.210440366976517,250.0,0.2695167286245353
2026-09-19 21:12:19,Pune,Wakad,18.5985,73.7625,73272,UFO Fries & Corn (Wakad),Shankar Kalat Nagar,Wakad,₹350 for two,Desserts|Beverages,4.0,7.3K+,23,0.7,True,True,ITEMS,AT ₹119,,219109,350.0,7300.0,item_price_point,0.0,0.0,,,119.0,2,1,0,2,Desserts,1,5.857933154483459,8.895766604056085,350.0,0.549792531120332
2026-09-19 21:12:19,Hyderabad,Gachibowli,17.4401,78.3489,73350,Agra Sweets Banjara,Gachibowli,Gachibowli,₹250 for two,Sweets|Desserts|Chaat|Snacks|Beverages,4.2,21K+,28,1.2,True,True,45% OFF,UPTO ₹90,,34,250.0,21000.0,percent,45.0,0.0,90.0,,,1,5,1,5,Sweets,1,5.521460917862246,9.952325334619427,250.0,0.25757575757575757
2026-09-19 21:12:19,Pune,Baner,18.559,73.7868,73434,Pizza Hut,Baner,Baner,₹350 for two,Pizzas,4.1,10K+,22,2.2,True,False,50% OFF,,FLAT DEAL,721,350.0,10000.0,percent,50.0,0.0,,,,1,46,1,1,Pizzas,1,5.857933154483459,9.210440366976517,350.0,0.549792531120332
2026-09-19 21:12:19,Chennai,Anna Nagar,13.085,80.2101,74037,Burger King,Anna Nagar,Thirumangalam,₹350 for two,Burgers|American,4.2,36K+,27,1.9,True,False,ITEMS,AT ₹39,,166,350.0,36000.0,item_price_point,0.0,0.0,,,39.0,1,44,1,2,Burgers,1,5.857933154483459,10.491301994830229,350.0,0.5516528925619835
2026-09-19 21:12:19,Mumbai,Borivali,19.2307,72.8567,74051,NIC Ice Creams,Sane Residency,Borivali West,₹120 for two,Ice Cream|Desserts,4.6,18K+,22,1.2,True,False,70% OFF,UPTO ₹140,,6249,120.0,18000.0,percent,70.0,0.0,140.0,,,1,35,1,2,Ice Cream,1,4.787491742782046,9.798182590890704,120.0,0.016728624535315983
2026-09-19 21:12:19,Kolkata,Tollygunge,22.495,88.345,74374,NIC Ice Creams,Jadavpur,Bapuji Nagar,₹120 for two,Ice Cream|Desserts,4.8,22K+,33,3.9,True,True,ITEMS,AT ₹42,,6249,120.0,22000.0,item_price_point,0.0,0.0,,,42.0,2,35,1,2,Ice Cream,1,4.787491742782046,9.99884318585288,120.0,0.03524229074889868
2026-09-19 21:12:19,Pune,Kharadi,18.5515,73.947,74379,McDonald's,Bhalerao Road,Kharadi,₹400 for two,Burgers|Beverages|Cafe|Desserts,4.3,23K+,19,0.8,True,False,ITEMS,AT ₹64,,630,400.0,23000.0,item_price_point,0.0,0.0,,,64.0,1,55,1,4,Burgers,1,5.991464547107982,10.043292972227004,400.0,0.7365145228215768
2026-09-19 21:12:19,Mumbai,Bandra West,19.0596,72.8295,75087,NIC Ice Creams,Khar Road West,Bandra West,₹120 for two,Ice Cream|Desserts,4.6,13K+,25,2.0,True,True,ITEMS,AT ₹42,,6249,120.0,13000.0,item_price_point,0.0,0.0,,,42.0,1,35,1,2,Ice Cream,1,4.787491742782046,9.472781556562168,120.0,0.016728624535315983
2026-09-19 21:12:19,Mumbai,Malad West,19.1868,72.8484,76686,NIC Ice Creams,Ushma Nagar,Malad West,₹120 for two,Ice Cream|Desserts,4.7,15K+,36,3.0,True,True,70% OFF,UPTO ₹140,,6249,120.0,15000.0,percent,70.0,0.0,140.0,,,1,35,1,2,Ice Cream,1,4.787491742782046,9.61587214452889,120.0,0.016728624535315983
2026-09-19 21:12:19,Mumbai,Andheri West,19.1364,72.8296,76772,Pishu's,Andheri Lokhandwala,Andheri Lokhandwala,₹300 for two,Healthy Food|Juices|Salads|Pastas|Italian|Italian-American,4.5,11K+,28,,True,False,70% OFF,UPTO ₹140,,1268,300.0,11000.0,percent,70.0,0.0,140.0,,,1,1,0,6,Healthy Food,1,5.703782474656201,9.305741456739435,300.0,0.4312267657992565
2026-09-19 21:12:19,Chennai,Perambur,13.1143,80.233,77235,Sangeetha Veg Restaurant,Perambur,Perambur,₹300 for two,North Indian|South Indian|Chinese,4.6,96K+,24,1.5,True,False,ITEMS,AT ₹49,,1260,300.0,96000.0,item_price_point,0.0,0.0,,,49.0,1,8,1,3,North Indian,1,5.703782474656201,11.472113887062386,300.0,0.4049586776859504
2026-09-19 21:12:19,Pune,Koregaon Park,18.5362,73.8939,77625,Baskin Robbins - Ice Cream Desserts,F Bramha Residences,Wadgaon Sheri,₹200 for two,Desserts,4.5,2.5K+,22,4.3,True,True,ITEMS,AT ₹15,,5588,200.0,2500.0,item_price_point,0.0,0.0,,,15.0,2,59,1,1,Desserts,1,5.298317366548036,7.824445930877619,200.0,0.12863070539419086
2026-09-19 21:12:19,Mumbai,Chembur,19.0522,72.9005,79224,NIC Ice Creams,RC Barrack No 18,Chembur,₹120 for two,Ice Cream|Desserts,4.7,16K+,23,1.4,True,True,70% OFF,UPTO ₹140,,6249,120.0,16000.0,percent,70.0,0.0,140.0,,,1,35,1,2,Ice Cream,1,4.787491742782046,9.680406499268875,120.0,0.016728624535315983
2026-09-19 21:12:19,Delhi,Karol Bagh,28.6519,77.1909,79302,Behrouz Biryani,Rajendra Place,Rajendra Place,₹500 for two,Biryani|North Indian|Kebabs|Mughlai|Beverages|Desserts,4.3,10K+,25,2.6,True,False,65% OFF,UPTO ₹125,,1803,500.0,10000.0,percent,65.0,0.0,125.0,,,1,12,1,6,Biryani,1,6.214608098422191,9.210440366976517,500.0,0.9349775784753364
2026-09-19 21:12:19,Delhi,Karol Bagh,28.6519,77.1909,79321,LunchBox - Meals and Thalis,DDA Market,Rajendra Place,₹200 for two,Thalis|North Indian|Biryani,4.3,12K+,29,2.6,True,False,ITEMS,AT ₹99,,4925,200.0,12000.0,item_price_point,0.0,0.0,,,99.0,1,17,1,3,Thalis,1,5.298317366548036,9.392745258631441,200.0,0.08968609865470852
2026-09-19 21:12:19,Bengaluru,Whitefield,12.9698,77.75,79466,Domino's Pizza,Whitefield,Whitefield,₹400 for two,Pizzas|Italian|Pastas|Desserts,4.3,18K+,20,2.1,True,False,ITEMS,AT ₹39,,2456,400.0,18000.0,item_price_point,0.0,0.0,,,39.0,1,51,1,4,Pizzas,1,5.991464547107982,9.798182590890704,400.0,0.7628458498023716
2026-09-19 21:12:19,Delhi,Rohini,28.7495,77.0565,81282,Sweet Truth - Cake and Desserts,Sector 17,Rohini,₹450 for two,Desserts|Ice Cream|Bakery|Beverages,4.2,1.4K+,35,7.0,True,False,70% OFF,UPTO ₹140,,4444,450.0,1400.0,percent,70.0,0.0,140.0,,,1,32,1,4,Desserts,1,6.1092475827643655,7.244941546337007,450.0,0.9013452914798207
2026-09-19 21:12:19,Bengaluru,HSR Layout,12.9116,77.6446,81642,Aligarh House,HSR Layout,HSR Layout,₹400 for two,Biryani|Mughlai|Kebabs|Lucknowi|Fast Food|Desserts|Beverages,4.4,11K+,36,1.3,True,False,,,,586111,400.0,11000.0,none,0.0,0.0,,,,1,1,0,7,Biryani,0,5.991464547107982,9.305741456739435,400.0,0.7628458498023716
2026-09-19 21:12:19,Bengaluru,Koramangala,12.9352,77.6245,81944,Nasi and Mee,Koramangala,Koramangala,₹800 for two,Pan-Asian|Singaporean|Malaysian|Japanese|Thai,4.6,7.4K+,41,0.8,True,False,,,,19997,800.0,7400.0,none,0.0,0.0,,,,1,2,0,5,Pan-Asian,0,6.684611727667927,8.909370405197466,800.0,0.9920948616600791
2026-09-19 21:12:19,Delhi,Vasant Kunj,28.52,77.1591,82672,Bikkgane Biryani,Sector D,Vasant Kunj,₹400 for two,Biryani| Hyderabadi| Andhra| Lucknowi| Kolkata| Desserts|Beverages,4.3,23K+,25,1.4,True,False,65% OFF,UPTO ₹125,,5070,400.0,23000.0,percent,65.0,0.0,125.0,,,1,13,1,7,Biryani,1,5.991464547107982,10.043292972227004,400.0,0.7511210762331838
2026-09-19 21:12:19,Kolkata,Salt Lake,22.58,88.42,83494,Baskin Robbins - Ice Cream Desserts,Sector 1,Bidhannagar,₹400 for two,Desserts|Ice Cream,4.6,2.9K+,29,3.0,True,True,ITEMS,AT ₹15,,5588,400.0,2900.0,item_price_point,0.0,0.0,,,15.0,1,59,1,2,Desserts,1,5.991464547107982,7.972810784121404,400.0,0.6938325991189427
2026-09-19 21:12:19,Kolkata,New Town,22.58,88.46,83835,Baskin Robbins - Ice Cream Desserts,Salt Lake,Rajarhat,₹400 for two,Desserts|Ice Cream,4.6,1.7K+,15,,True,True,ITEMS,AT ₹15,,5588,400.0,1700.0,item_price_point,0.0,0.0,,,15.0,1,59,1,2,Desserts,1,5.991464547107982,7.438971592395862,400.0,0.6938325991189427
2026-09-19 21:12:19,Chennai,Nungambakkam,13.0569,80.2425,86724,Nasi And Mee,Nungambakkam,Nungambakkam,₹800 for two,Pan-Asian|Singaporean|Malaysian|Japanese|Thai,4.6,9.4K+,32,1.5,True,False,,,,19997,800.0,9400.0,none,0.0,0.0,,,,2,2,0,5,Pan-Asian,0,6.684611727667927,9.148571345578551,800.0,0.993801652892562
2026-09-19 21:12:19,Bengaluru,Hebbal,13.0358,77.597,87155,Behrouz Biryani,80 ft Road,RT Nagar,₹500 for two,Biryani|North Indian|Kebabs|Mughlai|Lucknowi|Hyderabadi|Desserts|Beverages,4.3,4.5K+,33,1.4,True,False,65% OFF,UPTO ₹125,,1803,500.0,4500.0,percent,65.0,0.0,125.0,,,1,12,1,8,Biryani,1,6.214608098422191,8.412054873292933,500.0,0.9387351778656127
2026-09-19 21:12:19,Bengaluru,Hebbal,13.0358,77.597,87164,Sweet Truth - Cake and Desserts,80 ft Road,RT Nagar,₹450 for two,Desserts|Ice Cream|Bakery|Beverages,4.2,1.1K+,28,1.4,True,False,70% OFF,UPTO ₹140,,4444,450.0,1100.0,percent,70.0,0.0,140.0,,,1,32,1,4,Desserts,1,6.1092475827643655,7.00397413672268,450.0,0.8873517786561265
2026-09-19 21:12:19,Kolkata,Dumdum,22.642,88.422,87313,Cafe Coffee Day,Koyla vihar,Kaikhali,₹400 for two,Beverages|Cafe|Snacks|Desserts|Burgers|Ice Cream|Bakery|Fast Food,4.6,2.8K+,29,2.5,True,False,70% OFF,UPTO ₹140,,1,400.0,2800.0,percent,70.0,0.0,140.0,,,1,3,1,8,Beverages,1,5.991464547107982,7.937731775260109,400.0,0.6938325991189427
2026-09-19 21:12:19,Kolkata,Salt Lake,22.58,88.42,87370,Food Bay,"City Centre 1, Sector 1, Salt Lake",Bidhannagar,₹300 for two,Seafood,4.3,1.1K+,38,2.1,True,False,ITEMS,AT ₹79,,80975,300.0,1100.0,item_price_point,0.0,0.0,,,79.0,2,2,0,1,Seafood,1,5.703782474656201,7.00397413672268,300.0,0.42290748898678415
2026-09-19 21:12:19,Mumbai,Vashi,19.0771,72.9986,88630,NIC Ice Creams,Sector No-2,Vashi,₹120 for two,Ice Cream|Desserts,4.7,17K+,13,1.4,True,True,70% OFF,UPTO ₹140,,6249,120.0,17000.0,percent,70.0,0.0,140.0,,,1,35,1,2,Ice Cream,1,4.787491742782046,9.741027444837728,120.0,0.016728624535315983
2026-09-19 21:12:19,Pune,Wakad,18.5985,73.7625,89140,KFC,Wakad Road,Hinjawadi,₹400 for two,Burgers|Fast Food|Rolls & Wraps,4.0,19K+,14,2.4,True,False,50% OFF,,FLAT DEAL,547,400.0,19000.0,percent,50.0,0.0,,,,2,58,1,3,Burgers,1,5.991464547107982,9.852246888342531,400.0,0.7365145228215768
2026-09-19 21:12:19,Pune,Hinjewadi,18.5913,73.7389,89750,CakeZone Patisserie,OPP YES BANK,Wakad Road,₹200 for two,Bakery|Desserts|Sweets|Ice Cream,4.4,27K+,9,0.3,True,False,70% OFF,UPTO ₹140,,7003,200.0,27000.0,percent,70.0,0.0,140.0,,,1,11,1,4,Bakery,1,5.298317366548036,10.203629181337648,200.0,0.12863070539419086
2026-09-19 21:12:19,Delhi,Connaught Place,28.6315,77.2167,90566,Chaayos Chai+Snacks=Relax,Connaught Place,Connaught Place,₹250 for two,Beverages|Chaat|Bakery|Snacks|Street Food|healthy|Home Food|Maharashtrian|Italian|Desserts,4.6,9.5K+,15,0.4,True,False,51% OFF,,FLAT DEAL,281782,250.0,9500.0,percent,51.0,0.0,,,,1,16,1,10,Beverages,1,5.521460917862246,9.15915233520675,250.0,0.21973094170403587
2026-09-19 21:12:19,Mumbai,Lower Parel,18.996,72.8258,90864,The Belgian Waffle Co.,Lower Parel,Lower Parel,₹200 for two,Waffle|Desserts|Ice Cream,4.6,5.2K+,29,1.5,True,True,30% OFF,UPTO ₹60,,2233,200.0,5200.0,percent,30.0,0.0,60.0,,,1,47,1,3,Waffle,1,5.298317366548036,8.556606193773073,200.0,0.13382899628252787
2026-09-19 21:12:19,Mumbai,Thane West,19.2183,72.9781,91287,NIC Ice Creams,Pokhran Road,Thane West,₹120 for two,Ice Cream|Desserts,4.7,17K+,29,2.8,True,True,70% OFF,UPTO ₹140,,6249,120.0,17000.0,percent,70.0,0.0,140.0,,,1,35,1,2,Ice Cream,1,4.787491742782046,9.741027444837728,120.0,0.016728624535315983
2026-09-19 21:12:19,Kolkata,Ballygunge,22.529,88.365,91293,Dhaba Junction,Ballygunge,South Kolkata,₹250 for two,Bengali|Thalis,4.3,32K+,31,0.9,True,False,50% OFF,,FLAT DEAL,15850,250.0,32000.0,percent,50.0,0.0,,,,1,1,0,2,Bengali,1,5.521460917862246,10.373522431293592,250.0,0.2841409691629956
2026-09-19 21:12:19,Kolkata,Dumdum,22.642,88.422,91744,Annapurna Khabar Ghar,Dumdum,Dum Dum,₹100 for two,Indian|Biryani|Chinese,4.3,17K+,25,0.9,True,False,50% OFF,,FLAT DEAL,34090,100.0,17000.0,percent,50.0,0.0,,,,1,1,0,3,Indian,1,4.605170185988092,9.741027444837728,120.0,0.03524229074889868
2026-09-19 21:12:19,Bengaluru,Malleshwaram,13.0035,77.5647,92283,McDonald's,Orion Mall,Malleshwaram,₹400 for two,Burgers|Beverages|Cafe|Desserts,4.3,8.7K+,40,1.8,True,False,ITEMS,AT ₹64,,630,400.0,8700.0,item_price_point,0.0,0.0,,,64.0,1,55,1,4,Burgers,1,5.991464547107982,9.071193240566025,400.0,0.7628458498023716
2026-09-19 21:12:19,Hyderabad,Secunderabad,17.4399,78.4983,92498,Sweet Truth - Cake and Desserts,MAHALAXMI TRADE CENTER,Karkhana,₹450 for two,Desserts|Ice Cream|Bakery|Beverages,4.2,1.9K+,31,2.9,True,False,70% OFF,UPTO ₹140,,4444,450.0,1900.0,percent,70.0,0.0,140.0,,,1,32,1,4,Desserts,1,6.1092475827643655,7.550135342488429,450.0,0.7835497835497836
2026-09-19 21:12:19,Chennai,T. Nagar,13.0418,80.2341,93242,McDonald's,Pondy Bazzar,T. Nagar,₹400 for two,Burgers|Beverages|Cafe|Desserts,4.3,28K+,20,0.3,True,False,ITEMS,AT ₹64,,630,400.0,28000.0,item_price_point,0.0,0.0,,,64.0,1,55,1,4,Burgers,1,5.991464547107982,10.239995502805316,400.0,0.7396694214876033
2026-09-19 21:12:19,Hyderabad,Madhapur,17.4483,78.3915,93740,Maharaja chaat and foods,Madhapur,Madhapur,₹200 for two,Fast Food,4.3,17K+,27,1.4,True,True,₹550 OFF,ABOVE ₹2499,FLAT DEAL,19733,200.0,17000.0,flat,0.0,550.0,,2499.0,,1,1,0,1,Fast Food,1,5.298317366548036,9.741027444837728,200.0,0.09523809523809523
2026-09-19 21:12:19,Kolkata,Dumdum,22.642,88.422,93821,Wow! China,New Town,Rajarhat,₹400 for two,Chinese|Asian|fastfood|Beverages|Snacks,4.1,8.8K+,58,6.0,True,False,70% OFF,UPTO ₹140,,226836,400.0,8800.0,percent,70.0,0.0,140.0,,,1,20,1,5,Chinese,1,5.991464547107982,9.082620630373812,400.0,0.6938325991189427
2026-09-19 21:12:19,Chennai,Mylapore,13.0339,80.2698,95152,"Faasos - Wraps, Rolls & Shawarma",Bharathi Salai,Triplicane,₹200 for two,Wraps|rolls|Fast Food|Burger|shawarma|Rice Bowls,4.3,7.7K+,33,3.7,True,False,65% OFF,UPTO ₹125,,21809,200.0,7700.0,percent,65.0,0.0,125.0,,,1,15,1,6,Wraps,1,5.298317366548036,8.94910546953925,200.0,0.10950413223140495
2026-09-19 21:12:19,Chennai,Mylapore,13.0339,80.2698,95158,Sweet Truth - Cake and Desserts,Bharathi Salai,Triplicane,₹450 for two,Desserts|Ice Cream|Bakery|Beverages,4.3,1.6K+,28,3.7,True,False,ITEMS,AT ₹69,,4444,450.0,1600.0,item_price_point,0.0,0.0,,,69.0,1,32,1,4,Desserts,1,6.1092475827643655,7.3783837129967145,450.0,0.8615702479338843
2026-09-19 21:12:19,Chennai,Mylapore,13.0339,80.2698,95159,LunchBox - Meals and Thalis,Bharathi Salai,Triplicane,₹200 for two,Thalis|North Indian|Biryani|South Indian|Desserts|Beverages,4.5,7.2K+,34,3.7,True,False,ITEMS,AT ₹99,,4925,200.0,7200.0,item_price_point,0.0,0.0,,,99.0,1,17,1,6,Thalis,1,5.298317366548036,8.881975184248867,200.0,0.10950413223140495
2026-09-19 21:12:19,Hyderabad,Begumpet,17.4435,78.4645,100942,Lucky Multicuisine Restaurant,Somajiguda,Somajiguda,₹350 for two,Biryani|Tandoor|South Indian,3.9,78K+,43,5.0,True,False,70% OFF,UPTO ₹140,,18963,350.0,78000.0,percent,70.0,0.0,140.0,,,3,3,1,3,Biryani,1,5.857933154483459,11.264476926102367,350.0,0.6060606060606061
2026-09-19 21:12:19,Pune,Kothrud,18.5074,73.8077,101442,Shri Swami Samartha Pure Veg,Kothrud,Kothrud,₹200 for two,North Indian|Chinese|pav bhaji|Biryani|Beverages|Desert ,4.1,24K+,12,0.3,True,True,70% OFF,UPTO ₹140,,187092,200.0,24000.0,percent,70.0,0.0,140.0,,,1,1,0,6,North Indian,1,5.298317366548036,10.085850775128717,200.0,0.12863070539419086
2026-09-19 21:12:19,Delhi,Rohini,28.7495,77.0565,101657,NIC Ice Creams,Block D PKT8,Rohini,₹120 for two,Ice Cream|Desserts,4.6,13K+,33,7.8,True,True,ITEMS,AT ₹42,,6249,120.0,13000.0,item_price_point,0.0,0.0,,,42.0,1,35,1,2,Ice Cream,1,4.787491742782046,9.472781556562168,120.0,0.013452914798206279
2026-09-19 21:12:19,Mumbai,Lower Parel,18.996,72.8258,102003,NIC Ice Creams,DELISLE ROAD,Lower Parel,₹120 for two,Ice Cream|Desserts,4.7,9.1K+,28,2.4,True,True,70% OFF,UPTO ₹140,,6249,120.0,9100.0,percent,70.0,0.0,140.0,,,1,35,1,2,Ice Cream,1,4.787491742782046,9.116139576577355,120.0,0.016728624535315983
2026-09-19 21:12:19,Hyderabad,Kukatpally,17.4849,78.4138,104530,Bakingo,K P H B Phase 1,Nizampet,₹300 for two,Bakery|Desserts|Beverages|Snacks,4.5,20K+,32,3.0,True,False,ITEMS,AT ₹649,,3818,300.0,20000.0,item_price_point,0.0,0.0,,,649.0,1,39,1,4,Bakery,1,5.703782474656201,9.90353755128617,300.0,0.48484848484848486
2026-09-19 21:12:19,Chennai,Nungambakkam,13.0569,80.2425,107139,NIC Ice Creams,Shilver Park Apartment,T. Nagar,₹120 for two,Ice Cream|Desserts,4.7,16K+,23,3.6,True,True,70% OFF,UPTO ₹140,,6249,120.0,16000.0,percent,70.0,0.0,140.0,,,1,35,1,2,Ice Cream,1,4.787491742782046,9.680406499268875,120.0,0.024793388429752067
2026-09-19 21:12:19,Chennai,Porur,13.0359,80.1567,107728,Zaitoon,Valluvar Street,Ramapuram,₹450 for two,North Indian|Arabian|Chinese,4.2,66K+,31,4.0,True,False,₹200 OFF,ABOVE ₹599,FLAT DEAL,4555,450.0,66000.0,flat,0.0,200.0,,599.0,,1,3,1,3,North Indian,1,6.1092475827643655,11.097425172408931,450.0,0.8615702479338843
2026-09-19 21:12:19,Mumbai,Dadar,19.0178,72.8478,108765,Kirti Mahal Legacy,Parel,Parel,₹350 for two,Indian|South Indian|Chinese|Punjabi|Fast Food|Juices,4.4,36K+,31,1.5,True,True,50% OFF,,FLAT DEAL,368699,350.0,36000.0,percent,50.0,0.0,,,,1,1,0,6,Indian,1,5.857933154483459,10.491301994830229,350.0,0.5353159851301115
2026-09-19 21:12:19,Hyderabad,Begumpet,17.4435,78.4645,108985,NIC Ice Creams,Ameerpeth,Begumpet,₹120 for two,Ice Cream|Desserts,4.5,24K+,36,4.1,True,True,70% OFF,UPTO ₹140,,6249,120.0,24000.0,percent,70.0,0.0,140.0,,,1,35,1,2,Ice Cream,1,4.787491742782046,10.085850775128717,120.0,0.023809523809523808
2026-09-19 21:12:19,Mumbai,Chembur,19.0522,72.9005,109781,Jeevan Boarding House,Chembur,Chembur,₹150 for two,Thalis|Indian,4.5,10K+,26,1.1,True,True,ITEMS,AT ₹45,,2835,150.0,10000.0,item_price_point,0.0,0.0,,,45.0,1,1,0,2,Thalis,1,5.0106352940962555,9.210440366976517,150.0,0.055762081784386616
2026-09-19 21:12:19,Chennai,Velachery,12.9756,80.2207,110529,The Belgian Waffle Co.,Seetaram Nagar,Velachery,₹200 for two,Waffle|Desserts|Ice Cream,4.6,8.6K+,24,1.6,True,True,30% OFF,UPTO ₹60,,2233,200.0,8600.0,percent,30.0,0.0,60.0,,,1,47,1,3,Waffle,1,5.298317366548036,9.059633754551479,200.0,0.10950413223140495
2026-09-19 21:12:19,Mumbai,Andheri West,19.1364,72.8296,110824,Baskin Robbins - Ice Cream Desserts,INFINITI - ANDHERI Infiniti Mall,Andheri West,₹350 for two,Desserts,4.3,692,43,1.4,True,True,ITEMS,AT ₹15,,5588,350.0,692.0,item_price_point,0.0,0.0,,,15.0,1,59,1,1,Desserts,1,5.857933154483459,6.541029999189903,350.0,0.5353159851301115
2026-09-19 21:12:19,Mumbai,Borivali,19.2307,72.8567,111604,Bhagwati Veg Restaurant,Borivali West,Borivali West,₹550 for two,Chinese|Biryani|South Indian,4.3,27K+,36,2.8,True,False,50% OFF,UPTO ₹100,,1840,550.0,27000.0,percent,50.0,0.0,100.0,,,1,1,0,3,Chinese,1,6.309918278226516,10.203629181337648,550.0,0.9219330855018587
2026-09-19 21:12:19,Bengaluru,Hebbal,13.0358,77.597,111834,Bakingo,P&T Colony,Ganganagar,₹300 for two,Bakery|Desserts|Beverages|Snacks,4.5,11K+,30,2.0,True,False,ITEMS,AT ₹69,,3818,300.0,11000.0,item_price_point,0.0,0.0,,,69.0,1,39,1,4,Bakery,1,5.703782474656201,9.305741456739435,300.0,0.4782608695652174
2026-09-19 21:12:19,Pune,Kothrud,18.5074,73.8077,112062,Aroma's Hyderabad House,Warje,Warje,₹500 for two,Biryani|Hyderabadi|Mughlai|Chinese,4.4,33K+,32,5.0,True,False,ITEMS,AT ₹69,,71,500.0,33000.0,item_price_point,0.0,0.0,,,69.0,1,4,1,4,Biryani,1,6.214608098422191,10.404293143019792,500.0,0.9149377593360996
2026-09-19 21:12:19,Hyderabad,Dilsukhnagar,17.3687,78.5247,114253,Shah Ghouse Hotel & Restaurant,Kothapet & Dilsukhnagar,L B Nagar,₹350 for two,Biryani|Chinese|Mughlai|Tandoor,4.2,79K+,35,7.0,True,False,,,,19271,350.0,79000.0,none,0.0,0.0,,,,1,2,0,4,Biryani,0,5.857933154483459,11.277215789596893,350.0,0.6060606060606061
2026-09-19 21:12:19,Hyderabad,Miyapur,17.4968,78.3577,118675,Baskin Robbins - Ice Cream Desserts,Chandanagar,Icrisat Colony,₹300 for two,Desserts|Ice Cream,4.4,3.8K+,29,2.7,True,True,ITEMS,AT ₹15,,5588,300.0,3800.0,item_price_point,0.0,0.0,,,15.0,1,59,1,2,Desserts,1,5.703782474656201,8.24301946898925,300.0,0.48484848484848486
2026-09-19 21:12:19,Chennai,Mylapore,13.0339,80.2698,118749,Ambur Star Briyani,PONDY BAZZAR,T. Nagar,₹500 for two,Biryani|South Indian|Indian|Chinese|Tandoor|Beverages,4.4,26K+,31,5.0,True,False,ITEMS,AT ₹199,,5455,500.0,26000.0,item_price_point,0.0,0.0,,,199.0,2,7,1,6,Biryani,1,6.214608098422191,10.165890277802454,500.0,0.9070247933884298
2026-09-19 21:12:19,Pune,Koregaon Park,18.5362,73.8939,120806,Cafe Arabia,Vadgaonsheri,Kalyani Nagar ,₹400 for two,shawarma|Rolls & Wraps|Lebanese|Middle Eastern|Arabian|Salads|Fast Food|healthy|Mediterranean,4.4,5.0K+,29,4.4,True,False,₹200 OFF,ABOVE ₹699,FLAT DEAL,177,400.0,5000.0,flat,0.0,200.0,,699.0,,1,2,0,9,shawarma,1,5.991464547107982,8.517393171418904,400.0,0.7365145228215768
2026-09-19 21:12:19,Pune,Kothrud,18.5074,73.8077,120807,Cafe Arabia,Kothrud,Kothrud,₹400 for two,shawarma|Rolls & Wraps|Lebanese|Arabian|Fast Food|Middle Eastern|Salad|healthy|Mediterranean,4.3,7.0K+,19,1.0,True,False,₹200 OFF,ABOVE ₹699,FLAT DEAL,177,400.0,7000.0,flat,0.0,200.0,,699.0,,1,2,0,9,shawarma,1,5.991464547107982,8.853808274977197,400.0,0.7365145228215768
2026-09-19 21:12:19,Mumbai,Lower Parel,18.996,72.8258,121797,Bake Ur Day - Freshest Cakes,Prabhadevi,Prabhadevi,₹250 for two,Desserts|Bakery|Cakes and Pastries|Beverages,4.3,7.8K+,33,3.0,True,True,60% OFF,UPTO ₹120,,444438,250.0,7800.0,percent,60.0,0.0,120.0,,,1,1,0,4,Desserts,1,5.521460917862246,8.962007209588313,250.0,0.2695167286245353
2026-09-19 21:12:19,Mumbai,Thane West,19.2183,72.9781,122592,Sweet Truth - Cake and Desserts,Azad Nagar,Thane West,₹450 for two,Desserts|Ice Cream|Bakery|Beverages,3.8,1.7K+,27,1.1,True,False,ITEMS,AT ₹69,,4444,450.0,1700.0,item_price_point,0.0,0.0,,,69.0,1,32,1,4,Desserts,1,6.1092475827643655,7.438971592395862,450.0,0.8568773234200744
2026-09-19 21:12:19,Chennai,Anna Nagar,13.085,80.2101,123479,NIC Ice Creams,Anna Nagar,Anna Nagar,₹120 for two,Ice Cream|Desserts,4.7,15K+,19,1.0,True,False,70% OFF,UPTO ₹140,,6249,120.0,15000.0,percent,70.0,0.0,140.0,,,1,35,1,2,Ice Cream,1,4.787491742782046,9.61587214452889,120.0,0.024793388429752067
2026-09-19 21:12:19,Chennai,Adyar,13.0012,80.2565,123481,NIC Ice Creams,Ellaimman Koil Street,Adyar,₹120 for two,Ice Cream|Desserts,4.6,11K+,11,1.4,True,True,70% OFF,UPTO ₹140,,6249,120.0,11000.0,percent,70.0,0.0,140.0,,,1,35,1,2,Ice Cream,1,4.787491742782046,9.305741456739435,120.0,0.024793388429752067
2026-09-19 21:12:19,Hyderabad,Dilsukhnagar,17.3687,78.5247,124595,Sweet Truth - Cake and Desserts,Moosarambagh,New Malakpet,₹450 for two,Desserts|Ice Cream|Bakery|Beverages,4.1,2.7K+,24,1.2,True,False,ITEMS,AT ₹69,,4444,450.0,2700.0,item_price_point,0.0,0.0,,,69.0,1,32,1,4,Desserts,1,6.1092475827643655,7.901377353792616,450.0,0.7835497835497836
2026-09-19 21:12:19,Kolkata,Dumdum,22.642,88.422,124841,Mio Amore - The Cake Shop,Dumdum,Airport,₹150 for two,Bakery|Desserts|Snacks|Confectionery,4.6,16K+,20,1.3,True,False,,,,292958,150.0,16000.0,none,0.0,0.0,,,,1,7,1,4,Bakery,0,5.0106352940962555,9.680406499268875,150.0,0.10572687224669604
2026-09-19 21:12:19,Mumbai,Malad West,19.1868,72.8484,124880,Evorea,Malad West,Malad West,₹400 for two,Desserts|Bakery|Sweets,4.4,7.1K+,19,0.9,True,True,ITEMS,AT ₹65,,604083,400.0,7100.0,item_price_point,0.0,0.0,,,65.0,1,2,0,3,Desserts,1,5.991464547107982,8.867990898182093,400.0,0.7193308550185874
2026-09-19 21:12:19,Kolkata,Tollygunge,22.495,88.345,124991,Dariole,Southern Avenue,Kalighat,₹150 for two,Bakery|Desserts,4.7,5.1K+,32,2.8,True,False,ITEMS,AT ₹35,,6960,150.0,5100.0,item_price_point,0.0,0.0,,,35.0,1,1,0,2,Bakery,1,5.0106352940962555,8.537191877922927,150.0,0.10572687224669604
2026-09-19 21:12:19,Chennai,OMR Thoraipakkam,12.94,80.234,125354,Behrouz Biryani,Kandanchavadi,Perungudi,₹500 for two,Biryani|Kebabs|Mughlai|Lucknowi|Hyderabadi|Desserts|Beverages,4.2,4.2K+,35,4.9,True,False,65% OFF,UPTO ₹125,,1803,500.0,4200.0,percent,65.0,0.0,125.0,,,1,12,1,7,Biryani,1,6.214608098422191,8.343077871169383,500.0,0.9070247933884298
2026-09-19 21:12:19,Chennai,OMR Thoraipakkam,12.94,80.234,125369,LunchBox - Meals and Thalis,Kandanchavadi,Perungudi,₹200 for two,Thalis|North Indian|Biryani|South Indian|Desserts|Beverages,4.5,12K+,33,4.9,True,False,ITEMS,AT ₹99,,4925,200.0,12000.0,item_price_point,0.0,0.0,,,99.0,1,17,1,6,Thalis,1,5.298317366548036,9.392745258631441,200.0,0.10950413223140495
2026-09-19 21:12:19,Chennai,Adyar,13.0012,80.2565,126189,Shree Mithai,Besant Avenue Road,Adyar,₹250 for two,Sweets|Desserts|Street Food|Chaat,4.7,66K+,21,1.2,True,True,ITEMS,AT ₹29,,6988,250.0,66000.0,item_price_point,0.0,0.0,,,29.0,1,2,0,4,Sweets,1,5.521460917862246,11.097425172408931,250.0,0.24380165289256198
2026-09-19 21:12:19,Hyderabad,Kondapur,17.4615,78.3639,127321,Taco Bell,Saraths City Capital Shopping Mall,Forest Dept Colony,₹300 for two,Mexican|Fast Food|Snacks,4.1,8.6K+,36,0.9,True,False,ITEMS,AT ₹39,,1557,300.0,8600.0,item_price_point,0.0,0.0,,,39.0,1,20,1,3,Mexican,1,5.703782474656201,9.059633754551479,300.0,0.48484848484848486
2026-09-19 21:12:19,Hyderabad,Gachibowli,17.4401,78.3489,128086,"UBQ-Meals,Thalis & Bowls",RAJENDRA NAGAR,CENTARUS BY PHOENIX,₹300 for two,North Indian|Kebabs|Barbecue|Biryani|Street Food|Snacks,4.1,5.3K+,26,1.7,True,False,₹200 OFF,ABOVE ₹2999,FLAT DEAL,617376,300.0,5300.0,flat,0.0,200.0,,2999.0,,1,3,1,6,North Indian,1,5.703782474656201,8.575650760987806,300.0,0.48484848484848486
2026-09-19 21:12:19,Mumbai,Malad West,19.1868,72.8484,130434,Ohhdaily - Healthy & Homely Tiffins,Pawan Baug Road,Malad West,₹200 for two,Thalis|Indian|Home Food|Chinese,4.2,30K+,28,1.4,True,True,60% OFF,UPTO ₹120,,151174,200.0,30000.0,percent,60.0,0.0,120.0,,,1,1,0,4,Thalis,1,5.298317366548036,10.308985993422082,200.0,0.13382899628252787
2026-09-19 21:12:19,Delhi,Vasant Kunj,28.52,77.1591,131217,Rollsking,VASANT VIHAR,Vasant Kunj,₹250 for two,Rolls & Wraps|Fast Food|Snacks|Beverages|North Indian,4.1,13K+,26,2.2,True,False,60% OFF,UPTO ₹120,,4697,250.0,13000.0,percent,60.0,0.0,120.0,,,1,3,1,5,Rolls & Wraps,1,5.521460917862246,9.472781556562168,250.0,0.21973094170403587
2026-09-19 21:12:19,Chennai,Anna Nagar,13.085,80.2101,131599,McDonald's,VR Mall,Anna Nagar,₹400 for two,Burgers|Beverages|Cafe|Desserts,4.3,18K+,30,1.8,True,False,ITEMS,AT ₹64,,630,400.0,18000.0,item_price_point,0.0,0.0,,,64.0,1,55,1,4,Burgers,1,5.991464547107982,9.798182590890704,400.0,0.7396694214876033
2026-09-19 21:12:19,Bengaluru,Indiranagar,12.9784,77.6408,135302,Namma Madurai,New Thippasandra,Indiranagar,₹200 for two,South Indian|Fast Food,4.3,9.9K+,29,1.8,True,True,ITEMS,AT ₹109,,5729,200.0,9900.0,item_price_point,0.0,0.0,,,109.0,1,1,0,2,South Indian,1,5.298317366548036,9.200391041122515,200.0,0.08498023715415019
2026-09-19 21:12:19,Mumbai,Vashi,19.0771,72.9986,137365,Theobroma,Vashi,Vashi,₹400 for two,Bakery|Desserts,4.5,12K+,19,2.0,True,False,ITEMS,AT ₹37,,1040,400.0,12000.0,item_price_point,0.0,0.0,,,37.0,1,44,1,2,Bakery,1,5.991464547107982,9.392745258631441,400.0,0.7193308550185874
2026-09-19 21:12:19,Pune,Koregaon Park,18.5362,73.8939,139929,Theobroma,Koregaon Park,Koregaon Park,₹400 for two,Bakery|Desserts,4.5,7.1K+,8,0.6,True,False,ITEMS,AT ₹37,,1040,400.0,7100.0,item_price_point,0.0,0.0,,,37.0,1,44,1,2,Bakery,1,5.991464547107982,8.867990898182093,400.0,0.7365145228215768
2026-09-19 21:12:19,Pune,Kharadi,18.5515,73.947,140832,KFC,Eon Free Zone Road,Kharadi,₹400 for two,Burgers|Fast Food|Rolls & Wraps,3.9,18K+,9,0.8,True,False,70% OFF,UPTO ₹140,,547,400.0,18000.0,percent,70.0,0.0,140.0,,,1,58,1,3,Burgers,1,5.991464547107982,9.798182590890704,400.0,0.7365145228215768
2026-09-19 21:12:19,Chennai,T. Nagar,13.0418,80.2341,141370,Starbucks Coffee,Thyagaraya Nagar,Thyagaraya Nagar,₹400 for two,Beverages|Cafe|Snacks|Desserts|Bakery|Ice Cream,4.5,4.0K+,14,,True,False,₹85 OFF,ABOVE ₹199,FLAT DEAL,195515,400.0,4000.0,flat,0.0,85.0,,199.0,,1,6,1,6,Beverages,1,5.991464547107982,8.294299608857235,400.0,0.7396694214876033
2026-09-19 21:12:19,Delhi,Dwarka,28.5921,77.046,141918,Haldiram's,Dwarka,Sector 12,₹450 for two,Sweets|South Indian|North Indian|Desserts|Snacks|Biryani,4.2,12K+,34,1.1,True,True,ITEMS,AT ₹49,,377669,450.0,12000.0,item_price_point,0.0,0.0,,,49.0,1,3,1,6,Sweets,1,6.1092475827643655,9.392745258631441,450.0,0.9013452914798207
2026-09-19 21:12:19,Delhi,Karol Bagh,28.6519,77.1909,142020,Haldiram's,Karol Bagh,Pusa Road,₹450 for two,Cakes|Beverages|Desserts,4.3,12K+,15,1.1,True,False,ITEMS,AT ₹49,,377669,450.0,12000.0,item_price_point,0.0,0.0,,,49.0,1,3,1,3,Cakes,1,6.1092475827643655,9.392745258631441,450.0,0.9013452914798207
2026-09-19 21:12:19,Delhi,Saket,28.5245,77.2066,143707,Rollsking,Malviya Nagar,Malviya Nagar,₹250 for two,Rolls & Wraps|Fast Food|Snacks|Beverages|North Indian,4.2,16K+,35,1.5,True,False,60% OFF,UPTO ₹120,,4697,250.0,16000.0,percent,60.0,0.0,120.0,,,1,3,1,5,Rolls & Wraps,1,5.521460917862246,9.680406499268875,250.0,0.21973094170403587
2026-09-19 21:12:19,Chennai,OMR Thoraipakkam,12.94,80.234,146083,Subway,Vinayaga Avenue,Thoraipakkam,₹350 for two,sandwich|Salads|wrap|Healthy Food,4.0,11K+,18,1.8,True,False,ITEMS,AT ₹69,,2,350.0,11000.0,item_price_point,0.0,0.0,,,69.0,1,51,1,4,sandwich,1,5.857933154483459,9.305741456739435,350.0,0.5516528925619835
2026-09-19 21:12:19,Mumbai,Malad West,19.1868,72.8484,146201,Jeden-The Cake Expert,Kandivali West,Kandivali West,₹500 for two,Desserts|Bakery|Sweets,4.3,1.4K+,37,2.6,True,False,ITEMS,AT ₹59,,10782,500.0,1400.0,item_price_point,0.0,0.0,,,59.0,1,3,1,3,Desserts,1,6.214608098422191,7.244941546337007,500.0,0.8921933085501859
2026-09-19 21:12:19,Chennai,Nungambakkam,13.0569,80.2425,146402,"Frozen Bottle - Milkshakes, Desserts And Ice Cream",Sivashanmugam Street,Nungambakkam,₹250 for two,Beverages|Ice Cream|Desserts,4.1,3.4K+,17,1.4,True,True,70% OFF,UPTO ₹140,,5655,250.0,3400.0,percent,70.0,0.0,140.0,,,1,12,1,3,Beverages,1,5.521460917862246,8.131824785007195,250.0,0.24380165289256198
2026-09-19 21:12:19,Mumbai,Dadar,19.0178,72.8478,148414,Kirti Mahal Express (Fast Food),Parel,Parel,₹150 for two,South Indian|Snacks|Chaat|Pizzas|Burgers|Thalis|Rolls & Wraps|Beverages|Salads|Desserts,4.4,5.8K+,33,1.5,True,True,50% OFF,,FLAT DEAL,368700,150.0,5800.0,percent,50.0,0.0,,,,1,1,0,10,South Indian,1,5.0106352940962555,8.665785595466064,150.0,0.055762081784386616
2026-09-19 21:12:19,Delhi,Lajpat Nagar,28.5677,77.2433,148715,Bikkgane Biryani,Ajith Arcade,Greater Kailash New,₹400 for two,Biryani| Hyderabadi| Andhra| Lucknowi| Kolkata| Desserts|Beverages,4.3,19K+,33,2.5,True,False,65% OFF,UPTO ₹125,,5070,400.0,19000.0,percent,65.0,0.0,125.0,,,1,13,1,7,Biryani,1,5.991464547107982,9.852246888342531,400.0,0.7511210762331838
2026-09-19 21:12:19,Kolkata,Ballygunge,22.529,88.365,150134,Behrouz Biryani,First Lane,Ballygunge,₹500 for two,Biryani|North Indian|Kebabs|Mughlai|Beverages|Desserts,4.2,8.3K+,32,0.7,True,False,65% OFF,UPTO ₹125,,1803,500.0,8300.0,percent,65.0,0.0,125.0,,,1,12,1,6,Biryani,1,6.214608098422191,9.024131268455035,500.0,0.8744493392070485
2026-09-19 21:12:19,Kolkata,Ballygunge,22.529,88.365,150135,Oven Story Pizza,First Lane,Ballygunge,₹400 for two,Pizzas|Pastas|Italian|Desserts|Beverages,4.3,11K+,34,0.7,True,False,ITEMS,AT ₹99,,3534,400.0,11000.0,item_price_point,0.0,0.0,,,99.0,1,3,1,5,Pizzas,1,5.991464547107982,9.305741456739435,400.0,0.6938325991189427
2026-09-19 21:12:19,Kolkata,Ballygunge,22.529,88.365,150138,Sweet Truth - Cake and Desserts,First Lane,Ballygunge,₹450 for two,Desserts|Ice Cream|Bakery|Beverages,4.5,4.8K+,25,0.7,True,False,ITEMS,AT ₹79,,4444,450.0,4800.0,item_price_point,0.0,0.0,,,79.0,2,32,1,4,Desserts,1,6.1092475827643655,8.476579508530941,450.0,0.8039647577092511
2026-09-19 21:12:19,Kolkata,Ballygunge,22.529,88.365,150166,LunchBox - Meals and Thalis,First Lane,Ballygunge,₹200 for two,Thalis|North Indian|Biryani,4.5,10K+,29,0.7,True,False,ITEMS,AT ₹99,,4925,200.0,10000.0,item_price_point,0.0,0.0,,,99.0,1,17,1,3,Thalis,1,5.298317366548036,9.210440366976517,200.0,0.19162995594713655
2026-09-19 21:12:19,Mumbai,Lower Parel,18.996,72.8258,152272,"Brijwasi Sweets, Original Since 1946 - GD Group",BYCULLA EAST,RAM NAGAR,₹450 for two,Sweets|Snacks|Desserts|Fast Food|Beverages,4.3,817,25,3.0,True,True,₹550 OFF,ABOVE ₹2499,FLAT DEAL,50164,450.0,817.0,flat,0.0,550.0,,2499.0,,1,1,0,5,Sweets,1,6.1092475827643655,6.706862336602747,450.0,0.8568773234200744
2026-09-19 21:12:19,Chennai,Tambaram,12.9249,80.1,152500,"Faasos - Wraps, Rolls & Shawarma",Mudichur Road,Tambaram,₹200 for two,Wraps|rolls|Fast Food|Burger|shawarma|Rice Bowls,4.5,8.5K+,15,0.2,True,False,65% OFF,UPTO ₹125,,21809,200.0,8500.0,percent,65.0,0.0,125.0,,,1,15,1,6,Wraps,1,5.298317366548036,9.04793908261736,200.0,0.10950413223140495
2026-09-19 21:12:19,Chennai,Tambaram,12.9249,80.1,152502,Behrouz Biryani,Mudichur Road,Tambaram,₹500 for two,Biryani|Kebabs|Mughlai|Lucknowi|Hyderabadi|Desserts|Beverages,4.2,3.3K+,19,1.3,True,False,65% OFF,UPTO ₹125,,1803,500.0,3300.0,percent,65.0,0.0,125.0,,,1,12,1,7,Biryani,1,6.214608098422191,8.101980731853192,500.0,0.9070247933884298
2026-09-19 21:12:19,Chennai,Tambaram,12.9249,80.1,152519,LunchBox - Meals and Thalis,Mudichur Road,Tambaram,₹200 for two,Thalis|North Indian|Biryani|South Indian|Desserts|Beverages,4.4,7.8K+,19,1.3,True,False,ITEMS,AT ₹99,,4925,200.0,7800.0,item_price_point,0.0,0.0,,,99.0,1,17,1,6,Thalis,1,5.298317366548036,8.962007209588313,200.0,0.10950413223140495
2026-09-19 21:12:19,Delhi,Dwarka,28.5921,77.046,152560,Sweet Truth - Cake and Desserts,Sector 12,Dwarka,₹450 for two,Desserts|Ice Cream|Bakery|Beverages,4.1,1.5K+,23,0.5,True,False,ITEMS,AT ₹69,,4444,450.0,1500.0,item_price_point,0.0,0.0,,,69.0,1,32,1,4,Desserts,1,6.1092475827643655,7.313886831633462,450.0,0.9013452914798207
2026-09-19 21:12:19,Delhi,Connaught Place,28.6315,77.2167,152971,KFC,Connaught Place,Connaught Place,₹400 for two,Burgers|Fast Food|Rolls & Wraps,4.3,6.9K+,13,0.7,True,False,50% OFF,,FLAT DEAL,547,400.0,6900.0,percent,50.0,0.0,,,,1,58,1,3,Burgers,1,5.991464547107982,8.839421607620602,400.0,0.7511210762331838
2026-09-19 21:12:19,Bengaluru,BTM Layout,12.9166,77.6101,155398,The Good Bowl,NGK Complex,BTM 1st Stage,₹400 for two,Biryani|Pastas|Punjabi|Desserts|Beverages,4.2,3.2K+,26,0.6,True,False,ITEMS,AT ₹99,,7918,400.0,3200.0,item_price_point,0.0,0.0,,,99.0,2,31,1,5,Biryani,1,5.991464547107982,8.071218539969863,400.0,0.7628458498023716
2026-09-19 21:12:19,Bengaluru,Indiranagar,12.9784,77.6408,155401,The Good Bowl,Stage 1,Indiranagar,₹400 for two,Biryani|Pastas|Punjabi|Desserts|Beverages,4.2,2.4K+,28,0.3,True,False,ITEMS,AT ₹99,,7918,400.0,2400.0,item_price_point,0.0,0.0,,,99.0,1,31,1,5,Biryani,1,5.991464547107982,7.783640596221253,400.0,0.7628458498023716
2026-09-19 21:12:19,Hyderabad,Banjara Hills,17.4126,78.4392,155413,The Good Bowl,Union Bank of India Colony,Banjara Hills,₹400 for two,Biryani|North Indian|Pastas|Punjabi|Desserts|Beverages,4.3,3.5K+,36,3.0,True,False,ITEMS,AT ₹99,,7918,400.0,3500.0,item_price_point,0.0,0.0,,,99.0,1,31,1,6,Biryani,1,5.991464547107982,8.160803920954665,400.0,0.696969696969697
2026-09-19 21:12:19,Hyderabad,Ameerpet,17.4374,78.4487,155414,The Good Bowl,S R Nagar,Sanath Nagar,₹400 for two,Biryani|Pastas|Punjabi|Desserts|Beverages,4.2,2.5K+,34,2.7,True,False,ITEMS,AT ₹99,,7918,400.0,2500.0,item_price_point,0.0,0.0,,,99.0,1,31,1,5,Biryani,1,5.991464547107982,7.824445930877619,400.0,0.696969696969697
2026-09-19 21:12:19,Chennai,Porur,13.0359,80.1567,155421,The Good Bowl,Mahalakshmi Nagar,Porur,₹400 for two,Biryani|Pastas|Punjabi|Desserts|Beverages,4.4,4.9K+,21,0.3,True,False,ITEMS,AT ₹129,,7918,400.0,4900.0,item_price_point,0.0,0.0,,,129.0,1,31,1,5,Biryani,1,5.991464547107982,8.497194544909547,400.0,0.7396694214876033
2026-09-19 21:12:19,Mumbai,Lower Parel,18.996,72.8258,156091,The Good Bowl,Dr E Moses road,Worli,₹400 for two,Biryani|North Indian|Pastas|Punjabi|Desserts|Beverages,4.4,2.4K+,31,1.9,True,False,ITEMS,AT ₹99,,7918,400.0,2400.0,item_price_point,0.0,0.0,,,99.0,1,31,1,6,Biryani,1,5.991464547107982,7.783640596221253,400.0,0.7193308550185874
2026-09-19 21:12:19,Pune,Camp,18.5158,73.8785,156115,The Good Bowl,MG Road,Camp,₹400 for two,Biryani|Pastas|Punjabi|Desserts|Beverages,4.5,2.5K+,19,0.4,True,False,ITEMS,AT ₹99,,7918,400.0,2500.0,item_price_point,0.0,0.0,,,99.0,1,31,1,5,Biryani,1,5.991464547107982,7.824445930877619,400.0,0.7365145228215768
2026-09-19 21:12:19,Pune,Viman Nagar,18.5679,73.9143,156139,The Good Bowl,Sakore Nagar,Viman Nagar,₹400 for two,Biryani|North Indian|Pastas|Punjabi|Desserts|Beverages,4.2,4.0K+,23,0.4,True,False,ITEMS,AT ₹99,,7918,400.0,4000.0,item_price_point,0.0,0.0,,,99.0,1,31,1,6,Biryani,1,5.991464547107982,8.294299608857235,400.0,0.7365145228215768
2026-09-19 21:12:19,Bengaluru,Hebbal,13.0358,77.597,156150,The Good Bowl,HMT Layout,Rt Nagar,₹400 for two,Biryani|North Indian|Pastas|Punjabi|Desserts|Beverages,4.5,1.2K+,31,1.4,True,False,ITEMS,AT ₹99,,7918,400.0,1200.0,item_price_point,0.0,0.0,,,99.0,1,31,1,6,Biryani,1,5.991464547107982,7.0909098220799835,400.0,0.7628458498023716
2026-09-19 21:12:19,Hyderabad,Secunderabad,17.4399,78.4983,156158,The Good Bowl,Diamond Point Secunderabad FC,Kharkhana & Trimulgherry,₹400 for two,Biryani|North Indian|Pastas|Punjabi|Desserts|Beverages,4.2,3.0K+,34,2.9,True,False,70% OFF,UPTO ₹140,,7918,400.0,3000.0,percent,70.0,0.0,140.0,,,1,31,1,6,Biryani,1,5.991464547107982,8.006700845440367,400.0,0.696969696969697
2026-09-19 21:12:19,Chennai,Mylapore,13.0339,80.2698,156163,The Good Bowl,Bharathi Salai,Triplicane,₹400 for two,Biryani|North Indian|Pastas|Punjabi|Desserts|Beverages,4.4,3.1K+,31,3.7,True,False,ITEMS,AT ₹129,,7918,400.0,3100.0,item_price_point,0.0,0.0,,,129.0,1,31,1,6,Biryani,1,5.991464547107982,8.03947991910045,400.0,0.7396694214876033
2026-09-19 21:12:19,Delhi,Janakpuri,28.6219,77.0878,156167,The Good Bowl,Lal Sain Mandir Marg,Janakpuri,₹400 for two,Biryani|North Indian|Pastas|Punjabi|Desserts|Beverages,4.3,2.7K+,31,1.2,True,False,70% OFF,UPTO ₹140,,7918,400.0,2700.0,percent,70.0,0.0,140.0,,,1,31,1,6,Biryani,1,5.991464547107982,7.901377353792616,400.0,0.7511210762331838
2026-09-19 21:12:19,Mumbai,Thane West,19.2183,72.9781,156176,The Good Bowl,Azad Nagar,Thane West,₹400 for two,Biryani|North Indian|Pastas|Punjabi|Desserts|Beverages,4.3,3.3K+,31,1.1,True,False,ITEMS,AT ₹99,,7918,400.0,3300.0,item_price_point,0.0,0.0,,,99.0,1,31,1,6,Biryani,1,5.991464547107982,8.101980731853192,400.0,0.7193308550185874
2026-09-19 21:12:19,Hyderabad,Dilsukhnagar,17.3687,78.5247,156177,The Good Bowl,Dilsukhnagar FC,New Malakpet,₹400 for two,Biryani|North Indian|Pastas|Punjabi|Desserts|Beverages,4.2,2.1K+,30,1.2,True,False,ITEMS,AT ₹99,,7918,400.0,2100.0,item_price_point,0.0,0.0,,,99.0,1,31,1,6,Biryani,1,5.991464547107982,7.650168700845001,400.0,0.696969696969697
2026-09-19 21:12:19,Mumbai,Dadar,19.0178,72.8478,156399,The Good Bowl,Near Premier Cinema,DR BA ROAD,₹400 for two,Biryani|Pastas|Punjabi|Desserts|Beverages,4.3,2.5K+,25,1.3,True,False,ITEMS,AT ₹99,,7918,400.0,2500.0,item_price_point,0.0,0.0,,,99.0,1,31,1,5,Biryani,1,5.991464547107982,7.824445930877619,400.0,0.7193308550185874
2026-09-19 21:12:19,Bengaluru,Electronic City,12.8452,77.6602,156420,The Good Bowl,Huskur Gate,Electronic City Phase 1,₹400 for two,Biryani|Pastas|Punjabi|Desserts|Beverages,4.3,2.2K+,35,2.6,True,False,ITEMS,AT ₹99,,7918,400.0,2200.0,item_price_point,0.0,0.0,,,99.0,1,31,1,5,Biryani,1,5.991464547107982,7.696667081526462,400.0,0.7628458498023716
2026-09-19 21:12:19,Bengaluru,Whitefield,12.9698,77.75,156438,The Good Bowl,SJR I Park KIADB Export Promotion Industrial Area,Whitefield,₹400 for two,Biryani|Pastas|Punjabi|Desserts|Beverages,4.2,3.4K+,31,1.1,True,False,ITEMS,AT ₹99,,7918,400.0,3400.0,item_price_point,0.0,0.0,,,99.0,1,31,1,5,Biryani,1,5.991464547107982,8.131824785007195,400.0,0.7628458498023716
2026-09-19 21:12:19,Pune,Wakad,18.5985,73.7625,156444,The Good Bowl,Choudhary Park,Wakad,₹400 for two,Biryani|Pastas|Punjabi|Desserts|Beverages,4.3,3.4K+,15,1.2,True,False,ITEMS,AT ₹99,,7918,400.0,3400.0,item_price_point,0.0,0.0,,,99.0,1,31,1,5,Biryani,1,5.991464547107982,8.131824785007195,400.0,0.7365145228215768
2026-09-19 21:12:19,Hyderabad,Gachibowli,17.4401,78.3489,156449,The Good Bowl,Gachibowli Village,Gachibowli,₹400 for two,Biryani|Pastas|Punjabi|Desserts|Beverages,4.3,3.4K+,28,1.8,True,False,ITEMS,AT ₹99,,7918,400.0,3400.0,item_price_point,0.0,0.0,,,99.0,1,31,1,5,Biryani,1,5.991464547107982,8.131824785007195,400.0,0.696969696969697
2026-09-19 21:12:19,Hyderabad,Miyapur,17.4968,78.3577,156450,The Good Bowl,Madinaguda,Hafeezpet,₹400 for two,Biryani|Pastas|Punjabi|Desserts|Beverages,4.2,2.3K+,35,1.7,True,False,ITEMS,AT ₹99,,7918,400.0,2300.0,item_price_point,0.0,0.0,,,99.0,1,31,1,5,Biryani,1,5.991464547107982,7.741099090035366,400.0,0.696969696969697
2026-09-19 21:12:19,Hyderabad,Kondapur,17.4615,78.3639,156451,The Good Bowl,Hanuman Nagar,Shilpa Hills,₹400 for two,Biryani|Pastas|Punjabi|Desserts|Beverages,4.0,3.2K+,29,1.1,True,False,70% OFF,UPTO ₹140,,7918,400.0,3200.0,percent,70.0,0.0,140.0,,,1,31,1,5,Biryani,1,5.991464547107982,8.071218539969863,400.0,0.696969696969697
2026-09-19 21:12:19,Hyderabad,Kukatpally,17.4849,78.4138,156452,The Good Bowl,Jayanagar Colony Kaman,Venkat Nagar Colony,₹400 for two,Biryani|Pastas|Punjabi|Desserts|Beverages,4.0,2.4K+,34,2.3,True,False,ITEMS,AT ₹99,,7918,400.0,2400.0,item_price_point,0.0,0.0,,,99.0,1,31,1,5,Biryani,1,5.991464547107982,7.783640596221253,400.0,0.696969696969697
2026-09-19 21:12:19,Delhi,Lajpat Nagar,28.5677,77.2433,157778,The Good Bowl,LAJPAT NAGAR,Lajpat Nagar,₹400 for two,Punjabi|Biryani|Chinese|Beverages|Desserts|Jain|Indian|Hyderabadi|Mughlai,4.3,1.1K+,20,0.5,True,False,ITEMS,AT ₹129,,7918,400.0,1100.0,item_price_point,0.0,0.0,,,129.0,1,31,1,9,Punjabi,1,5.991464547107982,7.00397413672268,400.0,0.7511210762331838
2026-09-19 21:12:19,Kolkata,Howrah,22.5958,88.2636,164470,Tea Junction,Howrah,Shibpur,₹150 for two,Beverages|Snacks,4.3,628,82,9.6,True,False,₹100 OFF,ABOVE ₹399,FLAT DEAL,4311,150.0,628.0,flat,0.0,100.0,,399.0,,1,1,0,2,Beverages,1,5.0106352940962555,6.444131256700441,150.0,0.10572687224669604
2026-09-19 21:12:19,Kolkata,Shyambazar,22.599,88.37,165271,Mama Mia! - Italian Ice Creams & Cakes,Bagbazar,Dumdum,₹250 for two,Ice Cream|Desserts|Bakery|Ice Cream Cakes,4.7,3.9K+,24,0.9,True,True,ITEMS,AT ₹89,,471728,250.0,3900.0,item_price_point,0.0,0.0,,,89.0,1,1,0,4,Ice Cream,1,5.521460917862246,8.268988209506656,250.0,0.2841409691629956
2026-09-19 21:12:19,Hyderabad,Miyapur,17.4968,78.3577,167116,Taco Bell,GSM Shopping Mall,Icrisat Colony,₹300 for two,Mexican|Fast Food|Snacks,4.0,7.7K+,36,3.0,True,False,65% OFF,UPTO ₹125,,1557,300.0,7700.0,percent,65.0,0.0,125.0,,,1,20,1,3,Mexican,1,5.703782474656201,8.94910546953925,300.0,0.48484848484848486
2026-09-19 21:12:19,Bengaluru,Hebbal,13.0358,77.597,167640,Easybites By Empire,Krishnappa Block,RT Nagar,₹200 for two,Burgers|sandwich|Fast Food|Beverages|Rolls & Wraps,4.3,8.1K+,43,2.4,True,False,,,,443171,200.0,8100.0,none,0.0,0.0,,,,1,1,0,5,Burgers,0,5.298317366548036,8.999742789830492,200.0,0.08498023715415019
2026-09-19 21:12:19,Delhi,Karol Bagh,28.6519,77.1909,169244,Taco Bell,Connaught Place,Connaught Place,₹300 for two,Mexican|Fast Food|Snacks,4.4,10K+,24,4.3,True,False,65% OFF,UPTO ₹125,,1557,300.0,10000.0,percent,65.0,0.0,125.0,,,2,20,1,3,Mexican,1,5.703782474656201,9.210440366976517,300.0,0.3991031390134529
2026-09-19 21:12:19,Delhi,Karol Bagh,28.6519,77.1909,169835,NIC Ice Creams,Beadon Pura,Karol Bagh,₹120 for two,Ice Cream|Desserts,4.7,10K+,9,,True,True,70% OFF,UPTO ₹140,,6249,120.0,10000.0,percent,70.0,0.0,140.0,,,2,35,1,2,Ice Cream,1,4.787491742782046,9.210440366976517,120.0,0.013452914798206279
2026-09-19 21:12:19,Mumbai,Malad West,19.1868,72.8484,169857,Green Tadka,Goregaon West,Goregaon West,₹700 for two,Indian,4.5,1.7K+,34,1.1,True,True,ITEMS,AT ₹79,,90410,700.0,1700.0,item_price_point,0.0,0.0,,,79.0,1,1,0,1,Indian,1,6.551080335043404,7.438971592395862,700.0,0.9628252788104089
2026-09-19 21:12:19,Mumbai,Bandra West,19.0596,72.8295,170435,Good Flippin' Burgers,Pali Hill,Bandra West,₹600 for two,Burgers|American|Fast Food|Beverages|Wraps|Coffee,4.6,10K+,21,0.2,True,False,70% OFF,UPTO ₹140,,11748,600.0,10000.0,percent,70.0,0.0,140.0,,,1,4,1,6,Burgers,1,6.396929655216146,9.210440366976517,600.0,0.9405204460966543
2026-09-19 21:12:19,Hyderabad,Ameerpet,17.4374,78.4487,173458,CakeZone Patisserie,BANJARA HILLS ROAD,"VST Colony, Punjagutta",₹200 for two,Bakery|Desserts|Sweets|Ice Cream,4.2,17K+,32,1.8,True,False,70% OFF,UPTO ₹140,,7003,200.0,17000.0,percent,70.0,0.0,140.0,,,1,11,1,4,Bakery,1,5.298317366548036,9.741027444837728,200.0,0.09523809523809523
2026-09-19 21:12:19,Hyderabad,Dilsukhnagar,17.3687,78.5247,173999,Taco Bell,L&T mall Malakpet,New Malakpet,₹300 for two,Mexican|Fast Food|Snacks,4.0,10K+,36,2.4,True,False,65% OFF,UPTO ₹125,,1557,300.0,10000.0,percent,65.0,0.0,125.0,,,1,20,1,3,Mexican,1,5.703782474656201,9.210440366976517,300.0,0.48484848484848486
2026-09-19 21:12:19,Mumbai,Dadar,19.0178,72.8478,181884,Pritam Da Dhaba,Dadar East,Dadar East,₹1000 for two,North Indian|Biryani|Tandoor|Chinese|Beverages|Roll|Kebabs|Desserts|sandwich|Fast Food,4.5,4.8K+,32,0.3,True,False,,,,161286,1000.0,4800.0,none,0.0,0.0,,,,1,1,0,10,North Indian,0,6.907755278982137,8.476579508530941,900.0,0.9907063197026023
2026-09-19 21:12:19,Pune,Hinjewadi,18.5913,73.7389,182075,Pind Punjab,Hinjewadi,Hinjawadi,₹450 for two,North Indian| Biryani| Mughlai| Punjabi| Indian|Kebabs|Thalis|Chinese|Beverages|Desserts,3.9,30K+,24,2.8,True,False,70% OFF,UPTO ₹140,,4196,450.0,30000.0,percent,70.0,0.0,140.0,,,1,4,1,10,North Indian,1,6.1092475827643655,10.308985993422082,450.0,0.8692946058091287
2026-09-19 21:12:19,Chennai,Porur,13.0359,80.1567,183687,PS4 Veg Restaurant (Perambur Sri Srinivasa),Valasaravakkam,Ramapuram,₹300 for two,Sweets|South Indian,4.6,72K+,32,3.0,True,False,20% OFF,UPTO ₹50,,560050,300.0,72000.0,percent,20.0,0.0,50.0,,,1,3,1,2,Sweets,1,5.703782474656201,11.184435286790631,300.0,0.4049586776859504
2026-09-19 21:12:19,Hyderabad,Begumpet,17.4435,78.4645,183789,Bakingo,Secunderabad,Rasool pura,₹300 for two,Bakery|Desserts|Beverages|Snacks,4.6,13K+,33,2.7,True,False,ITEMS,AT ₹649,,3818,300.0,13000.0,item_price_point,0.0,0.0,,,649.0,2,39,1,4,Bakery,1,5.703782474656201,9.472781556562168,300.0,0.48484848484848486
2026-09-19 21:12:19,Hyderabad,Banjara Hills,17.4126,78.4392,185544,NIC Ice Creams,Khairatabad,Banjara Hills,₹120 for two,Desserts|Ice Cream,4.6,7.7K+,31,2.6,True,True,70% OFF,UPTO ₹140,,6249,120.0,7700.0,percent,70.0,0.0,140.0,,,1,35,1,2,Desserts,1,4.787491742782046,8.94910546953925,120.0,0.023809523809523808
2026-09-19 21:12:19,Hyderabad,Miyapur,17.4968,78.3577,185816,McDonald's,Lingampally,Miyapur,₹400 for two,Burgers|Beverages|Cafe|Desserts,4.2,23K+,35,2.9,True,False,ITEMS,AT ₹64,,630,400.0,23000.0,item_price_point,0.0,0.0,,,64.0,1,55,1,4,Burgers,1,5.991464547107982,10.043292972227004,400.0,0.696969696969697
2026-09-19 21:12:19,Bengaluru,Whitefield,12.9698,77.75,186068,The Biryani Life,HAGDUR  ROAD,Whitefield,₹250 for two,Biryani|Mughlai|Lucknowi|Hyderabadi|Kebabs|Desserts|Beverages,3.7,1.6K+,36,1.1,True,False,70% OFF,UPTO ₹140,,8496,250.0,1600.0,percent,70.0,0.0,140.0,,,1,31,1,7,Biryani,1,5.521460917862246,7.3783837129967145,250.0,0.25296442687747034
2026-09-19 21:12:19,Bengaluru,Indiranagar,12.9784,77.6408,186074,The Biryani Life,Hoysala Nagar,Indiranagar,₹250 for two,Biryani|Mughlai|Lucknowi|Hyderabadi|Kebabs|Desserts|Beverages,4.1,1.6K+,29,0.3,True,False,70% OFF,UPTO ₹140,,8496,250.0,1600.0,percent,70.0,0.0,140.0,,,1,31,1,7,Biryani,1,5.521460917862246,7.3783837129967145,250.0,0.25296442687747034
2026-09-19 21:12:19,Bengaluru,Jayanagar,12.925,77.5938,186080,The Biryani Life,NGK Complex,BTM 1st Stage,₹250 for two,Biryani|Mughlai|Lucknowi|Hyderabadi|Kebabs|Desserts|Beverages,3.9,2.2K+,37,2.5,True,False,70% OFF,UPTO ₹140,,8496,250.0,2200.0,percent,70.0,0.0,140.0,,,2,31,1,7,Biryani,1,5.521460917862246,7.696667081526462,250.0,0.25296442687747034
2026-09-19 21:12:19,Bengaluru,Electronic City,12.8452,77.6602,186086,The Biryani Life,Huskur Gate,Electronic City Phase 1,₹250 for two,Biryani|Mughlai|Lucknowi|Hyderabadi|Kebabs|Desserts|Beverages,3.9,2.3K+,36,2.6,True,False,70% OFF,UPTO ₹140,,8496,250.0,2300.0,percent,70.0,0.0,140.0,,,1,31,1,7,Biryani,1,5.521460917862246,7.741099090035366,250.0,0.25296442687747034
2026-09-19 21:12:19,Bengaluru,Hebbal,13.0358,77.597,186105,The Biryani Life,80 ft Road,RT Nagar,₹250 for two,Biryani|Mughlai|Lucknowi|Hyderabadi|Kebabs|Desserts|Beverages,3.9,2.0K+,31,1.4,True,False,70% OFF,UPTO ₹140,,8496,250.0,2000.0,percent,70.0,0.0,140.0,,,1,31,1,7,Biryani,1,5.521460917862246,7.601402334583733,250.0,0.25296442687747034
2026-09-19 21:12:19,Mumbai,Lower Parel,18.996,72.8258,186114,The Biryani Life,Dr E Moses road,Lower Parel Worli,₹250 for two,Biryani|Mughlai|Lucknowi|Hyderabadi|Kebabs|Desserts|Beverages,4.4,1.2K+,35,1.9,True,False,70% OFF,UPTO ₹140,,8496,250.0,1200.0,percent,70.0,0.0,140.0,,,1,31,1,7,Biryani,1,5.521460917862246,7.0909098220799835,250.0,0.2695167286245353
2026-09-19 21:12:19,Mumbai,Dadar,19.0178,72.8478,186134,The Biryani Life,Parel,Dr. BA Road,₹250 for two,Biryani|Mughlai|Lucknowi|Hyderabadi|Kebabs|Desserts|Beverages,4.2,1.8K+,28,1.4,True,False,70% OFF,UPTO ₹140,,8496,250.0,1800.0,percent,70.0,0.0,140.0,,,1,31,1,7,Biryani,1,5.521460917862246,7.496097345175956,250.0,0.2695167286245353
2026-09-19 21:12:19,Mumbai,Thane West,19.2183,72.9781,186157,The Biryani Life,Azad Nagar,Thane West,₹250 for two,Biryani|Mughlai|Lucknowi|Hyderabadi|Kebabs|Desserts|Beverages,4.3,2.0K+,31,1.1,True,False,70% OFF,UPTO ₹140,,8496,250.0,2000.0,percent,70.0,0.0,140.0,,,1,31,1,7,Biryani,1,5.521460917862246,7.601402334583733,250.0,0.2695167286245353
2026-09-19 21:12:19,Delhi,Lajpat Nagar,28.5677,77.2433,186201,The Biryani Life,D Block,Lajpat Nagar 2,₹250 for two,Biryani|Mughlai|Lucknowi|Hyderabadi|Kebabs|Desserts|Beverages,4.2,981,22,0.5,True,False,70% OFF,UPTO ₹140,,8496,250.0,981.0,percent,70.0,0.0,140.0,,,1,31,1,7,Biryani,1,5.521460917862246,6.889591308354466,250.0,0.21973094170403587
2026-09-19 21:12:19,Delhi,Janakpuri,28.6219,77.0878,186207,The Biryani Life,C Block,Janakpuri,₹250 for two,Biryani|Mughlai|Lucknowi|Hyderabadi|Kebabs|Desserts|Beverages,4.1,1.9K+,30,1.2,True,False,70% OFF,UPTO ₹140,,8496,250.0,1900.0,percent,70.0,0.0,140.0,,,1,31,1,7,Biryani,1,5.521460917862246,7.550135342488429,250.0,0.21973094170403587
2026-09-19 21:12:19,Delhi,Dwarka,28.5921,77.046,186243,The Biryani Life,Sector 12,Dwarka,₹250 for two,Biryani|Mughlai|Lucknowi|Hyderabadi|Kebabs|Desserts|Beverages,4.2,1.1K+,24,0.5,True,False,70% OFF,UPTO ₹140,,8496,250.0,1100.0,percent,70.0,0.0,140.0,,,1,31,1,7,Biryani,1,5.521460917862246,7.00397413672268,250.0,0.21973094170403587
2026-09-19 21:12:19,Bengaluru,Whitefield,12.9698,77.75,188473,Anand Sweets & Savouries,Whitefield,Whitefield,₹400 for two,Sweets|Chaat|Snacks|Desserts,4.4,56K+,27,0.2,True,True,₹75 OFF,ABOVE ₹499,FLAT DEAL,53,400.0,56000.0,flat,0.0,75.0,,499.0,,1,3,1,4,Sweets,1,5.991464547107982,10.933124826700707,400.0,0.7628458498023716
2026-09-19 21:12:19,Pune,Viman Nagar,18.5679,73.9143,188935,Theobroma,Viman Nagar,Viman Nagar,₹400 for two,Bakery|Desserts,4.5,7.9K+,9,0.3,True,False,ITEMS,AT ₹37,,1040,400.0,7900.0,item_price_point,0.0,0.0,,,37.0,1,44,1,2,Bakery,1,5.991464547107982,8.974744612722734,400.0,0.7365145228215768
2026-09-19 21:12:19,Hyderabad,Gachibowli,17.4401,78.3489,189344,The Biryani Life,Gachibowli Village,Gachibowli,₹250 for two,Biryani|Mughlai|Lucknowi|Hyderabadi|Kebabs|Desserts|Beverages,3.8,1.7K+,30,1.8,True,False,70% OFF,UPTO ₹140,,8496,250.0,1700.0,percent,70.0,0.0,140.0,,,1,31,1,7,Biryani,1,5.521460917862246,7.438971592395862,250.0,0.25757575757575757
2026-09-19 21:12:19,Hyderabad,Kukatpally,17.4849,78.4138,189348,The Biryani Life,Jayanagar Colony Kaman,Venkat Nagar Colony,₹250 for two,Biryani|Mughlai|Lucknowi|Hyderabadi|Kebabs|Desserts|Beverages,3.3,1.8K+,32,2.3,True,False,70% OFF,UPTO ₹140,,8496,250.0,1800.0,percent,70.0,0.0,140.0,,,1,31,1,7,Biryani,1,5.521460917862246,7.496097345175956,250.0,0.25757575757575757
2026-09-19 21:12:19,Hyderabad,Miyapur,17.4968,78.3577,189349,The Biryani Life,Madinaguda,Hafeezpet,₹250 for two,Biryani|Mughlai|Lucknowi|Hyderabadi|Kebabs|Desserts|Beverages,3.8,2.0K+,30,1.7,True,False,70% OFF,UPTO ₹140,,8496,250.0,2000.0,percent,70.0,0.0,140.0,,,1,31,1,7,Biryani,1,5.521460917862246,7.601402334583733,250.0,0.25757575757575757
2026-09-19 21:12:19,Hyderabad,Ameerpet,17.4374,78.4487,189350,The Biryani Life,S R Nagar,Sanath Nagar,₹250 for two,Biryani|Mughlai|Lucknowi|Hyderabadi|Kebabs|Desserts|Beverages,3.9,1.7K+,34,2.7,True,False,70% OFF,UPTO ₹140,,8496,250.0,1700.0,percent,70.0,0.0,140.0,,,1,31,1,7,Biryani,1,5.521460917862246,7.438971592395862,250.0,0.25757575757575757
2026-09-19 21:12:19,Hyderabad,Kondapur,17.4615,78.3639,189351,The Biryani Life,Serlingampally Mandal,Shilpa Hills,₹250 for two,Biryani|Mughlai|Lucknowi|Hyderabadi|Kebabs|Desserts|Beverages,3.4,1.4K+,33,1.1,True,False,70% OFF,UPTO ₹140,,8496,250.0,1400.0,percent,70.0,0.0,140.0,,,1,31,1,7,Biryani,1,5.521460917862246,7.244941546337007,250.0,0.25757575757575757
2026-09-19 21:12:19,Hyderabad,Secunderabad,17.4399,78.4983,189390,The Biryani Life,MAHALAXMI TRADE CENTER,Karkhana,₹250 for two,Biryani|Mughlai|Lucknowi|Hyderabadi|Kebabs|Desserts|Beverages,3.9,1.2K+,33,2.9,True,False,70% OFF,UPTO ₹140,,8496,250.0,1200.0,percent,70.0,0.0,140.0,,,1,31,1,7,Biryani,1,5.521460917862246,7.0909098220799835,250.0,0.25757575757575757
2026-09-19 21:12:19,Hyderabad,Dilsukhnagar,17.3687,78.5247,189412,The Biryani Life,Moosarambagh,New Malakpet,₹250 for two,Biryani|Mughlai|Lucknowi|Hyderabadi|Kebabs|Desserts|Beverages,3.6,1.2K+,30,1.2,True,False,70% OFF,UPTO ₹140,,8496,250.0,1200.0,percent,70.0,0.0,140.0,,,1,31,1,7,Biryani,1,5.521460917862246,7.0909098220799835,250.0,0.25757575757575757
2026-09-19 21:12:19,Pune,Wakad,18.5985,73.7625,191308,The Biryani Life,Choudhary Park,Wakad,₹250 for two,Biryani|Mughlai|Lucknowi|Hyderabadi|Kebabs|Desserts|Beverages,4.1,1.8K+,17,1.2,True,False,70% OFF,UPTO ₹140,,8496,250.0,1800.0,percent,70.0,0.0,140.0,,,1,31,1,7,Biryani,1,5.521460917862246,7.496097345175956,250.0,0.2821576763485477
2026-09-19 21:12:19,Pune,Camp,18.5158,73.8785,191336,The Biryani Life,Saifee Street,Camp,₹250 for two,Biryani|Mughlai|Lucknowi|Hyderabadi|Kebabs|Desserts|Beverages,4.1,1.4K+,15,0.4,True,False,70% OFF,UPTO ₹140,,8496,250.0,1400.0,percent,70.0,0.0,140.0,,,1,31,1,7,Biryani,1,5.521460917862246,7.244941546337007,250.0,0.2821576763485477
2026-09-19 21:12:19,Pune,Viman Nagar,18.5679,73.9143,191348,The Biryani Life,Rosary School,Viman Nagar,₹250 for two,Biryani|Mughlai|Lucknowi|Hyderabadi|Kebabs|Desserts|Beverages,4.3,1.8K+,21,0.4,True,False,70% OFF,UPTO ₹140,,8496,250.0,1800.0,percent,70.0,0.0,140.0,,,1,31,1,7,Biryani,1,5.521460917862246,7.496097345175956,250.0,0.2821576763485477
2026-09-19 21:12:19,Chennai,Adyar,13.0012,80.2565,191366,The Biryani Life,Besant Nagar,Adyar,₹250 for two,Biryani|Mughlai|Lucknowi|Hyderabadi|Kebabs|Desserts|Beverages,4.1,2.2K+,13,0.6,True,False,70% OFF,UPTO ₹140,,8496,250.0,2200.0,percent,70.0,0.0,140.0,,,1,31,1,7,Biryani,1,5.521460917862246,7.696667081526462,250.0,0.24380165289256198
2026-09-19 21:12:19,Chennai,Porur,13.0359,80.1567,191413,The Biryani Life,Mahalakhsmi Nagar,Porur,₹250 for two,Biryani|Mughlai|Lucknowi|Hyderabadi|Kebabs|Desserts|Beverages,4.0,2.6K+,17,0.3,True,False,70% OFF,UPTO ₹140,,8496,250.0,2600.0,percent,70.0,0.0,140.0,,,1,31,1,7,Biryani,1,5.521460917862246,7.8636512654486515,250.0,0.24380165289256198
2026-09-19 21:12:19,Chennai,Mylapore,13.0339,80.2698,191516,The Biryani Life,Bharathi Salai,Triplicane,₹250 for two,Biryani|Mughlai|Lucknowi|Hyderabadi|Kebabs|Desserts|Beverages,4.0,1.9K+,28,3.7,True,False,70% OFF,UPTO ₹140,,8496,250.0,1900.0,percent,70.0,0.0,140.0,,,1,31,1,7,Biryani,1,5.521460917862246,7.550135342488429,250.0,0.24380165289256198
2026-09-19 21:12:19,Kolkata,Ballygunge,22.529,88.365,191563,The Biryani Life,First Lane,Ballygunge,₹250 for two,Biryani|Mughlai|Lucknowi|Hyderabadi|Kebabs|Desserts|Beverages,4.1,1.2K+,29,0.7,True,False,70% OFF,UPTO ₹140,,8496,250.0,1200.0,percent,70.0,0.0,140.0,,,1,31,1,7,Biryani,1,5.521460917862246,7.0909098220799835,250.0,0.2841409691629956
2026-09-19 21:12:19,Delhi,Vasant Kunj,28.52,77.1591,194937,Subway,Vasant Kunj,VASANT SQUARE MALL,₹350 for two,sandwich|Salads|wrap|Healthy Food,4.3,3.8K+,21,0.7,True,False,,,,2,350.0,3800.0,none,0.0,0.0,,,,1,51,1,4,sandwich,0,5.857933154483459,8.24301946898925,350.0,0.5381165919282511
2026-09-19 21:12:19,Pune,Hinjewadi,18.5913,73.7389,197247,The Belgian Waffle Co.,2nd Phase,Wakad,₹200 for two,Waffle|Desserts|Ice Cream|Beverages,4.3,5.3K+,26,3.7,True,True,30% OFF,UPTO ₹60,,2233,200.0,5300.0,percent,30.0,0.0,60.0,,,2,47,1,4,Waffle,1,5.298317366548036,8.575650760987806,200.0,0.12863070539419086
2026-09-19 21:12:19,Mumbai,Lower Parel,18.996,72.8258,198043,"Frozen Bottle - Milkshakes, Desserts And Ice Cream",Prabhadevi,Sayani Road,₹300 for two,Beverages|Ice Cream|Desserts,4.1,2.5K+,38,3.8,True,True,70% OFF,UPTO ₹140,,5655,300.0,2500.0,percent,70.0,0.0,140.0,,,1,12,1,3,Beverages,1,5.703782474656201,7.824445930877619,300.0,0.4312267657992565
2026-09-19 21:12:19,Delhi,Lajpat Nagar,28.5677,77.2433,198428,Haldiram's,Ring Road,Lajpat Nagar - 3,₹450 for two,Cakes|Beverages|Desserts,4.3,17K+,33,0.7,True,True,ITEMS,AT ₹49,,377669,450.0,17000.0,item_price_point,0.0,0.0,,,49.0,1,3,1,3,Cakes,1,6.1092475827643655,9.741027444837728,450.0,0.9013452914798207
2026-09-19 21:12:19,Pune,Aundh,18.559,73.8077,200728,Ganesh Bhel -Link Road,Pashan,Pashan,₹200 for two,Street Food|Fast Food|sandwich|pav bhaji,4.2,1.8K+,24,3.9,True,True,ITEMS,AT ₹69,,571357,200.0,1800.0,item_price_point,0.0,0.0,,,69.0,1,1,0,4,Street Food,1,5.298317366548036,7.496097345175956,200.0,0.12863070539419086
2026-09-19 21:12:19,Kolkata,Salt Lake,22.58,88.42,203763,Sweet Truth - Cake and Desserts,Nabadiganta Industrial Township Authority,"Sector 5, Salt Lake",₹450 for two,Desserts|Ice Cream|Bakery|Beverages,4.6,2.6K+,29,2.8,True,False,ITEMS,AT ₹79,,4444,450.0,2600.0,item_price_point,0.0,0.0,,,79.0,1,32,1,4,Desserts,1,6.1092475827643655,7.8636512654486515,450.0,0.8039647577092511
2026-09-19 21:12:19,Kolkata,Salt Lake,22.58,88.42,203764,The Good Bowl,Nabadiganta Industrial Township Authority,"Sector 5, Salt Lake",₹400 for two,Biryani|North Indian|Pastas|Punjabi|Desserts|Beverages,4.5,3.3K+,36,2.8,True,False,ITEMS,AT ₹129,,7918,400.0,3300.0,item_price_point,0.0,0.0,,,129.0,1,31,1,6,Biryani,1,5.991464547107982,8.101980731853192,400.0,0.6938325991189427
2026-09-19 21:12:19,Kolkata,Salt Lake,22.58,88.42,203844,The Biryani Life,Nabadiganta Industrial Township Authority,"Sector 5, Salt Lake",₹500 for two,Biryani|Mughlai|Lucknowi|Hyderabadi|Kebabs|Desserts|Beverages,4.3,728,33,2.8,True,False,70% OFF,UPTO ₹140,,8496,500.0,728.0,percent,70.0,0.0,140.0,,,1,31,1,7,Biryani,1,6.214608098422191,6.591673732008658,500.0,0.8744493392070485
2026-09-19 21:12:19,Pune,Camp,18.5158,73.8785,203924,Burger King,Fatima Nagar,Wanowrie,₹350 for two,Burgers|American,4.1,18K+,26,3.8,True,False,ITEMS,AT ₹39,,166,350.0,18000.0,item_price_point,0.0,0.0,,,39.0,1,44,1,2,Burgers,1,5.857933154483459,9.798182590890704,350.0,0.549792531120332
2026-09-19 21:12:19,Chennai,Mylapore,13.0339,80.2698,204107,NIC Ice Creams,Luz church road,Mylapore,₹120 for two,Desserts|Ice Cream,4.6,8.6K+,18,2.4,True,True,70% OFF,UPTO ₹140,,6249,120.0,8600.0,percent,70.0,0.0,140.0,,,2,35,1,2,Desserts,1,4.787491742782046,9.059633754551479,120.0,0.024793388429752067
2026-09-19 21:12:19,Delhi,Mayur Vihar,28.6092,77.2952,205404,Rollsking,1St Phase,Mayur Vihar,₹250 for two,Rolls & Wraps|Fast Food|Snacks|Beverages|North Indian,4.1,6.8K+,21,1.1,True,False,30% OFF,UPTO ₹75,,4697,250.0,6800.0,percent,30.0,0.0,75.0,,,1,3,1,5,Rolls & Wraps,1,5.521460917862246,8.824824939175638,250.0,0.21973094170403587
2026-09-19 21:12:19,Hyderabad,Miyapur,17.4968,78.3577,208050,G.Pulla Reddy - Pure Ghee Sweets,Miyapur,Miyapur,₹300 for two,Sweets|Snacks|Bakery,4.4,9.7K+,28,1.5,True,True,,,,606921,300.0,9700.0,none,0.0,0.0,,,,1,2,0,3,Sweets,0,5.703782474656201,9.179984251961283,300.0,0.48484848484848486
2026-09-19 21:12:19,Kolkata,Ballygunge,22.529,88.365,208994,The Good Bowl,First Lane,Ballygunge,₹400 for two,Biryani|North Indian|Pastas|Punjabi|Desserts|Beverages,4.4,4.5K+,28,0.7,True,False,ITEMS,AT ₹129,,7918,400.0,4500.0,item_price_point,0.0,0.0,,,129.0,1,31,1,6,Biryani,1,5.991464547107982,8.412054873292933,400.0,0.6938325991189427
2026-09-19 21:12:19,Hyderabad,Secunderabad,17.4399,78.4983,209311,Almond House,SD Road,Secunderabad,₹500 for two,Sweets|Desserts|Snacks|Beverages,4.6,10K+,23,0.6,True,True,₹125 OFF,ABOVE ₹999,FLAT DEAL,40,500.0,10000.0,flat,0.0,125.0,,999.0,,1,2,0,4,Sweets,1,6.214608098422191,9.210440366976517,500.0,0.8528138528138528
2026-09-19 21:12:19,Bengaluru,Whitefield,12.9698,77.75,211189,"Frozen Bottle - Milkshakes, Desserts And Ice Cream",Whitefield Main Road,Whitefield,₹250 for two,Beverages|Ice Cream|Desserts,4.1,2.9K+,21,0.1,True,True,70% OFF,UPTO ₹140,,5655,250.0,2900.0,percent,70.0,0.0,140.0,,,1,12,1,3,Beverages,1,5.521460917862246,7.972810784121404,250.0,0.25296442687747034
2026-09-19 21:12:19,Bengaluru,Whitefield,12.9698,77.75,214654,Polar Bear,Brooke Bond First Cross,Whitefield,₹400 for two,Ice Cream|Desserts,4.5,6.9K+,29,0.6,True,True,,,,726,400.0,6900.0,none,0.0,0.0,,,,1,7,1,2,Ice Cream,0,5.991464547107982,8.839421607620602,400.0,0.7628458498023716
2026-09-19 21:12:19,Pune,Kothrud,18.5074,73.8077,218321,Theobroma,Kothrud,Kothrud,₹400 for two,Bakery|Desserts,4.6,9.8K+,17,2.1,True,False,ITEMS,AT ₹37,,1040,400.0,9800.0,item_price_point,0.0,0.0,,,37.0,1,44,1,2,Bakery,1,5.991464547107982,9.19023970026918,400.0,0.7365145228215768
2026-09-19 21:12:19,Bengaluru,Indiranagar,12.9784,77.6408,219201,Bangalore Mandarin,Indiranagar,Indiranagar,₹800 for two,Chinese,4.4,10K+,35,0.5,True,False,,,,20097,800.0,10000.0,none,0.0,0.0,,,,1,1,0,1,Chinese,0,6.684611727667927,9.210440366976517,800.0,0.9920948616600791
2026-09-19 21:12:19,Mumbai,Borivali,19.2307,72.8567,219410,McDonald's,Nirman Height,Borivali West,₹400 for two,Burgers|Beverages|Cafe|Desserts,4.3,11K+,33,1.7,True,False,ITEMS,AT ₹64,,630,400.0,11000.0,item_price_point,0.0,0.0,,,64.0,1,55,1,4,Burgers,1,5.991464547107982,9.305741456739435,400.0,0.7193308550185874
2026-09-19 21:12:19,Mumbai,Thane West,19.2183,72.9781,221810,Burger King,Lake City Mall,Thane West,₹350 for two,Burgers|American,4.2,47K+,20,0.2,True,False,ITEMS,AT ₹39,,166,350.0,47000.0,item_price_point,0.0,0.0,,,39.0,1,44,1,2,Burgers,1,5.857933154483459,10.757924157061597,350.0,0.5353159851301115
2026-09-19 21:12:19,Kolkata,Garia,22.465,88.39,222422,Azad Hind Dhaba,Tollygunge,Tollygunge,₹500 for two,North Indian|Tandoor|Chinese|Biryani|Snacks,4.3,28K+,42,4.2,True,False,ITEMS,AT ₹19,,6275,500.0,28000.0,item_price_point,0.0,0.0,,,19.0,2,3,1,5,North Indian,1,6.214608098422191,10.239995502805316,500.0,0.8744493392070485
2026-09-19 21:12:19,Kolkata,Park Street,22.553,88.352,222423,Azad Hind Dhaba,Bhawanipur,South Kolkata,₹500 for two,North Indian|Tandoor|Chinese|Biryani|Snacks,4.3,12K+,45,3.0,True,False,ITEMS,AT ₹19,,6275,500.0,12000.0,item_price_point,0.0,0.0,,,19.0,1,3,1,5,North Indian,1,6.214608098422191,9.392745258631441,500.0,0.8744493392070485
2026-09-19 21:12:19,Kolkata,New Town,22.58,88.46,224024,Sweet Truth - Cake and Desserts,ACTION AREA 1B,Rajarhat,₹450 for two,Desserts|Ice Cream|Bakery|Beverages,4.4,4.0K+,20,0.7,True,False,ITEMS,AT ₹69,,4444,450.0,4000.0,item_price_point,0.0,0.0,,,69.0,1,32,1,4,Desserts,1,6.1092475827643655,8.294299608857235,450.0,0.8039647577092511
2026-09-19 21:12:19,Kolkata,New Town,22.58,88.46,224025,The Good Bowl,ACTION AREA 1B,Rajarhat,₹400 for two,Biryani|North Indian|Pastas|Punjabi|Desserts|Beverages,4.4,2.9K+,24,0.6,True,False,ITEMS,AT ₹129,,7918,400.0,2900.0,item_price_point,0.0,0.0,,,129.0,1,31,1,6,Biryani,1,5.991464547107982,7.972810784121404,400.0,0.6938325991189427
2026-09-19 21:12:19,Kolkata,New Town,22.58,88.46,224026,The Biryani Life,ACTION AREA 1B,Rajarhat,₹250 for two,Biryani|Mughlai|Lucknowi|Hyderabadi|Kebabs|Desserts|Beverages,4.2,1.2K+,26,0.6,True,False,70% OFF,UPTO ₹140,,8496,250.0,1200.0,percent,70.0,0.0,140.0,,,1,31,1,7,Biryani,1,5.521460917862246,7.0909098220799835,250.0,0.2841409691629956
2026-09-19 21:12:19,Kolkata,New Town,22.58,88.46,224027,LunchBox - Meals and Thalis,ACTION AREA 1B,Rajarhat,₹200 for two,Thalis|North Indian|Biryani,4.5,5.6K+,25,0.6,True,False,ITEMS,AT ₹99,,4925,200.0,5600.0,item_price_point,0.0,0.0,,,99.0,1,17,1,3,Thalis,1,5.298317366548036,8.630700432209832,200.0,0.19162995594713655
2026-09-19 21:12:19,Delhi,Rohini,28.7495,77.0565,225317,La Pino'z Pizza,Rohini,New Friends Colony,₹300 for two,Pizzas|Pastas|Italian|Fast Food,4.2,20K+,44,8.3,True,False,70% OFF,UPTO ₹140,,4961,300.0,20000.0,percent,70.0,0.0,140.0,,,1,24,1,4,Pizzas,1,5.703782474656201,9.90353755128617,300.0,0.3991031390134529
2026-09-19 21:12:19,Pune,Kothrud,18.5074,73.8077,226432,Wow! China,Kothrud,Kothrud,₹300 for two,Chinese|Asian|fastfood|Beverages|Snacks,3.9,3.8K+,25,2.1,True,False,70% OFF,UPTO ₹140,,226836,300.0,3800.0,percent,70.0,0.0,140.0,,,1,20,1,5,Chinese,1,5.703782474656201,8.24301946898925,300.0,0.42323651452282157
2026-09-19 21:12:19,Chennai,Nungambakkam,13.0569,80.2425,229925,Wow! China,Rangarajapuram,Kodambakkam,₹350 for two,Chinese|Asian|fastfood|Beverages|Snacks,3.8,4.7K+,23,2.5,True,False,70% OFF,UPTO ₹140,,226836,350.0,4700.0,percent,70.0,0.0,140.0,,,1,20,1,5,Chinese,1,5.857933154483459,8.45553053102413,350.0,0.5516528925619835
2026-09-19 21:12:19,Mumbai,Lower Parel,18.996,72.8258,229952,Tibb's Frankie,Ward-D,Tardeo,₹250 for two,Rolls & Wraps|Fast Food|Snacks|Indian,4.6,5.5K+,27,4.6,True,False,ITEMS,AT ₹49,,216056,250.0,5500.0,item_price_point,0.0,0.0,,,49.0,1,4,1,4,Rolls & Wraps,1,5.521460917862246,8.612685172875459,250.0,0.2695167286245353
2026-09-19 21:12:19,Chennai,T. Nagar,13.0418,80.2341,230595,Wow! Momo,Anna Salai,Teynampet,₹300 for two,Momos|Chinese|fastfood|Asian|Beverages,4.2,6.5K+,24,1.7,True,False,70% OFF,UPTO ₹140,,1776,300.0,6500.0,percent,70.0,0.0,140.0,,,1,22,1,5,Momos,1,5.703782474656201,8.77971129020447,300.0,0.4049586776859504
2026-09-19 21:12:19,Mumbai,Thane West,19.2183,72.9781,230787,Deliure & The Eatrium,Thane West,Thane West,₹200 for two,Desserts|Bakery|Snacks|Chaat|Pizzas,4.6,15K+,25,1.8,True,False,ITEMS,AT ₹99,,70641,200.0,15000.0,item_price_point,0.0,0.0,,,99.0,1,5,1,5,Desserts,1,5.298317366548036,9.61587214452889,200.0,0.13382899628252787
2026-09-19 21:12:19,Kolkata,Garia,22.465,88.39,231514,Wow! China,Santoshpur,Santoshpur,₹300 for two,Chinese|Asian|fastfood|Beverages|Snacks,4.0,9.8K+,35,2.4,True,False,70% OFF,UPTO ₹140,,226836,300.0,9800.0,percent,70.0,0.0,140.0,,,1,20,1,5,Chinese,1,5.703782474656201,9.19023970026918,300.0,0.42290748898678415
2026-09-19 21:12:19,Kolkata,Shyambazar,22.599,88.37,231998,Cafe Coffee Day,B B D Bagh,Burrabazar,₹400 for two,Beverages|Cafe|Snacks|Desserts|Burgers|Ice Cream|Bakery|Fast Food,4.5,973,29,0.8,True,False,70% OFF,UPTO ₹140,,1,400.0,973.0,percent,70.0,0.0,140.0,,,1,3,1,8,Beverages,1,5.991464547107982,6.881411303642535,400.0,0.6938325991189427
2026-09-19 21:12:19,Mumbai,Borivali,19.2307,72.8567,233325,Burger King,"Nirman Heights, Borivali",Borivali West,₹350 for two,Burgers|American,4.3,20K+,23,1.7,True,False,ITEMS,AT ₹39,,166,350.0,20000.0,item_price_point,0.0,0.0,,,39.0,1,44,1,2,Burgers,1,5.857933154483459,9.90353755128617,350.0,0.5353159851301115
2026-09-19 21:12:19,Mumbai,Chembur,19.0522,72.9005,233331,Burger King,SG Barve Marg,Kurla,₹350 for two,Burgers|American,4.3,14K+,28,2.7,True,False,ITEMS,AT ₹39,,166,350.0,14000.0,item_price_point,0.0,0.0,,,39.0,1,44,1,2,Burgers,1,5.857933154483459,9.546884034617925,350.0,0.5353159851301115
2026-09-19 21:12:19,Delhi,Pitampura,28.6942,77.1317,233801,KFC,Rani Bagh,Pitampura,₹400 for two,Burgers|Fast Food|Rolls & Wraps,4.2,7.3K+,21,1.5,True,False,50% OFF,,FLAT DEAL,547,400.0,7300.0,percent,50.0,0.0,,,,1,58,1,3,Burgers,1,5.991464547107982,8.895766604056085,400.0,0.7511210762331838
2026-09-19 21:12:19,Chennai,Adyar,13.0012,80.2565,234933,Wow! Momo,Adyar,Adyar,₹300 for two,Momos|Chinese|fastfood|Asian|Beverages,4.2,12K+,19,1.1,True,False,70% OFF,UPTO ₹140,,1776,300.0,12000.0,percent,70.0,0.0,140.0,,,1,22,1,5,Momos,1,5.703782474656201,9.392745258631441,300.0,0.4049586776859504
2026-09-19 21:12:19,Chennai,OMR Thoraipakkam,12.94,80.234,234986,McDonald's,Gire Thoraipakkam,Nehru Nagar,₹400 for two,Burgers|Beverages|Cafe|Desserts,4.3,18K+,26,1.8,True,False,ITEMS,AT ₹64,,630,400.0,18000.0,item_price_point,0.0,0.0,,,64.0,1,55,1,4,Burgers,1,5.991464547107982,9.798182590890704,400.0,0.7396694214876033
2026-09-19 21:12:19,Pune,Kharadi,18.5515,73.947,235191,Biryani By Kilo,Yashwant Nagar,Kharadi,₹700 for two,Biryani|Hyderabadi|North Indian|Kebabs|Mughlai|Desserts,3.9,11K+,26,1.8,True,False,70% OFF,UPTO ₹140,,130,700.0,11000.0,percent,70.0,0.0,140.0,,,1,11,1,6,Biryani,1,6.551080335043404,9.305741456739435,700.0,0.9875518672199171
2026-09-19 21:12:19,Chennai,OMR Thoraipakkam,12.94,80.234,237518,The Belgian Waffle Co.,Old Mahabalipuram Rd,Perungudi,₹200 for two,Waffle|Desserts|Ice Cream|Beverages,4.7,5.8K+,20,1.5,True,True,30% OFF,UPTO ₹60,,2233,200.0,5800.0,percent,30.0,0.0,60.0,,,1,47,1,4,Waffle,1,5.298317366548036,8.665785595466064,200.0,0.10950413223140495
2026-09-19 21:12:19,Bengaluru,Marathahalli,12.9591,77.6974,237665,McDonald's,Preatige Tech park,Kadubeesanahalli,₹400 for two,Burgers|Beverages|Cafe|Desserts,4.1,11K+,39,2.9,True,False,ITEMS,AT ₹64,,630,400.0,11000.0,item_price_point,0.0,0.0,,,64.0,1,55,1,4,Burgers,1,5.991464547107982,9.305741456739435,400.0,0.7628458498023716
2026-09-19 21:12:19,Hyderabad,Madhapur,17.4483,78.3915,238125,The Biryani Life,Serlingampally,Hitech City,₹250 for two,Biryani|Mughlai|Lucknowi|Hyderabadi|Kebabs|Desserts|Beverages,3.5,1.0K+,30,3.0,True,False,70% OFF,UPTO ₹140,,8496,250.0,1000.0,percent,70.0,0.0,140.0,,,1,31,1,7,Biryani,1,5.521460917862246,6.90875477931522,250.0,0.25757575757575757
2026-09-19 21:12:19,Pune,Baner,18.559,73.7868,238146,Theobroma,Baner,Baner,₹400 for two,Bakery|Desserts,4.5,10K+,13,2.3,True,False,ITEMS,AT ₹37,,1040,400.0,10000.0,item_price_point,0.0,0.0,,,37.0,1,44,1,2,Bakery,1,5.991464547107982,9.210440366976517,400.0,0.7365145228215768
2026-09-19 21:12:19,Bengaluru,Hebbal,13.0358,77.597,238473,Pot Biryani,Nagawara,Nagawara,₹300 for two,North Indian|Biryani|Andhra|Hyderabadi,3.9,4.7K+,39,3.0,True,False,ITEMS,AT ₹19,,729,300.0,4700.0,item_price_point,0.0,0.0,,,19.0,1,1,0,4,North Indian,1,5.703782474656201,8.45553053102413,300.0,0.4782608695652174
2026-09-19 21:12:19,Bengaluru,BTM Layout,12.9166,77.6101,239855,Domino's Pizza,Bannerghatta Road,JP Nagar,₹400 for two,Pizzas|Italian|Pastas|Desserts,4.6,5.5K+,20,1.8,True,False,ITEMS,AT ₹39,,2456,400.0,5500.0,item_price_point,0.0,0.0,,,39.0,1,51,1,4,Pizzas,1,5.991464547107982,8.612685172875459,400.0,0.7628458498023716
2026-09-19 21:12:19,Bengaluru,Electronic City,12.8452,77.6602,239857,Domino's Pizza,Thoguru,Begur Hobli,₹400 for two,Pizzas|Italian|Pastas|Desserts,4.4,6.9K+,20,1.4,True,False,ITEMS,AT ₹59,,2456,400.0,6900.0,item_price_point,0.0,0.0,,,59.0,1,51,1,4,Pizzas,1,5.991464547107982,8.839421607620602,400.0,0.7628458498023716
2026-09-19 21:12:19,Delhi,Pitampura,28.6942,77.1317,240739,Pizza Hut,Pitampura,Pitampura,₹350 for two,Pizzas,4.2,3.7K+,26,1.5,True,False,50% OFF,,FLAT DEAL,721,350.0,3700.0,percent,50.0,0.0,,,,1,46,1,1,Pizzas,1,5.857933154483459,8.216358332386156,350.0,0.5381165919282511
2026-09-19 21:12:19,Delhi,Connaught Place,28.6315,77.2167,242282,McDonald's,Rajiv Chowk,Connaught Place,₹400 for two,American|Fast Food|Beverages,4.5,3.9K+,13,0.8,True,False,ITEMS,AT ₹52,,630,400.0,3900.0,item_price_point,0.0,0.0,,,52.0,1,55,1,3,American,1,5.991464547107982,8.268988209506656,400.0,0.7511210762331838
2026-09-19 21:12:19,Chennai,Mylapore,13.0339,80.2698,242424,Paradise Biryani,Thyagaraya Nagar,T. Nagar,₹400 for two,Biryani|Kebabs|North Indian|Hyderabadi,4.2,23K+,34,5.0,True,False,70% OFF,UPTO ₹140,,700,400.0,23000.0,percent,70.0,0.0,140.0,,,1,3,1,4,Biryani,1,5.991464547107982,10.043292972227004,400.0,0.7396694214876033
2026-09-19 21:12:19,Pune,Kharadi,18.5515,73.947,242684,NIC Ice Creams,Ubale Nagar,Wagholi,₹120 for two,Desserts|Ice Cream,4.6,4.0K+,18,3.9,True,True,ITEMS,AT ₹42,,6249,120.0,4000.0,item_price_point,0.0,0.0,,,42.0,1,35,1,2,Desserts,1,4.787491742782046,8.294299608857235,120.0,0.012448132780082987
2026-09-19 21:12:19,Kolkata,Salt Lake,22.58,88.42,242966,La Pino'z Pizza,Sector 1,Bidhannagar,₹250 for two,Pizzas|Pastas|Italian|Desserts|Beverages,4.0,13K+,40,3.0,True,False,50% OFF,,FLAT DEAL,4961,250.0,13000.0,percent,50.0,0.0,,,,1,24,1,5,Pizzas,1,5.521460917862246,9.472781556562168,250.0,0.2841409691629956
2026-09-19 21:12:19,Bengaluru,Electronic City,12.8452,77.6602,244007,Wow! Momo,Neeladri Road,Electronic City-1,₹300 for two,Momos|Chinese|fastfood|Asian|Beverages,4.1,4.6K+,38,1.8,True,False,ITEMS,AT ₹49,,1776,300.0,4600.0,item_price_point,0.0,0.0,,,49.0,1,22,1,5,Momos,1,5.703782474656201,8.434028950155469,300.0,0.4782608695652174
2026-09-19 21:12:19,Pune,Viman Nagar,18.5679,73.9143,244365,Aha! Baangali,Viman Nagar,Viman Nagar,₹400 for two,Bengali,4.3,3.2K+,23,0.7,True,False,70% OFF,UPTO ₹140,,22183,400.0,3200.0,percent,70.0,0.0,140.0,,,1,2,0,1,Bengali,1,5.991464547107982,8.071218539969863,400.0,0.7365145228215768
2026-09-19 21:12:19,Chennai,Porur,13.0359,80.1567,248144,NIC Ice Creams,Porurr,Bala Murugan Koil,₹120 for two,Desserts|Ice Cream,4.7,8.5K+,11,0.8,True,True,70% OFF,UPTO ₹140,,6249,120.0,8500.0,percent,70.0,0.0,140.0,,,1,35,1,2,Desserts,1,4.787491742782046,9.04793908261736,120.0,0.024793388429752067
2026-09-19 21:12:19,Chennai,Tambaram,12.9249,80.1,248146,NIC Ice Creams,Elumalai Street,Tambaram,₹120 for two,Desserts|Ice Cream,4.7,6.4K+,15,1.7,True,True,70% OFF,UPTO ₹140,,6249,120.0,6400.0,percent,70.0,0.0,140.0,,,1,35,1,2,Desserts,1,4.787491742782046,8.764209507142004,120.0,0.024793388429752067
2026-09-19 21:12:19,Hyderabad,Madhapur,17.4483,78.3915,248771,Raju Gari Biryani,"AYYAPA SOCIETY, MADHAPUR.",Madhapur,₹200 for two,Biryani|Snacks|Chinese|Mughlai,3.7,71K+,14,0.2,True,False,70% OFF,UPTO ₹140,,165947,200.0,71000.0,percent,70.0,0.0,140.0,,,1,6,1,4,Biryani,1,5.298317366548036,11.170449240431308,200.0,0.09523809523809523
2026-09-19 21:12:19,Kolkata,Dumdum,22.642,88.422,249207,Baskin Robbins - Ice Cream Desserts,DHALIPARA,Kaikhali,₹350 for two,Ice Cream|Desserts,4.7,3.7K+,28,4.2,True,True,ITEMS,AT ₹15,,5588,350.0,3700.0,item_price_point,0.0,0.0,,,15.0,1,59,1,2,Ice Cream,1,5.857933154483459,8.216358332386156,350.0,0.5550660792951542
2026-09-19 21:12:19,Bengaluru,Marathahalli,12.9591,77.6974,249712,"Faasos - Wraps, Rolls & Shawarma",Tulasi theater,Marathahalli,₹200 for two,Wraps|rolls|Fast Food|Burger|shawarma|Rice Bowls,4.1,3.1K+,46,0.7,True,False,ITEMS,AT ₹10,,21809,200.0,3100.0,item_price_point,0.0,0.0,,,10.0,1,15,1,6,Wraps,1,5.298317366548036,8.03947991910045,200.0,0.08498023715415019
2026-09-19 21:12:19,Bengaluru,Marathahalli,12.9591,77.6974,249713,Behrouz Biryani,Tulasi theater,Marathahalli,₹500 for two,Biryani|North Indian|Kebabs|Mughlai|Lucknowi|Hyderabadi|Desserts|Beverages,3.9,2.0K+,40,0.7,True,False,65% OFF,UPTO ₹125,,1803,500.0,2000.0,percent,65.0,0.0,125.0,,,1,12,1,8,Biryani,1,6.214608098422191,7.601402334583733,500.0,0.9387351778656127
2026-09-19 21:12:19,Bengaluru,Marathahalli,12.9591,77.6974,249716,Sweet Truth - Cake and Desserts,Tulasi theater,Marathahalli,₹450 for two,Desserts|Ice Cream|Bakery|Beverages,4.0,457,31,0.7,True,False,70% OFF,UPTO ₹140,,4444,450.0,457.0,percent,70.0,0.0,140.0,,,1,32,1,4,Desserts,1,6.1092475827643655,6.126869184114185,450.0,0.8873517786561265
2026-09-19 21:12:19,Bengaluru,Marathahalli,12.9591,77.6974,249717,The Good Bowl,Tulasi theater,Marathahalli,₹400 for two,Biryani|Pastas|Punjabi|Desserts|Beverages,4.2,1.2K+,35,0.7,True,False,ITEMS,AT ₹99,,7918,400.0,1200.0,item_price_point,0.0,0.0,,,99.0,1,31,1,5,Biryani,1,5.991464547107982,7.0909098220799835,400.0,0.7628458498023716
2026-09-19 21:12:19,Delhi,Dwarka,28.5921,77.046,251030,The Good Bowl,Sector 12,Dwarka,₹400 for two,Biryani|Pastas|Punjabi|Desserts|Beverages,4.3,1.3K+,23,0.5,True,False,ITEMS,AT ₹99,,7918,400.0,1300.0,item_price_point,0.0,0.0,,,99.0,1,31,1,5,Biryani,1,5.991464547107982,7.170888478512505,400.0,0.7511210762331838
2026-09-19 21:12:19,Pune,Kharadi,18.5515,73.947,251066,Best Belgian waffle,Rakshak Nagar,Kharadi,₹250 for two,Bakery|Desserts|Beverages,4.0,4.0K+,20,1.2,True,True,70% OFF,UPTO ₹140,,5818,250.0,4000.0,percent,70.0,0.0,140.0,,,1,1,0,3,Bakery,1,5.521460917862246,8.294299608857235,250.0,0.2821576763485477
2026-09-19 21:12:19,Mumbai,Powai,19.1176,72.906,251095,House Of Mandarin,Powai,Powai,₹2100 for two,Chinese|Sushi|Asian|Japanese|Seafood,4.5,3.2K+,31,0.6,True,False,50% OFF,UPTO ₹100,,22311,2100.0,3200.0,percent,50.0,0.0,100.0,,,1,1,0,5,Chinese,1,7.649692623711514,8.071218539969863,900.0,0.9907063197026023
2026-09-19 21:12:19,Chennai,Mylapore,13.0339,80.2698,251476,KFC,Mylapore,Mylapore,₹400 for two,Burgers|Fast Food|Rolls & Wraps,4.2,8.5K+,21,1.9,True,False,50% OFF,,FLAT DEAL,547,400.0,8500.0,percent,50.0,0.0,,,,1,58,1,3,Burgers,1,5.991464547107982,9.04793908261736,400.0,0.7396694214876033
2026-09-19 21:12:19,Mumbai,Thane West,19.2183,72.9781,251524,The Belgian Waffle Co.,Viviana Mall,Thane West,₹200 for two,Desserts|Beverages,4.4,3.0K+,43,1.3,True,True,30% OFF,UPTO ₹60,,2233,200.0,3000.0,percent,30.0,0.0,60.0,,,1,47,1,2,Desserts,1,5.298317366548036,8.006700845440367,200.0,0.13382899628252787
2026-09-19 21:12:19,Pune,Kharadi,18.5515,73.947,251692,Hotel Rajasthani Rasoi,Kharadi,Kharadi,₹400 for two,Rajasthani,3.6,3.6K+,21,1.3,True,True,,,,101311,400.0,3600.0,none,0.0,0.0,,,,1,1,0,1,Rajasthani,0,5.991464547107982,8.188966863648876,400.0,0.7365145228215768
2026-09-19 21:12:19,Kolkata,Ballygunge,22.529,88.365,252048,Food Peddler Sandwiches,Kalighat (Hazra),Kalighat,₹150 for two,Continental|Beverages|Snacks|Salads|Healthy Food|Burgers,4.6,11K+,38,2.3,True,False,₹125 OFF,ABOVE ₹199,FLAT DEAL,81834,150.0,11000.0,flat,0.0,125.0,,199.0,,3,2,0,6,Continental,1,5.0106352940962555,9.305741456739435,150.0,0.10572687224669604
2026-09-19 21:12:19,Pune,Aundh,18.559,73.8077,252547,Theobroma,Meghanabaugh,Meghanabaugh,₹400 for two,Bakery|Desserts,4.5,8.6K+,9,0.8,True,False,ITEMS,AT ₹37,,1040,400.0,8600.0,item_price_point,0.0,0.0,,,37.0,1,44,1,2,Bakery,1,5.991464547107982,9.059633754551479,400.0,0.7365145228215768
2026-09-19 21:12:19,Hyderabad,Miyapur,17.4968,78.3577,253016,Ibaco,Miyapur,Miyapur,₹800 for two,Ice Cream,4.1,939,35,2.8,True,False,,,,3481,800.0,939.0,none,0.0,0.0,,,,1,4,1,1,Ice Cream,0,6.684611727667927,6.84587987526405,800.0,0.9502164502164502
2026-09-19 21:12:19,Mumbai,Bandra West,19.0596,72.8295,253046,Sadak Chaap,Bandra West,KharWest,₹200 for two,North Indian|Biryani|Tandoor|Punjabi|rolls|Mughlai|Kebabs,4.4,8.3K+,36,2.0,True,True,30% OFF,,FLAT DEAL,22110,200.0,8300.0,percent,30.0,0.0,,,,1,4,1,7,North Indian,1,5.298317366548036,9.024131268455035,200.0,0.13382899628252787
2026-09-19 21:12:19,Mumbai,Vashi,19.0771,72.9986,253559,"Faasos - Wraps, Rolls & Shawarma",Sector 18,Vashi,₹200 for two,Wraps|rolls|Fast Food|Burger|shawarma|Rice Bowls,4.3,4.5K+,23,1.9,True,False,65% OFF,UPTO ₹125,,21809,200.0,4500.0,percent,65.0,0.0,125.0,,,1,15,1,6,Wraps,1,5.298317366548036,8.412054873292933,200.0,0.13382899628252787
2026-09-19 21:12:19,Delhi,Karol Bagh,28.6519,77.1909,253714,McDonald's,West Ajmal Khan,Karol Bagh,₹400 for two,American|Fast Food|Beverages,4.4,11K+,14,0.5,True,False,ITEMS,AT ₹49,,630,400.0,11000.0,item_price_point,0.0,0.0,,,49.0,1,55,1,3,American,1,5.991464547107982,9.305741456739435,400.0,0.7511210762331838
2026-09-19 21:12:19,Delhi,Janakpuri,28.6219,77.0878,253721,McDonald's,Janak Palace,Janakpuri,₹400 for two,American|Fast Food|Beverages,4.3,26K+,26,1.3,True,False,ITEMS,AT ₹52,,630,400.0,26000.0,item_price_point,0.0,0.0,,,52.0,1,55,1,3,American,1,5.991464547107982,10.165890277802454,400.0,0.7511210762331838
2026-09-19 21:12:19,Delhi,Lajpat Nagar,28.5677,77.2433,253724,McDonald's,3C's Mall,Lajpat Nagar,₹400 for two,American|Fast Food|Beverages,4.5,10K+,21,0.3,True,False,ITEMS,AT ₹52,,630,400.0,10000.0,item_price_point,0.0,0.0,,,52.0,1,55,1,3,American,1,5.991464547107982,9.210440366976517,400.0,0.7511210762331838
2026-09-19 21:12:19,Delhi,Pitampura,28.6942,77.1317,253766,McDonald's,Saint Nagar,Pitampura,₹400 for two,American|Fast Food|Beverages,4.5,14K+,25,1.1,True,False,ITEMS,AT ₹52,,630,400.0,14000.0,item_price_point,0.0,0.0,,,52.0,1,55,1,3,American,1,5.991464547107982,9.546884034617925,400.0,0.7511210762331838
2026-09-19 21:12:19,Delhi,Mayur Vihar,28.6092,77.2952,253981,McDonald's,Laxmi Nagar,Laxmi Nagar,₹400 for two,American|Fast Food|Beverages,4.2,31K+,38,4.3,True,False,ITEMS,AT ₹52,,630,400.0,31000.0,item_price_point,0.0,0.0,,,52.0,1,55,1,3,American,1,5.991464547107982,10.34177474101152,400.0,0.7511210762331838
2026-09-19 21:12:19,Delhi,Dwarka,28.5921,77.046,254009,McDonald's,Sector 5,Dwarka,₹400 for two,American|Fast Food|Beverages,4.3,41K+,27,1.2,True,False,ITEMS,AT ₹52,,630,400.0,41000.0,item_price_point,0.0,0.0,,,52.0,1,55,1,3,American,1,5.991464547107982,10.62135173563291,400.0,0.7511210762331838
2026-09-19 21:12:19,Mumbai,Powai,19.1176,72.906,254016,The Northern Vibe (TNV Momos),Powai,Powai,₹400 for two,Chinese|Momos|Tibetan|pan asian|North Eastern|fastfood|Thai|Tandoor|Asian,4.1,1.7K+,36,1.6,True,False,₹200 OFF,ABOVE ₹549,FLAT DEAL,212004,400.0,1700.0,flat,0.0,200.0,,549.0,,1,1,0,9,Chinese,1,5.991464547107982,7.438971592395862,400.0,0.7193308550185874
2026-09-19 21:12:19,Delhi,Rohini,28.7495,77.0565,254192,McDonald's,Sector 10,Rohini,₹400 for two,American|Fast Food|Beverages,4.4,30K+,41,6.8,True,False,ITEMS,AT ₹52,,630,400.0,30000.0,item_price_point,0.0,0.0,,,52.0,1,55,1,3,American,1,5.991464547107982,10.308985993422082,400.0,0.7511210762331838
2026-09-19 21:12:19,Mumbai,Powai,19.1176,72.906,254571,Wow! Momo,Hiranandani,Chandivali,₹300 for two,Momos|Chinese|fastfood|Asian|Beverages,4.1,5.0K+,28,2.2,True,False,70% OFF,UPTO ₹140,,1776,300.0,5000.0,percent,70.0,0.0,140.0,,,1,22,1,5,Momos,1,5.703782474656201,8.517393171418904,300.0,0.4312267657992565
2026-09-19 21:12:19,Bengaluru,HSR Layout,12.9116,77.6446,254831,Bathinda Station,HSR Layout,HSR Layout,₹300 for two,Punjabi|Chinese|Sweets|Desserts|Tandoor|Beverages,3.9,10K+,32,1.5,True,False,,,,14503,300.0,10000.0,none,0.0,0.0,,,,1,1,0,6,Punjabi,0,5.703782474656201,9.210440366976517,300.0,0.4782608695652174
2026-09-19 21:12:19,Bengaluru,Jayanagar,12.925,77.5938,255038,Andhra Gunpowder,NS Palya,Btm Layout,₹350 for two,Andhra|Biryani|South Indian,4.4,12K+,37,2.7,True,False,ITEMS,AT ₹99,,10496,350.0,12000.0,item_price_point,0.0,0.0,,,99.0,2,12,1,3,Andhra,1,5.857933154483459,9.392745258631441,350.0,0.6106719367588933
2026-09-19 21:12:19,Delhi,Mayur Vihar,28.6092,77.2952,256301,Bikkgane Biryani,Ganesh Nagar,Pandav Nagar,₹400 for two,Biryani| Hyderabadi| Andhra| Lucknowi| Kolkata| Desserts|Beverages,4.2,19K+,31,3.0,True,False,65% OFF,UPTO ₹125,,5070,400.0,19000.0,percent,65.0,0.0,125.0,,,1,13,1,7,Biryani,1,5.991464547107982,9.852246888342531,400.0,0.7511210762331838
2026-09-19 21:12:19,Chennai,Porur,13.0359,80.1567,258532,The Belgian Waffle Co.,Jaya Nagar Mount P.H. Road,PORUR,₹200 for two,Waffle|Desserts|Ice Cream,4.4,6.5K+,22,1.1,True,True,30% OFF,UPTO ₹60,,2233,200.0,6500.0,percent,30.0,0.0,60.0,,,1,47,1,3,Waffle,1,5.298317366548036,8.77971129020447,200.0,0.10950413223140495
2026-09-19 21:12:19,Kolkata,Howrah,22.5958,88.2636,258735,McDonald's,WB Kolkata Avani Riverside,Shibpur,₹400 for two,American|Fast Food|Beverages,4.4,10K+,81,9.6,True,False,ITEMS,AT ₹58,,630,400.0,10000.0,item_price_point,0.0,0.0,,,58.0,1,55,1,3,American,1,5.991464547107982,9.210440366976517,400.0,0.6938325991189427
2026-09-19 21:12:19,Kolkata,Howrah,22.5958,88.2636,258968,Machhli Baba Fries,Bentick Street,Central Kolkata,₹300 for two,Bengali|Street Food|Rolls & Wraps|Kebabs|Fast Food,4.5,3.4K+,69,13.5,True,False,ITEMS,AT ₹65,,4413,300.0,3400.0,item_price_point,0.0,0.0,,,65.0,1,1,0,5,Bengali,1,5.703782474656201,8.131824785007195,300.0,0.42290748898678415
2026-09-19 21:12:19,Chennai,Perambur,13.1143,80.233,259440,"Faasos - Wraps, Rolls & Shawarma",Kodungaiyur,Selaivayal,₹200 for two,Wraps|rolls|Fast Food|Burger|shawarma|Rice Bowls,4.4,3.3K+,51,6.9,True,False,ITEMS,AT ₹39,,21809,200.0,3300.0,item_price_point,0.0,0.0,,,39.0,1,15,1,6,Wraps,1,5.298317366548036,8.101980731853192,200.0,0.10950413223140495
2026-09-19 21:12:19,Delhi,Saket,28.5245,77.2066,259719,NIC Ice Creams,Begumpur,Malviya Nagar,₹120 for two,Ice Cream|Desserts,4.6,5.9K+,25,2.1,True,True,70% OFF,UPTO ₹140,,6249,120.0,5900.0,percent,70.0,0.0,140.0,,,1,35,1,2,Ice Cream,1,4.787491742782046,8.682877107057168,120.0,0.013452914798206279
2026-09-19 21:12:19,Pune,Wakad,18.5985,73.7625,260823,La Pino'z Pizza,Wakad,Wakad,₹200 for two,Pizzas|Pastas|Italian|Desserts|Beverages,3.9,5.0K+,17,0.9,True,False,ITEMS,AT ₹69,,4961,200.0,5000.0,item_price_point,0.0,0.0,,,69.0,2,24,1,5,Pizzas,1,5.298317366548036,8.517393171418904,200.0,0.12863070539419086
2026-09-19 21:12:19,Kolkata,Dumdum,22.642,88.422,260833,The Southern Pantry,Bt Road,Belghoria,₹150 for two,South Indian|Snacks|Beverages,4.5,12K+,44,9.0,True,True,70% OFF,UPTO ₹140,,214091,150.0,12000.0,percent,70.0,0.0,140.0,,,1,1,0,3,South Indian,1,5.0106352940962555,9.392745258631441,150.0,0.10572687224669604
2026-09-19 21:12:19,Hyderabad,Miyapur,17.4968,78.3577,261361,The Red Box,Miyapur,Hafeezpet,₹400 for two,Chinese|Asian|Momos|Thai|Beverages|Starters,4.1,8.0K+,36,2.7,True,False,₹550 OFF,ABOVE ₹2499,FLAT DEAL,1636,400.0,8000.0,flat,0.0,550.0,,2499.0,,1,2,0,6,Chinese,1,5.991464547107982,8.987321812850125,400.0,0.696969696969697
2026-09-19 21:12:19,Pune,Hinjewadi,18.5913,73.7389,261409,Sweet Truth - Cake and Desserts,Bhatewara nagar,Hinjawadi,₹450 for two,Desserts|Ice Cream|Bakery|Beverages,4.3,1.0K+,8,0.6,True,False,ITEMS,AT ₹69,,4444,450.0,1000.0,item_price_point,0.0,0.0,,,69.0,1,32,1,4,Desserts,1,6.1092475827643655,6.90875477931522,450.0,0.8692946058091287
2026-09-19 21:12:19,Pune,Hinjewadi,18.5913,73.7389,261410,The Good Bowl,Bhatewara nagar,Hinjawadi,₹400 for two,Biryani|Pastas|Punjabi|Desserts|Beverages,4.3,2.2K+,14,0.6,True,False,ITEMS,AT ₹99,,7918,400.0,2200.0,item_price_point,0.0,0.0,,,99.0,1,31,1,5,Biryani,1,5.991464547107982,7.696667081526462,400.0,0.7365145228215768
2026-09-19 21:12:19,Pune,Hinjewadi,18.5913,73.7389,261411,The Biryani Life,Bhatewara nagar,Hinjawadi,₹250 for two,Biryani|Mughlai|Lucknowi|Hyderabadi|Kebabs|Desserts|Beverages,4.0,1.1K+,12,0.6,True,False,70% OFF,UPTO ₹140,,8496,250.0,1100.0,percent,70.0,0.0,140.0,,,1,31,1,7,Biryani,1,5.521460917862246,7.00397413672268,250.0,0.2821576763485477
2026-09-19 21:12:19,Chennai,Perambur,13.1143,80.233,262948,PS4 Veg Restaurant (Perambur Sri Srinivasa),Sembiam,Sembiam,₹300 for two,South Indian,4.6,32K+,18,0.7,True,True,20% OFF,UPTO ₹50,,560050,300.0,32000.0,percent,20.0,0.0,50.0,,,1,3,1,1,South Indian,1,5.703782474656201,10.373522431293592,300.0,0.4049586776859504
2026-09-19 21:12:19,Delhi,Lajpat Nagar,28.5677,77.2433,263199,The Belgian Waffle Co.,Hudson Lane,Lala Lajpat Rai Marg,₹200 for two,Desserts|Waffle|Coffee,4.5,5.1K+,27,1.9,True,True,30% OFF,UPTO ₹60,,2233,200.0,5100.0,percent,30.0,0.0,60.0,,,1,47,1,3,Desserts,1,5.298317366548036,8.537191877922927,200.0,0.08968609865470852
2026-09-19 21:12:19,Bengaluru,Koramangala,12.9352,77.6245,263485,Chaayos Chai+Snacks=Relax,Kormangala 8th Block,Kormangala,₹250 for two,Beverages|Chaat|Bakery|Snacks|Street Food|healthy|Home Food|Maharashtrian|Italian|Desserts,4.3,6.2K+,28,0.9,True,False,51% OFF,,FLAT DEAL,281782,250.0,6200.0,percent,51.0,0.0,,,,1,16,1,10,Beverages,1,5.521460917862246,8.732465848349879,250.0,0.25296442687747034
2026-09-19 21:12:19,Bengaluru,Electronic City,12.8452,77.6602,264148,Chaayos Chai+Snacks=Relax,Electronic City,Electronic City,₹250 for two,Beverages|Chaat|Bakery|Snacks|Street Food|healthy|Home Food|Maharashtrian|Italian|Desserts,4.4,4.5K+,32,1.5,True,False,51% OFF,,FLAT DEAL,281782,250.0,4500.0,percent,51.0,0.0,,,,1,16,1,10,Beverages,1,5.521460917862246,8.412054873292933,250.0,0.25296442687747034
2026-09-19 21:12:19,Hyderabad,Gachibowli,17.4401,78.3489,264588,Wow! China,Ayyappa Heights,Gachibowli,₹300 for two,Chinese|Asian|fastfood|Beverages|Snacks,3.6,5.7K+,31,1.5,True,False,70% OFF,UPTO ₹140,,226836,300.0,5700.0,percent,70.0,0.0,140.0,,,1,20,1,5,Chinese,1,5.703782474656201,8.648396877031582,300.0,0.48484848484848486
2026-09-19 21:12:19,Delhi,Saket,28.5245,77.2066,265572,Theobroma,Malviya Nagar,Malviya Nagar,₹400 for two,Bakery|Desserts,4.5,5.2K+,27,2.0,True,False,ITEMS,AT ₹36,,1040,400.0,5200.0,item_price_point,0.0,0.0,,,36.0,1,44,1,2,Bakery,1,5.991464547107982,8.556606193773073,400.0,0.7511210762331838
2026-09-19 21:12:19,Hyderabad,Kukatpally,17.4849,78.4138,267251,Wow! Momo,Gachibowli,Gachibowli,₹300 for two,Momos|Chinese|fastfood|Asian|Beverages,4.3,4.0K+,24,1.2,True,False,70% OFF,UPTO ₹140,,1776,300.0,4000.0,percent,70.0,0.0,140.0,,,1,22,1,5,Momos,1,5.703782474656201,8.294299608857235,300.0,0.48484848484848486
2026-09-19 21:12:19,Kolkata,Dumdum,22.642,88.422,268246,Domino's Pizza,"DUM DUM, CANTONMENT, KOLKATA",Dum Dum,₹400 for two,Pizzas|Italian|Pastas|Desserts,4.4,10K+,25,1.0,True,False,50% OFF,,FLAT DEAL,2456,400.0,10000.0,percent,50.0,0.0,,,,1,51,1,4,Pizzas,1,5.991464547107982,9.210440366976517,400.0,0.6938325991189427
2026-09-19 21:12:19,Hyderabad,Begumpet,17.4435,78.4645,268615,Almond House,Begumpet,Secunderabad,₹500 for two,Sweets|Desserts|Snacks|Beverages,4.7,3.3K+,30,1.7,True,True,₹125 OFF,ABOVE ₹999,FLAT DEAL,40,500.0,3300.0,flat,0.0,125.0,,999.0,,1,2,0,4,Sweets,1,6.214608098422191,8.101980731853192,500.0,0.8528138528138528
2026-09-19 21:12:19,Bengaluru,Indiranagar,12.9784,77.6408,273752,Brahmins Tiffin Centre,New Thipasandra,Indiranagar,₹150 for two,South Indian|Chinese,4.4,22K+,28,1.8,True,True,,,,20078,150.0,22000.0,none,0.0,0.0,,,,1,2,0,2,South Indian,0,5.0106352940962555,9.99884318585288,150.0,0.03162055335968379
2026-09-19 21:12:19,Mumbai,Chembur,19.0522,72.9005,277399,Dessert Cloud,Krushna Catering Gidwani Road,Chembur,₹150 for two,Desserts|Beverages,4.4,6.3K+,30,1.2,True,True,70% OFF,UPTO ₹140,,71414,150.0,6300.0,percent,70.0,0.0,140.0,,,1,1,0,2,Desserts,1,5.0106352940962555,8.748463629942055,150.0,0.055762081784386616
2026-09-19 21:12:19,Bengaluru,HSR Layout,12.9116,77.6446,279024,Andhra Gunpowder,Sector 2,HSR Layout,₹350 for two,Andhra|Biryani|South Indian,4.3,9.7K+,23,0.5,True,False,ITEMS,AT ₹99,,10496,350.0,9700.0,item_price_point,0.0,0.0,,,99.0,1,12,1,3,Andhra,1,5.857933154483459,9.179984251961283,350.0,0.6106719367588933
2026-09-19 21:12:19,Bengaluru,Marathahalli,12.9591,77.6974,285473,Kanti Sweets,Aswath Nagar,Marthahalli,₹100 for two,Sweets,4.6,9.1K+,26,1.1,True,True,,,,4700,100.0,9100.0,none,0.0,0.0,,,,1,6,1,1,Sweets,0,4.605170185988092,9.116139576577355,120.0,0.007905138339920948
2026-09-19 21:12:19,Kolkata,Park Street,22.553,88.352,285852,Starbucks Coffee,Park Street,Park Street,₹400 for two,Beverages|Cafe|Snacks|Desserts|Bakery|Ice Cream,4.5,3.3K+,24,0.5,True,False,₹85 OFF,ABOVE ₹199,FLAT DEAL,195515,400.0,3300.0,flat,0.0,85.0,,199.0,,1,6,1,6,Beverages,1,5.991464547107982,8.101980731853192,400.0,0.6938325991189427
2026-09-19 21:12:19,Kolkata,Salt Lake,22.58,88.42,288393,Starbucks Coffee,Salt Lake,Salt Lake,₹400 for two,Beverages|Cafe|Snacks|Desserts|Bakery|Ice Cream,4.5,3.2K+,29,2.2,True,False,₹85 OFF,ABOVE ₹199,FLAT DEAL,195515,400.0,3200.0,flat,0.0,85.0,,199.0,,1,6,1,6,Beverages,1,5.991464547107982,8.071218539969863,400.0,0.6938325991189427
2026-09-19 21:12:19,Bengaluru,Malleshwaram,13.0035,77.5647,288893,Meghana Foods,Dr. Rajkumar Road,Rajajinagar,₹500 for two,Biryani|Andhra|South Indian|Chinese|Seafood,4.5,70K+,34,2.6,True,False,,,,635,500.0,70000.0,none,0.0,0.0,,,,1,1,0,5,Biryani,0,6.214608098422191,11.156264806643742,500.0,0.9387351778656127
2026-09-19 21:12:19,Bengaluru,Marathahalli,12.9591,77.6974,290187,Andhra Gunpowder,Silver Spring Layout,Marathahalli,₹350 for two,Andhra|Biryani|South Indian,4.3,13K+,39,2.4,True,False,ITEMS,AT ₹99,,10496,350.0,13000.0,item_price_point,0.0,0.0,,,99.0,1,12,1,3,Andhra,1,5.857933154483459,9.472781556562168,350.0,0.6106719367588933
2026-09-19 21:12:19,Hyderabad,Kukatpally,17.4849,78.4138,292360,Raju Gari Biryani,Nizampet & Pragathi Nagar,Kukatpally,₹200 for two,Biryani|Snacks|Chinese|Mughlai,3.7,28K+,30,3.9,True,False,70% OFF,UPTO ₹140,,165947,200.0,28000.0,percent,70.0,0.0,140.0,,,1,6,1,4,Biryani,1,5.298317366548036,10.239995502805316,200.0,0.09523809523809523
2026-09-19 21:12:19,Mumbai,Bandra West,19.0596,72.8295,292885,Fresh Catch,Bandra West,Bandra West,₹1000 for two,Seafood,4.3,1.8K+,33,0.7,True,False,20% OFF,UPTO ₹50,,818876,1000.0,1800.0,percent,20.0,0.0,50.0,,,1,1,0,1,Seafood,1,6.907755278982137,7.496097345175956,900.0,0.9907063197026023
2026-09-19 21:12:19,Chennai,Perambur,13.1143,80.233,293696,The Red Box,Kolathur,Kolathur,₹400 for two,Chinese|Asian|Momos|Thai|Beverages|Starters,4.3,11K+,21,0.9,True,False,ITEMS,AT ₹49,,1636,400.0,11000.0,item_price_point,0.0,0.0,,,49.0,1,2,0,6,Chinese,1,5.991464547107982,9.305741456739435,400.0,0.7396694214876033
2026-09-19 21:12:19,Mumbai,Vashi,19.0771,72.9986,293992,Vihara - Regenza By Tunga,Vashi,Vashi,₹400 for two,Indian|South Indian,4.6,10K+,26,1.3,True,False,70% OFF,UPTO ₹140,,743268,400.0,10000.0,percent,70.0,0.0,140.0,,,1,1,0,2,Indian,1,5.991464547107982,9.210440366976517,400.0,0.7193308550185874
2026-09-19 21:12:19,Mumbai,Bandra West,19.0596,72.8295,294037,Seefah,Bandra West,Bandra West,₹1800 for two,Japanese|Asian,4.3,2.3K+,30,0.7,True,False,,,,179815,1800.0,2300.0,none,0.0,0.0,,,,1,1,0,2,Japanese,0,7.495541943884256,7.741099090035366,900.0,0.9907063197026023
2026-09-19 21:12:19,Bengaluru,BTM Layout,12.9166,77.6101,294086,Baskin Robbins - Ice Cream Desserts,Dollars Colony,Btm Layout,₹250 for two,Desserts|Ice Cream,4.7,1.4K+,46,2.8,True,True,ITEMS,AT ₹15,,5588,250.0,1400.0,item_price_point,0.0,0.0,,,15.0,1,59,1,2,Desserts,1,5.521460917862246,7.244941546337007,250.0,0.25296442687747034
2026-09-19 21:12:19,Mumbai,Vashi,19.0771,72.9986,295965,Big Bowl,Bhoomi Paradesi,Vashi,₹300 for two,North Indian|Chinese|Tibetan|Desserts,4.2,3.1K+,32,4.1,True,False,70% OFF,UPTO ₹140,,434792,300.0,3100.0,percent,70.0,0.0,140.0,,,1,22,1,4,North Indian,1,5.703782474656201,8.03947991910045,300.0,0.4312267657992565
2026-09-19 21:12:19,Mumbai,Andheri West,19.1364,72.8296,296048,Big Bowl,LOKHANDWALA COMPLEX,Andheri West,₹300 for two,North Indian|Chinese|Tibetan|Desserts,4.2,2.6K+,29,1.1,True,False,70% OFF,UPTO ₹140,,434792,300.0,2600.0,percent,70.0,0.0,140.0,,,1,22,1,4,North Indian,1,5.703782474656201,7.8636512654486515,300.0,0.4312267657992565
2026-09-19 21:12:19,Mumbai,Lower Parel,18.996,72.8258,296049,Big Bowl,Sitaram jadhav marg,Lower parel,₹300 for two,Chinese|Tibetan|Desserts,4.1,4.4K+,32,1.9,True,False,70% OFF,UPTO ₹140,,434792,300.0,4400.0,percent,70.0,0.0,140.0,,,1,22,1,3,Chinese,1,5.703782474656201,8.38958706681109,300.0,0.4312267657992565
2026-09-19 21:12:19,Mumbai,Chembur,19.0522,72.9005,296266,Big Bowl,Maskawala Bldg,Chembur,₹300 for two,Chinese|Tibetan|Desserts,4.4,5.8K+,27,0.1,True,False,70% OFF,UPTO ₹140,,434792,300.0,5800.0,percent,70.0,0.0,140.0,,,1,22,1,3,Chinese,1,5.703782474656201,8.665785595466064,300.0,0.4312267657992565
2026-09-19 21:12:19,Pune,Hadapsar,18.5089,73.926,296649,KFC,Magarpatta City,Magarpatta,₹400 for two,Burgers|Fast Food|Rolls & Wraps,4.2,5.2K+,32,1.8,True,False,50% OFF,,FLAT DEAL,547,400.0,5200.0,percent,50.0,0.0,,,,1,58,1,3,Burgers,1,5.991464547107982,8.556606193773073,400.0,0.7365145228215768
2026-09-19 21:12:19,Kolkata,Behala,22.4989,88.318,298425,Maggi Wala,South Kolkata,Kalighat,₹150 for two,Chinese|Beverages|Fast Food|Burgers,4.2,5.7K+,52,5.7,True,False,,,,129224,150.0,5700.0,none,0.0,0.0,,,,2,2,0,4,Chinese,0,5.0106352940962555,8.648396877031582,150.0,0.10572687224669604
2026-09-19 21:12:19,Kolkata,Dumdum,22.642,88.422,299242,NIC Ice Creams,Leap years,Rajarhat,₹120 for two,Ice Cream|Desserts,4.7,11K+,31,4.0,True,True,70% OFF,UPTO ₹140,,6249,120.0,11000.0,percent,70.0,0.0,140.0,,,1,35,1,2,Ice Cream,1,4.787491742782046,9.305741456739435,120.0,0.03524229074889868
2026-09-19 21:12:19,Hyderabad,Madhapur,17.4483,78.3915,300353,Barbeque Nation,Jubilee Hills,Jubilee Hills,₹600 for two,North Indian|Barbecue|Kebabs|Biryani|Street Food|Snacks,3.9,1.5K+,35,2.9,True,False,ITEMS,AT ₹149,,2438,600.0,1500.0,item_price_point,0.0,0.0,,,149.0,1,8,1,6,North Indian,1,6.396929655216146,7.313886831633462,600.0,0.9069264069264069
2026-09-19 21:12:19,Hyderabad,Kondapur,17.4615,78.3639,300357,Barbeque Nation,Kothaguda,Kothaguda,₹600 for two,North Indian|Barbecue|Kebabs|Biryani|Street Food|Snacks,3.8,2.4K+,32,1.4,True,False,ITEMS,AT ₹149,,2438,600.0,2400.0,item_price_point,0.0,0.0,,,149.0,1,8,1,6,North Indian,1,6.396929655216146,7.783640596221253,600.0,0.9069264069264069
2026-09-19 21:12:19,Hyderabad,Gachibowli,17.4401,78.3489,300359,"Barbeque Nation - Phoenix Centaurus, Gachibowli",Rajendra Nagar,Nanakramguda,₹600 for two,North Indian|Barbecue|Kebabs|Biryani|Street Food|Snacks,4.0,2.7K+,22,1.7,True,False,ITEMS,AT ₹149,,2438,600.0,2700.0,item_price_point,0.0,0.0,,,149.0,1,8,1,6,North Indian,1,6.396929655216146,7.901377353792616,600.0,0.9069264069264069
2026-09-19 21:12:19,Bengaluru,Jayanagar,12.925,77.5938,300642,Al-Bek,3rd phase,Jayanagar,₹600 for two,Indian|Chinese,4.3,18K+,28,1.3,True,False,,,,9911,600.0,18000.0,none,0.0,0.0,,,,1,1,0,2,Indian,0,6.396929655216146,9.798182590890704,600.0,0.9683794466403162
2026-09-19 21:12:19,Mumbai,Thane West,19.2183,72.9781,302178,Jeden-The Cake Expert,Thane Manpada,Thane West,₹400 for two,Cakes & Pastries|Desserts|Sweets|Bakery,4.4,1.6K+,32,2.2,True,True,40% OFF,UPTO ₹80,,10782,400.0,1600.0,percent,40.0,0.0,80.0,,,1,3,1,4,Cakes & Pastries,1,5.991464547107982,7.3783837129967145,400.0,0.7193308550185874
2026-09-19 21:12:19,Delhi,Dwarka,28.5921,77.046,303229,Theobroma,Dwarka Sector 7,Dwarka,₹400 for two,Bakery|Desserts,4.6,8.8K+,29,3.7,True,False,ITEMS,AT ₹36,,1040,400.0,8800.0,item_price_point,0.0,0.0,,,36.0,1,44,1,2,Bakery,1,5.991464547107982,9.082620630373812,400.0,0.7511210762331838
2026-09-19 21:12:19,Kolkata,Dumdum,22.642,88.422,304333,Wow! Momo,Majumdar Para Road,Eco Park Newtown,₹300 for two,Momos|Chinese|fastfood|Asian|Beverages,4.4,11K+,27,1.8,True,False,70% OFF,UPTO ₹140,,1776,300.0,11000.0,percent,70.0,0.0,140.0,,,1,22,1,5,Momos,1,5.703782474656201,9.305741456739435,300.0,0.42290748898678415
2026-09-19 21:12:19,Kolkata,Tollygunge,22.495,88.345,304651,Chowman,Tollygunge,Tollygunge,₹700 for two,Chinese|Asian|Thai|Oriental|Burmese|Tibetan,4.4,19K+,36,2.0,True,False,70% OFF,UPTO ₹130,,266,700.0,19000.0,percent,70.0,0.0,130.0,,,1,6,1,6,Chinese,1,6.551080335043404,9.852246888342531,700.0,0.9691629955947136
2026-09-19 21:12:19,Kolkata,New Town,22.58,88.46,304675,Chowman,New Town,New Town,₹700 for two,Chinese|Asian|Thai|Oriental|Burmese|Tibetan,4.5,31K+,28,1.1,True,False,70% OFF,UPTO ₹130,,266,700.0,31000.0,percent,70.0,0.0,130.0,,,1,6,1,6,Chinese,1,6.551080335043404,10.34177474101152,700.0,0.9691629955947136
2026-09-19 21:12:19,Kolkata,Garia,22.465,88.39,305422,Wow! Momo,Garia,Garia,₹300 for two,Momos|Chinese|fastfood|Asian|Beverages,4.6,4.0K+,25,1.2,True,False,70% OFF,UPTO ₹140,,1776,300.0,4000.0,percent,70.0,0.0,140.0,,,1,22,1,5,Momos,1,5.703782474656201,8.294299608857235,300.0,0.42290748898678415
2026-09-19 21:12:19,Kolkata,Behala,22.4989,88.318,305424,Wow! China,D H Road,Behala,₹200 for two,Chinese|Asian|fastfood|Beverages|Snacks,4.3,15K+,28,1.6,True,False,70% OFF,UPTO ₹140,,226836,200.0,15000.0,percent,70.0,0.0,140.0,,,1,20,1,5,Chinese,1,5.298317366548036,9.61587214452889,200.0,0.19162995594713655
2026-09-19 21:12:19,Pune,Wakad,18.5985,73.7625,305793,Barbeque Nation,Wakad,Wakad,₹600 for two,North Indian|Barbecue|Kebabs|Biryani|Street Food|Snacks,3.7,2.0K+,36,1.1,True,False,ITEMS,AT ₹149,,2438,600.0,2000.0,item_price_point,0.0,0.0,,,149.0,1,8,1,6,North Indian,1,6.396929655216146,7.601402334583733,600.0,0.966804979253112
2026-09-19 21:12:19,Kolkata,Park Street,22.553,88.352,305800,Barbeque Nation,Park Street,Park Street,₹600 for two,North Indian|Barbecue|Kebabs|Biryani|Street Food|Snacks,4.3,2.0K+,32,0.7,True,False,ITEMS,AT ₹149,,2438,600.0,2000.0,item_price_point,0.0,0.0,,,149.0,1,8,1,6,North Indian,1,6.396929655216146,7.601402334583733,600.0,0.9361233480176211
2026-09-19 21:12:19,Kolkata,Behala,22.4989,88.318,307505,Tea Chai,South Kolkata,Kalighat,₹150 for two,Beverages|Desserts|Snacks,4.6,6.5K+,53,5.7,True,False,₹200 OFF,ABOVE ₹499,FLAT DEAL,202657,150.0,6500.0,flat,0.0,200.0,,499.0,,2,2,0,3,Beverages,1,5.0106352940962555,8.77971129020447,150.0,0.10572687224669604
2026-09-19 21:12:19,Chennai,T. Nagar,13.0418,80.2341,307787,Barbeque Nation,The Grand Sweets,Thyagaraya Nagar,₹600 for two,North Indian|Barbecue|Kebabs|Biryani|Street Food|Snacks,3.9,1.5K+,27,1.4,True,False,ITEMS,AT ₹149,,2438,600.0,1500.0,item_price_point,0.0,0.0,,,149.0,1,8,1,6,North Indian,1,6.396929655216146,7.313886831633462,600.0,0.9586776859504132
2026-09-19 21:12:19,Chennai,Tambaram,12.9249,80.1,308843,The Belgian Waffle Co.,TAMBARAM,MUDICHUR ROAD,₹200 for two,Waffle|Desserts|Ice Cream,4.5,3.3K+,16,0.5,True,True,30% OFF,UPTO ₹60,,2233,200.0,3300.0,percent,30.0,0.0,60.0,,,1,47,1,3,Waffle,1,5.298317366548036,8.101980731853192,200.0,0.10950413223140495
2026-09-19 21:12:19,Hyderabad,Dilsukhnagar,17.3687,78.5247,309343,Baskin Robbins - Ice Cream Desserts,Alkapuri,Kothapet,₹250 for two,Desserts|Ice Cream,4.4,1.9K+,31,4.1,True,True,ITEMS,AT ₹15,,5588,250.0,1900.0,item_price_point,0.0,0.0,,,15.0,1,59,1,2,Desserts,1,5.521460917862246,7.550135342488429,250.0,0.25757575757575757
2026-09-19 21:12:19,Bengaluru,BTM Layout,12.9166,77.6101,313780,Hari Super Sandwich,BTM Layout,BTM Layout,₹100 for two,Street Food,4.1,3.6K+,36,1.8,True,False,,,,454,100.0,3600.0,none,0.0,0.0,,,,1,1,0,1,Street Food,0,4.605170185988092,8.188966863648876,120.0,0.007905138339920948
2026-09-19 21:12:19,Bengaluru,Whitefield,12.9698,77.75,313792,Brahmins Tiffin Centre,Silver Spring Layout,Marathahalli,₹200 for two,South Indian|Fast Food,4.4,16K+,60,7.0,True,True,,,,20078,200.0,16000.0,none,0.0,0.0,,,,2,2,0,2,South Indian,0,5.298317366548036,9.680406499268875,200.0,0.08498023715415019
2026-09-19 21:12:19,Pune,Aundh,18.559,73.8077,313969,Ishan Pure Veg,Shivaji Nagar,Shivaji Nagar,₹200 for two,North Indian|South Indian|Beverages|Chinese,4.5,11K+,29,4.7,True,False,ITEMS,AT ₹119,,107404,200.0,11000.0,item_price_point,0.0,0.0,,,119.0,2,1,0,4,North Indian,1,5.298317366548036,9.305741456739435,200.0,0.12863070539419086
2026-09-19 21:12:19,Kolkata,Salt Lake,22.58,88.42,314444,Natural Ice Cream,NEW TOWN,Newtown,₹150 for two,Ice Cream|Desserts,4.5,1.7K+,31,5.0,True,True,20% OFF,UPTO ₹50,,2093,150.0,1700.0,percent,20.0,0.0,50.0,,,1,22,1,2,Ice Cream,1,5.0106352940962555,7.438971592395862,150.0,0.10572687224669604
2026-09-19 21:12:19,Pune,Viman Nagar,18.5679,73.9143,316124,New Naaz Caterers Biryani House,Balaji Udhayam Nagar, Wadgaon Sheri ,₹250 for two,Biryani|North Indian|Mughlai|Combos|Fast Food|Indian,4.2,3.5K+,18,2.9,True,False,ITEMS,AT ₹99,,147367,250.0,3500.0,item_price_point,0.0,0.0,,,99.0,2,1,0,6,Biryani,1,5.521460917862246,8.160803920954665,250.0,0.2821576763485477
2026-09-19 21:12:19,Kolkata,New Town,22.58,88.46,316578,NIC Ice Creams,Nayapatty,Bidhannagar,₹120 for two,Ice Cream|Desserts,4.8,9.5K+,26,3.0,True,True,70% OFF,UPTO ₹140,,6249,120.0,9500.0,percent,70.0,0.0,140.0,,,1,35,1,2,Ice Cream,1,4.787491742782046,9.15915233520675,120.0,0.03524229074889868
2026-09-19 21:12:19,Kolkata,Ballygunge,22.529,88.365,316583,NIC Ice Creams,Ray Street,Central Kolkata,₹120 for two,Ice Cream|Desserts,4.6,9.8K+,34,2.8,True,True,70% OFF,UPTO ₹140,,6249,120.0,9800.0,percent,70.0,0.0,140.0,,,1,35,1,2,Ice Cream,1,4.787491742782046,9.19023970026918,120.0,0.03524229074889868
2026-09-19 21:12:19,Bengaluru,Koramangala,12.9352,77.6245,319086,Baskin Robbins - Ice Cream Desserts,4th B Block,Koramangala BDA Complex,₹250 for two,Desserts,4.4,1.7K+,21,0.5,True,True,ITEMS,AT ₹15,,5588,250.0,1700.0,item_price_point,0.0,0.0,,,15.0,1,59,1,1,Desserts,1,5.521460917862246,7.438971592395862,250.0,0.25296442687747034
2026-09-19 21:12:19,Kolkata,New Town,22.58,88.46,319823,Mishra's Dlf Newtown,Salt Lake,Newtown,₹300 for two,Indian|Mughlai|Chinese,4.1,165,27,0.8,True,False,,,,136909,300.0,165.0,none,0.0,0.0,,,,1,1,0,3,Indian,0,5.703782474656201,5.111987788356544,300.0,0.42290748898678415
2026-09-19 21:12:19,Kolkata,Behala,22.4989,88.318,321353,Sandwich Xpress,South Kolkata,Kalighat,₹100 for two,Beverages|Indian|Fast Food|Snacks|Tibetan|Pastas,4.2,3.2K+,53,5.7,True,False,₹200 OFF,ABOVE ₹499,FLAT DEAL,254415,100.0,3200.0,flat,0.0,200.0,,499.0,,1,2,0,6,Beverages,1,4.605170185988092,8.071218539969863,120.0,0.03524229074889868
2026-09-19 21:12:19,Kolkata,Park Street,22.553,88.352,322208,Burma Burma,Park Street,Park Street,₹1500 for two,Asian|Salads|Burmese,4.6,1.3K+,34,,True,False,₹125 OFF,ABOVE ₹999,FLAT DEAL,3712,1500.0,1300.0,flat,0.0,125.0,,999.0,,1,1,0,3,Asian,1,7.313220387090301,7.170888478512505,900.0,0.9977973568281938
2026-09-19 21:12:19,Hyderabad,Kondapur,17.4615,78.3639,322212,100N, Ravi Colony,Gachibowli,₹250 for two,Barbecue|Juices|Healthy Food,4.3,15K+,22,0.8,True,False,70% OFF,UPTO ₹140,,22768,250.0,15000.0,percent,70.0,0.0,140.0,,,1,1,0,3,Barbecue,1,5.521460917862246,9.61587214452889,250.0,0.25757575757575757
2026-09-19 21:12:19,Bengaluru,Whitefield,12.9698,77.75,322270,Andhra Gunpowder,Byrappa Layout,Whitefield,₹350 for two,Andhra|Biryani|South Indian,4.3,12K+,26,0.1,True,False,ITEMS,AT ₹99,,10496,350.0,12000.0,item_price_point,0.0,0.0,,,99.0,1,12,1,3,Andhra,1,5.857933154483459,9.392745258631441,350.0,0.6106719367588933
2026-09-19 21:12:19,Mumbai,Powai,19.1176,72.906,323509,Chinese Wok,Powai,Powai,₹300 for two,Chinese|Asian|Tibetan|Desserts,4.2,8.8K+,25,1.5,True,False,70% OFF,UPTO ₹140,,61955,300.0,8800.0,percent,70.0,0.0,140.0,,,1,22,1,4,Chinese,1,5.703782474656201,9.082620630373812,300.0,0.4312267657992565
2026-09-19 21:12:19,Hyderabad,Kukatpally,17.4849,78.4138,324758,Natural Ice Cream,Kukatpally,Kukatpally,₹150 for two,Ice Cream|Desserts,4.6,12K+,30,2.6,True,True,₹550 OFF,ABOVE ₹2499,FLAT DEAL,2093,150.0,12000.0,flat,0.0,550.0,,2499.0,,1,22,1,2,Ice Cream,1,5.0106352940962555,9.392745258631441,150.0,0.05194805194805195
2026-09-19 21:12:19,Delhi,Pitampura,28.6942,77.1317,326226,Theobroma,Netaji Subhash Place,Netaji Subhash Place,₹400 for two,Bakery|Desserts,4.5,4.6K+,30,2.7,True,False,ITEMS,AT ₹36,,1040,400.0,4600.0,item_price_point,0.0,0.0,,,36.0,1,44,1,2,Bakery,1,5.991464547107982,8.434028950155469,400.0,0.7511210762331838
2026-09-19 21:12:19,Kolkata,Garia,22.465,88.39,326890,"Faasos - Wraps, Rolls & Shawarma",ANUKUL CHANDRA ROAD,Garia,₹200 for two,Wraps|rolls|Fast Food|Burger|shawarma|Rice Bowls,4.5,5.9K+,29,1.3,True,False,65% OFF,UPTO ₹125,,21809,200.0,5900.0,percent,65.0,0.0,125.0,,,1,15,1,6,Wraps,1,5.298317366548036,8.682877107057168,200.0,0.19162995594713655
2026-09-19 21:12:19,Kolkata,Garia,22.465,88.39,326891,Behrouz Biryani,ANUKUL CHANDRA ROAD,Garia,₹500 for two,Biryani|North Indian|Kebabs|Mughlai|Beverages|Desserts,4.3,6.2K+,27,1.3,True,False,65% OFF,UPTO ₹125,,1803,500.0,6200.0,percent,65.0,0.0,125.0,,,1,12,1,6,Biryani,1,6.214608098422191,8.732465848349879,500.0,0.8744493392070485
2026-09-19 21:12:19,Kolkata,Garia,22.465,88.39,326892,Oven Story Pizza,ANUKUL CHANDRA ROAD,Garia,₹400 for two,Pizzas|Pastas|Italian|Desserts|Beverages,4.3,10K+,30,1.3,True,False,ITEMS,AT ₹99,,3534,400.0,10000.0,item_price_point,0.0,0.0,,,99.0,1,3,1,5,Pizzas,1,5.991464547107982,9.210440366976517,400.0,0.6938325991189427
2026-09-19 21:12:19,Kolkata,Garia,22.465,88.39,326894,LunchBox - Meals and Thalis,ANUKUL CHANDRA ROAD,Garia,₹200 for two,Thalis|North Indian|Biryani,4.5,6.2K+,31,1.3,True,False,ITEMS,AT ₹99,,4925,200.0,6200.0,item_price_point,0.0,0.0,,,99.0,1,17,1,3,Thalis,1,5.298317366548036,8.732465848349879,200.0,0.19162995594713655
2026-09-19 21:12:19,Kolkata,Garia,22.465,88.39,326895,Sweet Truth - Cake and Desserts,ANUKUL CHANDRA ROAD,Garia,₹450 for two,Desserts|Ice Cream|Bakery|Beverages,4.5,3.2K+,25,1.3,True,False,ITEMS,AT ₹69,,4444,450.0,3200.0,item_price_point,0.0,0.0,,,69.0,1,32,1,4,Desserts,1,6.1092475827643655,8.071218539969863,450.0,0.8039647577092511
2026-09-19 21:12:19,Kolkata,Garia,22.465,88.39,326896,The Good Bowl,ANUKUL CHANDRA ROAD,Garia,₹400 for two,Biryani|Pastas|Punjabi|Desserts|Beverages,4.4,2.6K+,27,1.3,True,False,ITEMS,AT ₹129,,7918,400.0,2600.0,item_price_point,0.0,0.0,,,129.0,1,31,1,5,Biryani,1,5.991464547107982,7.8636512654486515,400.0,0.6938325991189427
2026-09-19 21:12:19,Kolkata,Garia,22.465,88.39,326897,The Biryani Life,ANUKUL CHANDRA ROAD,Garia,₹250 for two,Biryani|Mughlai|Lucknowi|Hyderabadi|Kebabs|Desserts|Beverages,4.1,1.3K+,28,1.3,True,False,70% OFF,UPTO ₹140,,8496,250.0,1300.0,percent,70.0,0.0,140.0,,,1,31,1,7,Biryani,1,5.521460917862246,7.170888478512505,250.0,0.2841409691629956
2026-09-19 21:12:19,Pune,Kothrud,18.5074,73.8077,326933,Big Bowl,Late GA Kulkarni Path,Kothrud,₹300 for two,Chinese|Tibetan|Desserts,4.3,4.4K+,28,2.0,True,False,70% OFF,UPTO ₹140,,434792,300.0,4400.0,percent,70.0,0.0,140.0,,,1,22,1,3,Chinese,1,5.703782474656201,8.38958706681109,300.0,0.42323651452282157
2026-09-19 21:12:19,Kolkata,Tollygunge,22.495,88.345,328307,Wow! Momo,Garia,Garia,₹300 for two,Momos|Chinese|fastfood|Asian|Beverages,4.5,10K+,27,2.9,True,False,ITEMS,AT ₹49,,1776,300.0,10000.0,item_price_point,0.0,0.0,,,49.0,1,22,1,5,Momos,1,5.703782474656201,9.210440366976517,300.0,0.42290748898678415
2026-09-19 21:12:19,Mumbai,Vashi,19.0771,72.9986,328876,Charcoal Eats - Biryani & Beyond,Navi Mumbai,APMC Market,₹400 for two,Biryani|Kebabs|North Indian|Mughlai,4.3,5.6K+,16,1.3,True,False,70% OFF,,FLAT DEAL,5338,400.0,5600.0,percent,70.0,0.0,,,,1,4,1,4,Biryani,1,5.991464547107982,8.630700432209832,400.0,0.7193308550185874
2026-09-19 21:12:19,Bengaluru,Jayanagar,12.925,77.5938,330839,RNR Biryani - Taste of 1953,1st Phase,Jayanagar,₹350 for two,Biryani|South Indian|Kebabs,4.4,8.5K+,32,2.3,True,False,ITEMS,AT ₹40,,11620,350.0,8500.0,item_price_point,0.0,0.0,,,40.0,1,2,0,3,Biryani,1,5.857933154483459,9.04793908261736,350.0,0.6106719367588933
2026-09-19 21:12:19,Mumbai,Dadar,19.0178,72.8478,331762,Domino's Pizza,"ISSARDAS, WADALA",Wadala,₹400 for two,Pizzas|Italian|Pastas|Desserts,4.3,4.1K+,25,2.8,True,False,ITEMS,AT ₹39,,2456,400.0,4100.0,item_price_point,0.0,0.0,,,39.0,1,51,1,4,Pizzas,1,5.991464547107982,8.31898612539206,400.0,0.7193308550185874
2026-09-19 21:12:19,Mumbai,Borivali,19.2307,72.8567,332609,Charcoal Eats - Biryani & Beyond,SAIBABA NAGAR,NEHRU GARDEN,₹400 for two,Biryani|Kebabs|North Indian|Mughlai,4.3,5.3K+,32,2.3,True,False,70% OFF,,FLAT DEAL,5338,400.0,5300.0,percent,70.0,0.0,,,,1,4,1,4,Biryani,1,5.991464547107982,8.575650760987806,400.0,0.7193308550185874
2026-09-19 21:12:19,Mumbai,Malad West,19.1868,72.8484,332613,Charcoal Eats - Biryani & Beyond,Pakhadi Road,Malad West,₹400 for two,Biryani|Kebabs|North Indian|Mughlai,4.3,6.0K+,35,0.9,True,False,70% OFF,,FLAT DEAL,5338,400.0,6000.0,percent,70.0,0.0,,,,1,4,1,4,Biryani,1,5.991464547107982,8.699681400989514,400.0,0.7193308550185874
2026-09-19 21:12:19,Pune,Baner,18.559,73.7868,333104,Pind Punjab,Baner Road,Baner,₹450 for two,North Indian| Biryani| Mughlai| Punjabi| Indian|Kebabs|Thalis|Chinese|Beverages|Desserts,4.0,27K+,23,1.6,True,False,70% OFF,UPTO ₹140,,4196,450.0,27000.0,percent,70.0,0.0,140.0,,,2,4,1,10,North Indian,1,6.1092475827643655,10.203629181337648,450.0,0.8692946058091287
2026-09-19 21:12:19,Bengaluru,Hebbal,13.0358,77.597,333153,Baskin Robbins - Ice Cream Desserts,Dinnur Main Road,R T Nagar,₹250 for two,Desserts|Ice Cream,4.5,920,33,2.6,True,True,ITEMS,AT ₹15,,5588,250.0,920.0,item_price_point,0.0,0.0,,,15.0,1,59,1,2,Desserts,1,5.521460917862246,6.825460036255307,250.0,0.25296442687747034
2026-09-19 21:12:19,Pune,Hadapsar,18.5089,73.926,333686,Circle Of Crust,Magarpatta City,Magarpatta City,₹500 for two,Pizzas|Italian|Pastas|Desserts|Beverages,4.1,3.3K+,24,2.3,True,False,70% OFF,UPTO ₹140,,63326,500.0,3300.0,percent,70.0,0.0,140.0,,,1,3,1,5,Pizzas,1,6.214608098422191,8.101980731853192,500.0,0.9149377593360996
2026-09-19 21:12:19,Mumbai,Malad West,19.1868,72.8484,334050,Theobroma,Malad West,Malad West,₹400 for two,Bakery|Desserts,4.4,10K+,35,2.2,True,False,ITEMS,AT ₹37,,1040,400.0,10000.0,item_price_point,0.0,0.0,,,37.0,1,44,1,2,Bakery,1,5.991464547107982,9.210440366976517,400.0,0.7193308550185874
2026-09-19 21:12:19,Bengaluru,BTM Layout,12.9166,77.6101,334475,KFC,2nd Stage,BTM Layout,₹400 for two,Burgers|Fast Food|Rolls & Wraps,4.1,14K+,25,0.6,True,False,50% OFF,,FLAT DEAL,547,400.0,14000.0,percent,50.0,0.0,,,,1,58,1,3,Burgers,1,5.991464547107982,9.546884034617925,400.0,0.7628458498023716
2026-09-19 21:12:19,Bengaluru,Indiranagar,12.9784,77.6408,334614,Ghee Tadka Khichdi,HAL 3rd stage,Jeevanbhima Nagar,₹300 for two,Indian|Home Food,4.6,2.5K+,34,2.1,True,False,ITEMS,AT ₹119,,349720,300.0,2500.0,item_price_point,0.0,0.0,,,119.0,1,1,0,2,Indian,1,5.703782474656201,7.824445930877619,300.0,0.4782608695652174
2026-09-19 21:12:19,Mumbai,Malad West,19.1868,72.8484,334664,Brijwasi Sweets,Malad Kan West,Malad West,₹300 for two,Sweets|Snacks|snack|Fast Food,4.2,2.1K+,24,0.9,True,True,70% OFF,UPTO ₹140,,13929,300.0,2100.0,percent,70.0,0.0,140.0,,,1,1,0,4,Sweets,1,5.703782474656201,7.650168700845001,300.0,0.4312267657992565
2026-09-19 21:12:19,Delhi,Karol Bagh,28.6519,77.1909,335361,Natural Ice Cream,DDA Market,Rajendra Place,₹150 for two,Ice Cream|Desserts,4.5,1.6K+,19,2.6,True,True,20% OFF,UPTO ₹50,,2093,150.0,1600.0,percent,20.0,0.0,50.0,,,1,22,1,2,Ice Cream,1,5.0106352940962555,7.3783837129967145,150.0,0.03587443946188341
2026-09-19 21:12:19,Delhi,Rohini,28.7495,77.0565,335363,Natural Ice Cream,Sector17,Rohini,₹150 for two,Ice Cream|Desserts,4.4,641,33,7.0,True,True,20% OFF,UPTO ₹50,,2093,150.0,641.0,percent,20.0,0.0,50.0,,,1,22,1,2,Ice Cream,1,5.0106352940962555,6.464588303689961,150.0,0.03587443946188341
2026-09-19 21:12:19,Delhi,Pitampura,28.6942,77.1317,336053,Wendy's Burgers,Sector 8,Pushpanjali,₹200 for two,Burgers|Fast Food|wrap,4.3,9.2K+,28,2.7,True,False,ITEMS,AT ₹59,,972,200.0,9200.0,item_price_point,0.0,0.0,,,59.0,1,23,1,3,Burgers,1,5.298317366548036,9.127067452782361,200.0,0.08968609865470852
2026-09-19 21:12:19,Delhi,Rohini,28.7495,77.0565,336272,Punjabi Angithi (Vegorama Group),Sector 16,Rohini,₹400 for two,North Indian|Chinese|Tandoor|rolls,4.3,41K+,51,8.3,True,True,ITEMS,AT ₹49,,465050,400.0,41000.0,item_price_point,0.0,0.0,,,49.0,1,2,0,4,North Indian,1,5.991464547107982,10.62135173563291,400.0,0.7511210762331838
2026-09-19 21:12:19,Mumbai,Dadar,19.0178,72.8478,337356,NIC Ice Creams,R.A.K Road,wadala,₹120 for two,Ice Cream|Desserts,4.6,5.0K+,21,2.0,True,True,70% OFF,UPTO ₹140,,6249,120.0,5000.0,percent,70.0,0.0,140.0,,,1,35,1,2,Ice Cream,1,4.787491742782046,8.517393171418904,120.0,0.016728624535315983
2026-09-19 21:12:19,Delhi,Janakpuri,28.6219,77.0878,337439,Theobroma,Janakpuri,Janakpuri,₹400 for two,Bakery|Desserts,4.5,8.7K+,15,0.3,True,False,ITEMS,AT ₹36,,1040,400.0,8700.0,item_price_point,0.0,0.0,,,36.0,1,44,1,2,Bakery,1,5.991464547107982,9.071193240566025,400.0,0.7511210762331838
2026-09-19 21:12:19,Mumbai,Dadar,19.0178,72.8478,337815,La Pino'z Pizza,Matunga East,Matunga East,₹300 for two,Pizzas|Italian|Pastas|Mexican|Desserts|Beverages|Snacks|Combos|Fast Food,4.1,9.5K+,29,1.2,True,False,50% OFF,,FLAT DEAL,4961,300.0,9500.0,percent,50.0,0.0,,,,1,24,1,9,Pizzas,1,5.703782474656201,9.15915233520675,300.0,0.4312267657992565
2026-09-19 21:12:19,Hyderabad,Gachibowli,17.4401,78.3489,338288,Baskin Robbins - Ice Cream Desserts,Indira Nagar,Gachibowli,₹250 for two,Desserts|Ice Cream,4.1,1.0K+,26,1.1,True,True,ITEMS,AT ₹15,,5588,250.0,1000.0,item_price_point,0.0,0.0,,,15.0,1,59,1,2,Desserts,1,5.521460917862246,6.90875477931522,250.0,0.25757575757575757
2026-09-19 21:12:19,Mumbai,Bandra West,19.0596,72.8295,338328,Sweet Truth - Cake and Desserts,Turner Road,Patkar Blocks,₹450 for two,Desserts|Ice Cream|Bakery|Beverages,3.9,368,25,1.2,True,False,70% OFF,UPTO ₹140,,4444,450.0,368.0,percent,70.0,0.0,140.0,,,1,32,1,4,Desserts,1,6.1092475827643655,5.910796644040527,450.0,0.8568773234200744
2026-09-19 21:12:19,Mumbai,Bandra West,19.0596,72.8295,338330,The Good Bowl,Turner Road,Patkar Blocks,₹400 for two,Biryani|Pastas|Punjabi|Desserts|Beverages,4.2,1.0K+,32,1.2,True,False,70% OFF,UPTO ₹140,,7918,400.0,1000.0,percent,70.0,0.0,140.0,,,1,31,1,5,Biryani,1,5.991464547107982,6.90875477931522,400.0,0.7193308550185874
2026-09-19 21:12:19,Mumbai,Bandra West,19.0596,72.8295,338331,The Biryani Life,Turner Road,Patkar Blocks,₹250 for two,Biryani|Mughlai|Lucknowi|Hyderabadi|Kebabs|Desserts|Beverages,4.2,815,28,1.2,True,False,70% OFF,UPTO ₹140,,8496,250.0,815.0,percent,70.0,0.0,140.0,,,1,31,1,7,Biryani,1,5.521460917862246,6.704414354964107,250.0,0.2695167286245353
2026-09-19 21:12:19,Chennai,Velachery,12.9756,80.2207,338767,NIC Ice Creams,"Dr. Ambdgar Salai,Periyar Nagar",Madipakkam,₹120 for two,Ice Cream|Desserts,4.6,8.0K+,19,4.2,True,True,70% OFF,UPTO ₹140,,6249,120.0,8000.0,percent,70.0,0.0,140.0,,,1,35,1,2,Ice Cream,1,4.787491742782046,8.987321812850125,120.0,0.024793388429752067
2026-09-19 21:12:19,Chennai,OMR Thoraipakkam,12.94,80.234,340084,Wow! China,Thuraipakkam,Thoraipakkam,₹400 for two,Chinese|Asian|fastfood|Beverages|Snacks,3.6,5.9K+,29,1.6,True,False,70% OFF,UPTO ₹140,,226836,400.0,5900.0,percent,70.0,0.0,140.0,,,1,20,1,5,Chinese,1,5.991464547107982,8.682877107057168,400.0,0.7396694214876033
2026-09-19 21:12:19,Delhi,Rohini,28.7495,77.0565,341033,Bakingo,Rithala,Rohini,₹300 for two,Bakery|Desserts|Beverages|Snacks,4.6,9.5K+,36,7.8,True,False,ITEMS,AT ₹69,,3818,300.0,9500.0,item_price_point,0.0,0.0,,,69.0,1,39,1,4,Bakery,1,5.703782474656201,9.15915233520675,300.0,0.3991031390134529
2026-09-19 21:12:19,Kolkata,Park Street,22.553,88.352,341240,La Pino'z Pizza,Camac Street,Wood Street,₹300 for two,Pizzas|Pastas|Italian|Desserts|Beverages,4.1,16K+,44,1.9,True,False,70% OFF,UPTO ₹140,,4961,300.0,16000.0,percent,70.0,0.0,140.0,,,1,24,1,5,Pizzas,1,5.703782474656201,9.680406499268875,300.0,0.42290748898678415
2026-09-19 21:12:19,Mumbai,Dadar,19.0178,72.8478,343003,Theobroma,Lower Parel,Lower Parel,₹400 for two,Bakery|Desserts,4.5,7.7K+,32,3.0,True,False,ITEMS,AT ₹37,,1040,400.0,7700.0,item_price_point,0.0,0.0,,,37.0,1,44,1,2,Bakery,1,5.991464547107982,8.94910546953925,400.0,0.7193308550185874
2026-09-19 21:12:19,Chennai,Porur,13.0359,80.1567,343701,Domino's Pizza,"PE VE PLAZA, PORUR, CHENNAI, TAMIL NADU",Porur,₹400 for two,Pizzas|Italian|Pastas|Desserts,4.2,7.0K+,25,1.3,True,False,50% OFF,,FLAT DEAL,2456,400.0,7000.0,percent,50.0,0.0,,,,1,51,1,4,Pizzas,1,5.991464547107982,8.853808274977197,400.0,0.7396694214876033
2026-09-19 21:12:19,Hyderabad,Banjara Hills,17.4126,78.4392,344287,Varalakshmi Tiffins,Film nagar,Jubliee hills,₹300 for two,South Indian,4.5,29K+,30,3.5,True,True,ITEMS,AT ₹109,,6482,300.0,29000.0,item_price_point,0.0,0.0,,,109.0,1,2,0,1,South Indian,1,5.703782474656201,10.275085591132715,300.0,0.48484848484848486
2026-09-19 21:12:19,Bengaluru,Malleshwaram,13.0035,77.5647,344701,Mad Over Donuts,Orion Mall,Rajajinagar,₹200 for two,Desserts|Sweets|Bakery,4.3,1.2K+,39,1.8,True,True,60% OFF,UPTO ₹120,,611,200.0,1200.0,percent,60.0,0.0,120.0,,,1,3,1,3,Desserts,1,5.298317366548036,7.0909098220799835,200.0,0.08498023715415019
2026-09-19 21:12:19,Hyderabad,Banjara Hills,17.4126,78.4392,345712,Baskin Robbins - Ice Cream Desserts,# 14. KBR park road,Banjara Hills,₹250 for two,Desserts|Ice Cream,4.5,1.9K+,31,2.7,True,True,ITEMS,AT ₹15,,5588,250.0,1900.0,item_price_point,0.0,0.0,,,15.0,1,59,1,2,Desserts,1,5.521460917862246,7.550135342488429,250.0,0.25757575757575757
2026-09-19 21:12:19,Pune,Kharadi,18.5515,73.947,345940,Theobroma,Kharadi,Kharadi,₹400 for two,Bakery|Desserts,4.4,5.6K+,7,0.8,True,False,ITEMS,AT ₹37,,1040,400.0,5600.0,item_price_point,0.0,0.0,,,37.0,1,44,1,2,Bakery,1,5.991464547107982,8.630700432209832,400.0,0.7365145228215768
2026-09-19 21:12:19,Delhi,Saket,28.5245,77.2066,347965,KFC,Malviya Nagar,Malviya Nagar,₹400 for two,Burgers|Fast Food|Rolls & Wraps,4.2,14K+,27,2.0,True,False,50% OFF,,FLAT DEAL,547,400.0,14000.0,percent,50.0,0.0,,,,1,58,1,3,Burgers,1,5.991464547107982,9.546884034617925,400.0,0.7511210762331838
2026-09-19 21:12:19,Kolkata,Garia,22.465,88.39,349069,Baskin Robbins - Ice Cream Desserts,Eastern Metropolitan Bypass Link Rd,Patuli,₹250 for two,Desserts|Ice Cream,4.8,1.6K+,26,1.0,True,True,ITEMS,AT ₹15,,5588,250.0,1600.0,item_price_point,0.0,0.0,,,15.0,1,59,1,2,Desserts,1,5.521460917862246,7.3783837129967145,250.0,0.2841409691629956
2026-09-19 21:12:19,Chennai,OMR Thoraipakkam,12.94,80.234,349839,NIC Ice Creams,Anna Street,Sholinganallur,₹120 for two,Ice Cream|Desserts,4.4,3.5K+,25,5.7,True,True,70% OFF,UPTO ₹140,,6249,120.0,3500.0,percent,70.0,0.0,140.0,,,1,35,1,2,Ice Cream,1,4.787491742782046,8.160803920954665,120.0,0.024793388429752067
2026-09-19 21:12:19,Chennai,Velachery,12.9756,80.2207,350428,CakeZone Patisserie,VELACHERY,Pillaiyar Koil Street,₹200 for two,Bakery|Desserts|Sweets|Ice Cream,4.4,7.1K+,20,0.9,True,False,70% OFF,UPTO ₹140,,7003,200.0,7100.0,percent,70.0,0.0,140.0,,,1,11,1,4,Bakery,1,5.298317366548036,8.867990898182093,200.0,0.10950413223140495
2026-09-19 21:12:19,Kolkata,Garia,22.465,88.39,351188,KFC,Naktala,Garia,₹400 for two,Burgers|Fast Food|Rolls & Wraps,4.3,37K+,27,2.2,True,False,50% OFF,,FLAT DEAL,547,400.0,37000.0,percent,50.0,0.0,,,,1,58,1,3,Burgers,1,5.991464547107982,10.518700218288165,400.0,0.6938325991189427
2026-09-19 21:12:19,Delhi,Saket,28.5245,77.2066,352848,Dana Choga,Shahpur Jat,Shahpur Jat,₹500 for two,North Indian|Biryani|Mughlai|Kebabs|Desserts,4.5,12K+,31,3.5,True,False,60% OFF,UPTO ₹120,,5179,500.0,12000.0,percent,60.0,0.0,120.0,,,1,3,1,5,North Indian,1,6.214608098422191,9.392745258631441,500.0,0.9349775784753364
2026-09-19 21:12:19,Hyderabad,Kondapur,17.4615,78.3639,353236,KS Bakers,Kondapur,Kondapur,₹250 for two,Bakery|Pizzas|Desserts|Snacks|Fast Food,4.1,6.1K+,32,2.1,True,False,₹150 OFF,ABOVE ₹449,FLAT DEAL,574,250.0,6100.0,flat,0.0,150.0,,449.0,,1,6,1,5,Bakery,1,5.521460917862246,8.716207971151853,250.0,0.25757575757575757
2026-09-19 21:12:19,Hyderabad,Gachibowli,17.4401,78.3489,354937,KFC,Nanakramguda,Kapil Tower,₹400 for two,Burgers|Fast Food|Rolls & Wraps,3.9,13K+,26,2.4,True,False,50% OFF,,FLAT DEAL,547,400.0,13000.0,percent,50.0,0.0,,,,1,58,1,3,Burgers,1,5.991464547107982,9.472781556562168,400.0,0.696969696969697
2026-09-19 21:12:19,Delhi,Rohini,28.7495,77.0565,355344,Grameen Kulfi,Block D PKT8,Rohini,₹120 for two,Ice Cream|Desserts,4.5,965,35,7.8,True,True,ITEMS,AT ₹59,,12175,120.0,965.0,item_price_point,0.0,0.0,,,59.0,1,10,1,2,Ice Cream,1,4.787491742782046,6.873163834212518,120.0,0.013452914798206279
2026-09-19 21:12:19,Chennai,Adyar,13.0012,80.2565,355681,Madras Coffee House,Kasturi Bhai Nagar,Adyar,₹100 for two,Beverages|Snacks,4.2,1.9K+,15,0.8,True,True,50% OFF,UPTO ₹100,,1750,100.0,1900.0,percent,50.0,0.0,100.0,,,1,2,0,2,Beverages,1,4.605170185988092,7.550135342488429,120.0,0.024793388429752067
2026-09-19 21:12:19,Hyderabad,Miyapur,17.4968,78.3577,355753,Grameen Kulfi,Madinaguda main road,Hafeezpet,₹120 for two,Ice Cream|Desserts,4.7,1.8K+,24,2.2,True,True,ITEMS,AT ₹59,,12175,120.0,1800.0,item_price_point,0.0,0.0,,,59.0,1,10,1,2,Ice Cream,1,4.787491742782046,7.496097345175956,120.0,0.023809523809523808
2026-09-19 21:12:19,Hyderabad,Gachibowli,17.4401,78.3489,355754,Grameen Kulfi,Indra Nagar,Gachibowli,₹120 for two,Ice Cream|Desserts,4.7,1.3K+,31,2.6,True,True,ITEMS,AT ₹59,,12175,120.0,1300.0,item_price_point,0.0,0.0,,,59.0,1,10,1,2,Ice Cream,1,4.787491742782046,7.170888478512505,120.0,0.023809523809523808
2026-09-19 21:12:19,Hyderabad,Dilsukhnagar,17.3687,78.5247,355757,Grameen Kulfi,Magic Spoons Enterprises,Kothapet,₹120 for two,Ice Cream|Desserts,4.6,2.2K+,24,2.6,True,True,ITEMS,AT ₹59,,12175,120.0,2200.0,item_price_point,0.0,0.0,,,59.0,1,10,1,2,Ice Cream,1,4.787491742782046,7.696667081526462,120.0,0.023809523809523808
2026-09-19 21:12:19,Kolkata,New Town,22.58,88.46,355770,Grameen Kulfi,Nayapatty,Bidhannagar,₹120 for two,Ice Cream|Desserts,4.7,2.7K+,25,3.0,True,True,ITEMS,AT ₹48,,12175,120.0,2700.0,item_price_point,0.0,0.0,,,48.0,1,10,1,2,Ice Cream,1,4.787491742782046,7.901377353792616,120.0,0.03524229074889868
2026-09-19 21:12:19,Kolkata,Dumdum,22.642,88.422,355774,Grameen Kulfi,Lokenath Park,Rajarhat,₹120 for two,Ice Cream|Desserts,4.8,2.2K+,31,4.0,True,True,ITEMS,AT ₹48,,12175,120.0,2200.0,item_price_point,0.0,0.0,,,48.0,1,10,1,2,Ice Cream,1,4.787491742782046,7.696667081526462,120.0,0.03524229074889868
2026-09-19 21:12:19,Mumbai,Thane West,19.2183,72.9781,355894,Chaayos Chai+Snacks=Relax,GLADY AHVARES ROAD,THANE WEST,₹250 for two,Beverages|Chaat|Bakery|Snacks|Street Food|healthy|Home Food|Maharashtrian|Italian|Desserts,4.4,3.7K+,31,2.4,True,False,51% OFF,,FLAT DEAL,281782,250.0,3700.0,percent,51.0,0.0,,,,1,16,1,10,Beverages,1,5.521460917862246,8.216358332386156,250.0,0.2695167286245353
2026-09-19 21:12:19,Delhi,Dwarka,28.5921,77.046,358174,Baskin Robbins - Ice Cream Desserts,Sector 12,Dwarka,₹250 for two,Desserts|Ice Cream,4.5,873,21,0.1,True,True,ITEMS,AT ₹15,,5588,250.0,873.0,item_price_point,0.0,0.0,,,15.0,1,59,1,2,Desserts,1,5.521460917862246,6.773080375655535,250.0,0.21973094170403587
2026-09-19 21:12:19,Hyderabad,Ameerpet,17.4374,78.4487,358725,Lucky Restaurant,Ameerpet,Banjara Hills,₹300 for two,Biryani|Tandoor,4.1,70K+,41,5.0,True,False,70% OFF,UPTO ₹140,,535180,300.0,70000.0,percent,70.0,0.0,140.0,,,1,4,1,2,Biryani,1,5.703782474656201,11.156264806643742,300.0,0.48484848484848486
2026-09-19 21:12:19,Pune,Hadapsar,18.5089,73.926,358845,Theobroma,Magarpatta,Magarpatta City,₹400 for two,Bakery|Desserts,4.4,9.2K+,16,1.7,True,False,ITEMS,AT ₹37,,1040,400.0,9200.0,item_price_point,0.0,0.0,,,37.0,1,44,1,2,Bakery,1,5.991464547107982,9.127067452782361,400.0,0.7365145228215768
2026-09-19 21:12:19,Kolkata,Shyambazar,22.599,88.37,358899,Kurseong Korner,SECTOR-III,Salt Lake,₹600 for two,Asian|Chinese|Nepalese,4.2,3.5K+,49,6.8,True,False,70% OFF,UPTO ₹140,,122024,600.0,3500.0,percent,70.0,0.0,140.0,,,3,1,0,3,Asian,1,6.396929655216146,8.160803920954665,600.0,0.9361233480176211
2026-09-19 21:12:19,Hyderabad,Secunderabad,17.4399,78.4983,359256,NIC Ice Creams,Secunderabad,Bhoiguda,₹120 for two,Ice Cream|Desserts,4.5,7.3K+,26,2.0,True,True,ITEMS,AT ₹42,,6249,120.0,7300.0,item_price_point,0.0,0.0,,,42.0,1,35,1,2,Ice Cream,1,4.787491742782046,8.895766604056085,120.0,0.023809523809523808
2026-09-19 21:12:19,Mumbai,Thane West,19.2183,72.9781,361265,Wendy's Burgers,Azad Nagar,Thane West,₹400 for two,Burgers|Fast Food|wrap,4.1,5.9K+,32,1.1,True,False,ITEMS,AT ₹59,,972,400.0,5900.0,item_price_point,0.0,0.0,,,59.0,1,23,1,3,Burgers,1,5.991464547107982,8.682877107057168,400.0,0.7193308550185874
2026-09-19 21:12:19,Hyderabad,Dilsukhnagar,17.3687,78.5247,362219,Natural Ice Cream,Dilsukhnagar FC,New Malakpet,₹150 for two,Ice Cream|Desserts,4.5,2.5K+,22,1.2,True,True,₹550 OFF,ABOVE ₹2499,FLAT DEAL,2093,150.0,2500.0,flat,0.0,550.0,,2499.0,,1,22,1,2,Ice Cream,1,5.0106352940962555,7.824445930877619,150.0,0.05194805194805195
2026-09-19 21:12:19,Delhi,Vasant Kunj,28.52,77.1591,363195,Baskin Robbins - Ice Cream Desserts,Vasant Square Mall,Vasant Kunj,₹250 for two,Desserts|Ice Cream,4.7,858,16,0.7,True,True,ITEMS,AT ₹15,,5588,250.0,858.0,item_price_point,0.0,0.0,,,15.0,1,59,1,2,Desserts,1,5.521460917862246,6.755768921984255,250.0,0.21973094170403587
2026-09-19 21:12:19,Mumbai,Chembur,19.0522,72.9005,363485,Baskin Robbins - Ice Cream Desserts,V N PURAV MARG,Chembur,₹250 for two,Desserts|Ice Cream,4.7,2.4K+,17,0.1,True,True,ITEMS,AT ₹15,,5588,250.0,2400.0,item_price_point,0.0,0.0,,,15.0,1,59,1,2,Desserts,1,5.521460917862246,7.783640596221253,250.0,0.2695167286245353
2026-09-19 21:12:19,Kolkata,Garia,22.465,88.39,364444,Pizza Hut,Garia,Garia,₹350 for two,Pizzas,4.4,12K+,33,1.8,True,False,50% OFF,,FLAT DEAL,721,350.0,12000.0,percent,50.0,0.0,,,,1,46,1,1,Pizzas,1,5.857933154483459,9.392745258631441,350.0,0.5550660792951542
2026-09-19 21:12:19,Pune,Koregaon Park,18.5362,73.8939,367417,Domino's Pizza,Vaswani Nagar,Koregaon Park,₹400 for two,Pizzas|Italian|Pastas|Desserts,4.4,3.8K+,25,1.5,True,False,50% OFF,,FLAT DEAL,2456,400.0,3800.0,percent,50.0,0.0,,,,1,51,1,4,Pizzas,1,5.991464547107982,8.24301946898925,400.0,0.7365145228215768
2026-09-19 21:12:19,Delhi,Rohini,28.7495,77.0565,367669,Baskin Robbins - Ice Cream Desserts,Sector 17,Rohini,₹200 for two,Desserts|Ice Cream|Healthy Food,3.4,239,33,7.0,True,True,20% OFF,UPTO ₹50,,5588,200.0,239.0,percent,20.0,0.0,50.0,,,1,59,1,3,Desserts,1,5.298317366548036,5.480638923341991,200.0,0.08968609865470852
2026-09-19 21:12:19,Hyderabad,Ameerpet,17.4374,78.4487,367769,Lucky Restaurant,Banjara Hills,Banjara Hills,₹300 for two,Biryani|Tandoor,4.0,87K+,49,5.0,True,False,70% OFF,UPTO ₹140,,535180,300.0,87000.0,percent,70.0,0.0,140.0,,,3,4,1,2,Biryani,1,5.703782474656201,11.373674891823535,300.0,0.48484848484848486
2026-09-19 21:12:19,Pune,Hadapsar,18.5089,73.926,368163,Uncle Kitchen,Amanora Town,Magarpatta,₹280 for two,North Indian|Indian|Snacks|Fast Food,4.0,771,24,2.6,True,True,ITEMS,AT ₹99,,219443,280.0,771.0,item_price_point,0.0,0.0,,,99.0,1,1,0,4,North Indian,1,5.634789603169249,6.648984550024776,280.0,0.35684647302904565
2026-09-19 21:12:19,Kolkata,Behala,22.4989,88.318,368937,Gourmet Ice Cream Cakes by Baskin Robbins,Bhupen Roy Road,Behala,₹200 for two,Desserts|Ice Cream|Bakery,4.6,64,24,1.2,True,True,₹100 OFF,ABOVE ₹999,FLAT DEAL,21932,200.0,64.0,flat,0.0,100.0,,999.0,,1,2,0,3,Desserts,1,5.298317366548036,4.174387269895637,200.0,0.19162995594713655
2026-09-19 21:12:19,Mumbai,Thane West,19.2183,72.9781,369088,KFC,Thane West,Thane West,₹400 for two,Burgers|Fast Food|Rolls & Wraps,4.1,6.1K+,39,1.3,True,False,50% OFF,,FLAT DEAL,547,400.0,6100.0,percent,50.0,0.0,,,,1,58,1,3,Burgers,1,5.991464547107982,8.716207971151853,400.0,0.7193308550185874
2026-09-19 21:12:19,Bengaluru,Malleshwaram,13.0035,77.5647,369775,Andhra Gunpowder,Bimajyothinagar,Basaveshwara Nagar,₹350 for two,Andhra|Biryani|South Indian,4.3,8.0K+,46,3.8,True,False,ITEMS,AT ₹99,,10496,350.0,8000.0,item_price_point,0.0,0.0,,,99.0,1,12,1,3,Andhra,1,5.857933154483459,8.987321812850125,350.0,0.6106719367588933
2026-09-19 21:12:19,Bengaluru,Marathahalli,12.9591,77.6974,369783,Anand Sweets & Savouries,Tulasi Theater Road,Marathahalli,₹150 for two,Sweets|Desserts|Snacks,4.5,8.3K+,25,0.7,True,True,,,,53,150.0,8300.0,none,0.0,0.0,,,,1,3,1,3,Sweets,0,5.0106352940962555,9.024131268455035,150.0,0.03162055335968379
2026-09-19 21:12:19,Delhi,Dwarka,28.5921,77.046,370680,The Belgian Waffle Co.,Sector 4,Dwarka,₹200 for two,Desserts|Waffle|Coffee,4.6,5.2K+,27,1.5,True,True,ITEMS,AT ₹72,,2233,200.0,5200.0,item_price_point,0.0,0.0,,,72.0,1,47,1,3,Desserts,1,5.298317366548036,8.556606193773073,200.0,0.08968609865470852
2026-09-19 21:12:19,Hyderabad,Kondapur,17.4615,78.3639,371639,Wow! China,Kothaguda,Kondapur,₹300 for two,Chinese|Asian|fastfood|Beverages|Snacks,3.8,3.7K+,35,0.9,True,False,70% OFF,UPTO ₹140,,226836,300.0,3700.0,percent,70.0,0.0,140.0,,,1,20,1,5,Chinese,1,5.703782474656201,8.216358332386156,300.0,0.48484848484848486
2026-09-19 21:12:19,Delhi,Pitampura,28.6942,77.1317,373021,"Gianis - Ice Cream, Shakes & Sundaes",Shakur Basti,Pitampura,₹250 for two,Beverages|Ice Cream,4.7,729,15,0.9,True,True,,,,427371,250.0,729.0,none,0.0,0.0,,,,1,1,0,2,Beverages,0,5.521460917862246,6.593044534142437,250.0,0.21973094170403587
2026-09-19 21:12:19,Bengaluru,Koramangala,12.9352,77.6245,375041,Andhra Gunpowder,6th Block,Koramangala,₹350 for two,Andhra|Biryani|South Indian,4.4,7.0K+,23,0.3,True,False,ITEMS,AT ₹99,,10496,350.0,7000.0,item_price_point,0.0,0.0,,,99.0,1,12,1,3,Andhra,1,5.857933154483459,8.853808274977197,350.0,0.6106719367588933
2026-09-19 21:12:19,Mumbai,Andheri West,19.1364,72.8296,375944,Sadak Chaap,Andheri Link Road ,Andheri West,₹400 for two,North Indian|Biryani|Tandoor|Punjabi|rolls|Mughlai|Kebabs,4.2,7.3K+,34,1.4,True,True,ITEMS,AT ₹190,,22110,400.0,7300.0,item_price_point,0.0,0.0,,,190.0,1,4,1,7,North Indian,1,5.991464547107982,8.895766604056085,400.0,0.7193308550185874
2026-09-19 21:12:19,Hyderabad,Gachibowli,17.4401,78.3489,376101,Harley's Fine Baking,Hitech City,Nanakramguda,₹500 for two,Bakery|Desserts,4.6,20K+,26,3.8,True,True,ITEMS,AT ₹199,,11126,500.0,20000.0,item_price_point,0.0,0.0,,,199.0,1,2,0,2,Bakery,1,6.214608098422191,9.90353755128617,500.0,0.8528138528138528
2026-09-19 21:12:19,Bengaluru,HSR Layout,12.9116,77.6446,376708,Chinese Wok,3rd Sector,HSR Layout,₹250 for two,Chinese|Asian|Tibetan|Desserts,4.1,9.4K+,32,1.0,True,False,70% OFF,UPTO ₹140,,61955,250.0,9400.0,percent,70.0,0.0,140.0,,,1,22,1,4,Chinese,1,5.521460917862246,9.148571345578551,250.0,0.25296442687747034
2026-09-19 21:12:19,Kolkata,Howrah,22.5958,88.2636,377082,Keventers Waffles & Ice Cream,Avani Mall,Avani Mall,₹200 for two,Ice Cream|Desserts,4.5,446,74,9.6,True,True,ITEMS,AT ₹49,,624796,200.0,446.0,item_price_point,0.0,0.0,,,49.0,1,1,0,2,Ice Cream,1,5.298317366548036,6.102558594613569,200.0,0.19162995594713655
2026-09-19 21:12:19,Hyderabad,Miyapur,17.4968,78.3577,377868,NIC Ice Creams,Miyapur,Miyapur,₹120 for two,Ice Cream|Desserts,4.6,5.6K+,23,2.2,True,False,70% OFF,UPTO ₹140,,6249,120.0,5600.0,percent,70.0,0.0,140.0,,,1,35,1,2,Ice Cream,1,4.787491742782046,8.630700432209832,120.0,0.023809523809523808
2026-09-19 21:12:19,Mumbai,Bandra West,19.0596,72.8295,378292,Theobroma,Pali Hil,Pali Hill,₹400 for two,Bakery|Desserts,4.5,12K+,18,0.3,True,False,ITEMS,AT ₹37,,1040,400.0,12000.0,item_price_point,0.0,0.0,,,37.0,1,44,1,2,Bakery,1,5.991464547107982,9.392745258631441,400.0,0.7193308550185874
2026-09-19 21:12:19,Mumbai,Vashi,19.0771,72.9986,379487,Hotel Trimurti Pure Veg,Vashi,Vashi,₹400 for two,North Indian|South Indian|Indian,3.7,1.7K+,19,1.0,True,False,ITEMS,AT ₹9,,103127,400.0,1700.0,item_price_point,0.0,0.0,,,9.0,1,1,0,3,North Indian,1,5.991464547107982,7.438971592395862,400.0,0.7193308550185874
2026-09-19 21:12:19,Mumbai,Thane West,19.2183,72.9781,380341,Prashant Corner,Majiwada,Thane,₹400 for two,Street Food|Chaat|Snacks|Desserts|Sweets|Beverages,4.6,17K+,23,1.4,True,True,,,,22258,400.0,17000.0,none,0.0,0.0,,,,1,1,0,6,Street Food,0,5.991464547107982,9.741027444837728,400.0,0.7193308550185874
2026-09-19 21:12:19,Mumbai,Andheri West,19.1364,72.8296,381242,Baba Falooda ( Jogeshwari ),Jogeshwari West,Jog Gor West,₹250 for two,Desserts|Beverages,4.5,8.7K+,30,2.4,True,False,70% OFF,UPTO ₹140,,241510,250.0,8700.0,percent,70.0,0.0,140.0,,,1,1,0,2,Desserts,1,5.521460917862246,9.071193240566025,250.0,0.2695167286245353
2026-09-19 21:12:19,Bengaluru,Electronic City,12.8452,77.6602,382380,Biryani Trip - Destination Hyderabad,Doddathoguru,Electronic City,₹400 for two,Biryani|Hyderabadi|Indian,4.3,601,39,1.6,True,False,ITEMS,AT ₹109,,441462,400.0,601.0,item_price_point,0.0,0.0,,,109.0,1,4,1,3,Biryani,1,5.991464547107982,6.400257445308821,400.0,0.7628458498023716
2026-09-19 21:12:19,Bengaluru,Marathahalli,12.9591,77.6974,382651,Wendy's Burgers,Tulasi theater,Marathahalli,₹200 for two,Burgers|Fast Food|wrap,4.1,9.9K+,29,0.7,True,False,ITEMS,AT ₹59,,972,200.0,9900.0,item_price_point,0.0,0.0,,,59.0,1,23,1,3,Burgers,1,5.298317366548036,9.200391041122515,200.0,0.08498023715415019
2026-09-19 21:12:19,Bengaluru,Electronic City,12.8452,77.6602,382780,Andhra Gunpowder,Valankni Road,Electronic City,₹350 for two,Andhra|Biryani|South Indian,4.4,6.7K+,37,1.6,True,False,ITEMS,AT ₹99,,10496,350.0,6700.0,item_price_point,0.0,0.0,,,99.0,1,12,1,3,Andhra,1,5.857933154483459,8.81001204797317,350.0,0.6106719367588933
2026-09-19 21:12:19,Pune,Aundh,18.559,73.8077,382883,Baskin Robbins - Ice Cream Desserts,Marutirao Gaikwad Nagar,Aundh,₹300 for two,Ice Cream,4.6,722,11,0.8,True,True,ITEMS,AT ₹15,,5588,300.0,722.0,item_price_point,0.0,0.0,,,15.0,2,59,1,1,Ice Cream,1,5.703782474656201,6.583409222158765,300.0,0.42323651452282157
2026-09-19 21:12:19,Delhi,Dwarka,28.5921,77.046,384290,Pizza Hut,Dwarka,Dwarka,₹350 for two,Pizzas,4.3,3.9K+,33,1.6,True,False,50% OFF,,FLAT DEAL,721,350.0,3900.0,percent,50.0,0.0,,,,1,46,1,1,Pizzas,1,5.857933154483459,8.268988209506656,350.0,0.5381165919282511
2026-09-19 21:12:19,Kolkata,New Town,22.58,88.46,384352,Chef Nation,Opp-Unitech Gate No 1,Newtown,₹350 for two,Biryani|Chinese|Tandoor|Fast Food|Mughlai|Punjabi,3.9,14K+,29,2.5,True,False,70% OFF,UPTO ₹140,,4442,350.0,14000.0,percent,70.0,0.0,140.0,,,1,1,0,6,Biryani,1,5.857933154483459,9.546884034617925,350.0,0.5550660792951542
2026-09-19 21:12:19,Kolkata,Shyambazar,22.599,88.37,384612,Baskin Robbins - Ice Cream Desserts,KOLKATA MUNICIPAL CORPORATION,Burrabazar,₹250 for two,Desserts|Ice Cream,4.7,1.3K+,29,2.0,True,True,ITEMS,AT ₹15,,5588,250.0,1300.0,item_price_point,0.0,0.0,,,15.0,1,59,1,2,Desserts,1,5.521460917862246,7.170888478512505,250.0,0.2841409691629956
2026-09-19 21:12:19,Bengaluru,Hebbal,13.0358,77.597,385539,Andhra Gunpowder,Manorampalya,RT Nagar,₹350 for two,Andhra|Biryani|South Indian,4.5,6.9K+,30,1.8,True,False,ITEMS,AT ₹99,,10496,350.0,6900.0,item_price_point,0.0,0.0,,,99.0,1,12,1,3,Andhra,1,5.857933154483459,8.839421607620602,350.0,0.6106719367588933
2026-09-19 21:12:19,Hyderabad,Dilsukhnagar,17.3687,78.5247,385799,KFC,Near Metro Station,Dilsukhnagar,₹400 for two,Burgers|Fast Food|Rolls & Wraps,4.1,6.2K+,23,0.8,True,False,50% OFF,,FLAT DEAL,547,400.0,6200.0,percent,50.0,0.0,,,,1,58,1,3,Burgers,1,5.991464547107982,8.732465848349879,400.0,0.696969696969697
2026-09-19 21:12:19,Bengaluru,Whitefield,12.9698,77.75,386438,Madras Meal Company,Whitefield Main Road,Whitefield,₹350 for two,South Indian|Chettinad,4.3,1.5K+,27,0.1,True,False,ITEMS,AT ₹99,,128893,350.0,1500.0,item_price_point,0.0,0.0,,,99.0,1,5,1,2,South Indian,1,5.857933154483459,7.313886831633462,350.0,0.6106719367588933
2026-09-19 21:12:19,Kolkata,Behala,22.4989,88.318,386554,NIC Ice Creams,RAJA RAM MOHAN ROY ROAD,Behala,₹120 for two,Ice Cream|Desserts,4.8,7.9K+,25,3.0,True,True,70% OFF,UPTO ₹140,,6249,120.0,7900.0,percent,70.0,0.0,140.0,,,1,35,1,2,Ice Cream,1,4.787491742782046,8.974744612722734,120.0,0.03524229074889868
2026-09-19 21:12:19,Pune,Camp,18.5158,73.8785,386630,Grameen Kulfi,Prabhat Road,Shivaji Nagar,₹120 for two,Ice Cream|Desserts,4.6,442,22,3.8,True,True,ITEMS,AT ₹59,,12175,120.0,442.0,item_price_point,0.0,0.0,,,59.0,1,10,1,2,Ice Cream,1,4.787491742782046,6.093569770045136,120.0,0.012448132780082987
2026-09-19 21:12:19,Chennai,Perambur,13.1143,80.233,388799,NIC Ice Creams,Periyar Nagar,Villivakkam,₹120 for two,Ice Cream|Desserts,4.6,4.9K+,16,1.5,True,True,ITEMS,AT ₹42,,6249,120.0,4900.0,item_price_point,0.0,0.0,,,42.0,1,35,1,2,Ice Cream,1,4.787491742782046,8.497194544909547,120.0,0.024793388429752067
2026-09-19 21:12:19,Mumbai,Bandra West,19.0596,72.8295,389321,Big Bowl,BANDRA POLICE STATION,Bandra West,₹250 for two,Chinese|Tibetan|Desserts,4.3,4.7K+,31,1.1,True,False,70% OFF,UPTO ₹140,,434792,250.0,4700.0,percent,70.0,0.0,140.0,,,1,22,1,3,Chinese,1,5.521460917862246,8.45553053102413,250.0,0.2695167286245353
2026-09-19 21:12:19,Kolkata,Dumdum,22.642,88.422,389857,Kwality Wall's Ice Cream And More,East Kamalapur,Dumdum,₹300 for two,Desserts|Ice Cream|Ice Cream Cakes,4.5,2.3K+,17,0.6,True,True,20% OFF,UPTO ₹50,,582,300.0,2300.0,percent,20.0,0.0,50.0,,,1,3,1,3,Desserts,1,5.703782474656201,7.741099090035366,300.0,0.42290748898678415
2026-09-19 21:12:19,Bengaluru,BTM Layout,12.9166,77.6101,390045,NH1 Bowls - Highway To North,2nd stage,Btm Layout,₹250 for two,North Indian|Punjabi|Home Food,4.7,1.5K+,15,0.9,True,False,ITEMS,AT ₹119,,22452,250.0,1500.0,item_price_point,0.0,0.0,,,119.0,1,25,1,3,North Indian,1,5.521460917862246,7.313886831633462,250.0,0.25296442687747034
2026-09-19 21:12:19,Bengaluru,Electronic City,12.8452,77.6602,390049,NH1 Bowls - Highway To North,Doddathogur,Electronic City,₹250 for two,North Indian|Punjabi|Home Food,4.7,1.5K+,25,2.4,True,False,ITEMS,AT ₹119,,22452,250.0,1500.0,item_price_point,0.0,0.0,,,119.0,1,25,1,3,North Indian,1,5.521460917862246,7.313886831633462,250.0,0.25296442687747034
2026-09-19 21:12:19,Bengaluru,HSR Layout,12.9116,77.6446,390053,NH1 Bowls - Highway To North,2nd Sector,HSR Layout,₹250 for two,North Indian|Punjabi|Home Food,4.8,2.3K+,25,1.0,True,False,ITEMS,AT ₹119,,22452,250.0,2300.0,item_price_point,0.0,0.0,,,119.0,1,25,1,3,North Indian,1,5.521460917862246,7.741099090035366,250.0,0.25296442687747034
2026-09-19 21:12:19,Bengaluru,Indiranagar,12.9784,77.6408,390054,NH1 Bowls - Highway To North,Smart Avenue,Indiranagar,₹250 for two,North Indian|Punjabi|Home Food,4.5,937,25,0.9,True,False,ITEMS,AT ₹119,,22452,250.0,937.0,item_price_point,0.0,0.0,,,119.0,1,25,1,3,North Indian,1,5.521460917862246,6.843749949006225,250.0,0.25296442687747034
2026-09-19 21:12:19,Bengaluru,Whitefield,12.9698,77.75,390056,NH1 Bowls - Highway To North,Opp.Post Office,Whitefield,₹250 for two,North Indian|Punjabi|Home Food,4.7,1.6K+,25,0.3,True,False,ITEMS,AT ₹119,,22452,250.0,1600.0,item_price_point,0.0,0.0,,,119.0,1,25,1,3,North Indian,1,5.521460917862246,7.3783837129967145,250.0,0.25296442687747034
2026-09-19 21:12:19,Delhi,Saket,28.5245,77.2066,390072,NH1 Bowls - Highway To North,Begumpur,Malviya Nagar,₹250 for two,North Indian|Punjabi|Home Food,4.5,1.3K+,25,2.4,True,False,ITEMS,AT ₹119,,22452,250.0,1300.0,item_price_point,0.0,0.0,,,119.0,1,25,1,3,North Indian,1,5.521460917862246,7.170888478512505,250.0,0.21973094170403587
2026-09-19 21:12:19,Delhi,Vasant Kunj,28.52,77.1591,390075,NH1 Bowls - Highway To North,Masoodpur,Vasant Kunj,₹250 for two,North Indian|Punjabi|Home Food,4.6,1.3K+,25,1.6,True,False,ITEMS,AT ₹119,,22452,250.0,1300.0,item_price_point,0.0,0.0,,,119.0,1,25,1,3,North Indian,1,5.521460917862246,7.170888478512505,250.0,0.21973094170403587
2026-09-19 21:12:19,Mumbai,Chembur,19.0522,72.9005,390090,NH1 Bowls - Highway To North,WT Patil Marg,Chembur,₹250 for two,Punjabi|Home Food,4.5,731,25,1.4,True,False,ITEMS,AT ₹119,,22452,250.0,731.0,item_price_point,0.0,0.0,,,119.0,1,25,1,2,Punjabi,1,5.521460917862246,6.595780513961311,250.0,0.2695167286245353
2026-09-19 21:12:19,Pune,Kharadi,18.5515,73.947,390132,NH1 Bowls - Highway To North,Eon Free Zone Road,Kharadi,₹250 for two,North Indian|Punjabi|Home Food,4.7,1.7K+,25,0.7,True,False,70% OFF,UPTO ₹140,,22452,250.0,1700.0,percent,70.0,0.0,140.0,,,1,25,1,3,North Indian,1,5.521460917862246,7.438971592395862,250.0,0.2821576763485477
2026-09-19 21:12:19,Delhi,Janakpuri,28.6219,77.0878,390154,NH1 Bowls - Highway To North,A3 Block Rd,Janakpuri,₹250 for two,North Indian|Punjabi|Home Food,4.7,1.9K+,25,0.3,True,False,70% OFF,UPTO ₹140,,22452,250.0,1900.0,percent,70.0,0.0,140.0,,,1,25,1,3,North Indian,1,5.521460917862246,7.550135342488429,250.0,0.21973094170403587
2026-09-19 21:12:19,Hyderabad,Kukatpally,17.4849,78.4138,390164,NH1 Bowls  Highway To North,Kukatpally,RAJU NAGAR,₹250 for two,North Indian|Punjabi|Home Food,4.5,1.2K+,25,2.0,True,False,ITEMS,AT ₹119,,22452,250.0,1200.0,item_price_point,0.0,0.0,,,119.0,1,25,1,3,North Indian,1,5.521460917862246,7.0909098220799835,250.0,0.25757575757575757
2026-09-19 21:12:19,Bengaluru,BTM Layout,12.9166,77.6101,390993,ZAZA Mughal Biryani,2nd stage,Btm Layout,₹250 for two,Biryani|North Indian|Awadhi,4.4,1.3K+,15,0.9,True,False,70% OFF,UPTO ₹140,,22473,250.0,1300.0,percent,70.0,0.0,140.0,,,1,26,1,3,Biryani,1,5.521460917862246,7.170888478512505,250.0,0.25296442687747034
2026-09-19 21:12:19,Bengaluru,Electronic City,12.8452,77.6602,390997,ZAZA Mughal Biryani,Doddathogur,Electronic City,₹250 for two,Biryani|North Indian|Awadhi,4.5,1.8K+,25,2.4,True,False,70% OFF,UPTO ₹140,,22473,250.0,1800.0,percent,70.0,0.0,140.0,,,1,26,1,3,Biryani,1,5.521460917862246,7.496097345175956,250.0,0.25296442687747034
2026-09-19 21:12:19,Bengaluru,Whitefield,12.9698,77.75,391004,ZAZA Mughal Biryani,Opp.Post Office,Whitefield,₹250 for two,Biryani|North Indian|Awadhi,4.4,1.6K+,25,0.3,True,False,70% OFF,UPTO ₹140,,22473,250.0,1600.0,percent,70.0,0.0,140.0,,,1,26,1,3,Biryani,1,5.521460917862246,7.3783837129967145,250.0,0.25296442687747034
2026-09-19 21:12:19,Delhi,Vasant Kunj,28.52,77.1591,391022,ZAZA Mughal Biryani,Masoodpur,Vasant Kunj,₹250 for two,Biryani|North Indian|Awadhi,4.4,1.1K+,25,1.6,True,False,70% OFF,UPTO ₹140,,22473,250.0,1100.0,percent,70.0,0.0,140.0,,,1,26,1,3,Biryani,1,5.521460917862246,7.00397413672268,250.0,0.21973094170403587
2026-09-19 21:12:19,Mumbai,Chembur,19.0522,72.9005,391037,ZAZA Mughal Biryani,W T Patil Marg,Chembur,₹250 for two,Biryani|Awadhi,4.4,876,25,1.4,True,False,70% OFF,UPTO ₹140,,22473,250.0,876.0,percent,70.0,0.0,140.0,,,1,26,1,2,Biryani,1,5.521460917862246,6.776506992372183,250.0,0.2695167286245353
2026-09-19 21:12:19,Pune,Kharadi,18.5515,73.947,391079,ZAZA Mughal Biryani,Eon Free Zone Road,Kharadi,₹250 for two,Biryani|North Indian|Awadhi,4.6,1.1K+,25,0.7,True,False,70% OFF,UPTO ₹140,,22473,250.0,1100.0,percent,70.0,0.0,140.0,,,1,26,1,3,Biryani,1,5.521460917862246,7.00397413672268,250.0,0.2821576763485477
2026-09-19 21:12:19,Pune,Viman Nagar,18.5679,73.9143,391085,ZAZA Mughal Biryani,Konark Industrial Estate,Viman Nagar,₹250 for two,Biryani|North Indian|Awadhi,4.6,869,25,0.5,True,False,70% OFF,UPTO ₹140,,22473,250.0,869.0,percent,70.0,0.0,140.0,,,1,26,1,3,Biryani,1,5.521460917862246,6.76849321164863,250.0,0.2821576763485477
2026-09-19 21:12:19,Pune,Wakad,18.5985,73.7625,391086,ZAZA Mughal Biryani,Vishnu Dev Nagar,Wakad,₹250 for two,Biryani|North Indian|Awadhi,4.2,759,25,0.8,True,False,70% OFF,UPTO ₹140,,22473,250.0,759.0,percent,70.0,0.0,140.0,,,1,26,1,3,Biryani,1,5.521460917862246,6.633318433280377,250.0,0.2821576763485477
2026-09-19 21:12:19,Delhi,Janakpuri,28.6219,77.0878,391099,ZAZA Mughal Biryani,A Block,Janakpuri,₹250 for two,Biryani|North Indian|Awadhi,4.5,1.5K+,25,0.3,True,False,70% OFF,UPTO ₹140,,22473,250.0,1500.0,percent,70.0,0.0,140.0,,,1,26,1,3,Biryani,1,5.521460917862246,7.313886831633462,250.0,0.21973094170403587
2026-09-19 21:12:19,Hyderabad,Kukatpally,17.4849,78.4138,391108,ZAZA Mughal Biryani,Kukatpally,A S RAJU NAGAR,₹250 for two,Biryani|North Indian|Awadhi,4.2,2.0K+,25,2.0,True,False,70% OFF,UPTO ₹140,,22473,250.0,2000.0,percent,70.0,0.0,140.0,,,1,26,1,3,Biryani,1,5.521460917862246,7.601402334583733,250.0,0.25757575757575757
2026-09-19 21:12:19,Pune,Baner,18.559,73.7868,391463,Fried Chicken Destination,Aundh,Pune Municipal Corporation,₹200 for two,Burgers|American|Fast Food|Snacks,4.1,8.3K+,20,0.7,True,False,70% OFF,UPTO ₹140,,245841,200.0,8300.0,percent,70.0,0.0,140.0,,,1,3,1,4,Burgers,1,5.298317366548036,9.024131268455035,200.0,0.12863070539419086
2026-09-19 21:12:19,Kolkata,Howrah,22.5958,88.2636,392663,Burger King,Shibpur,Shibpur,₹350 for two,Burgers|American,4.3,10K+,79,9.6,True,False,ITEMS,AT ₹39,,166,350.0,10000.0,item_price_point,0.0,0.0,,,39.0,1,44,1,2,Burgers,1,5.857933154483459,9.210440366976517,350.0,0.5550660792951542
2026-09-19 21:12:19,Mumbai,Borivali,19.2307,72.8567,394187,Big Bowl,I C Colony,Borivali,₹250 for two,North Indian|Chinese|Tibetan|Desserts,4.2,1.8K+,36,3.0,True,False,70% OFF,UPTO ₹140,,434792,250.0,1800.0,percent,70.0,0.0,140.0,,,1,22,1,4,North Indian,1,5.521460917862246,7.496097345175956,250.0,0.2695167286245353
2026-09-19 21:12:19,Pune,Kharadi,18.5515,73.947,394991,Chinese Wok,Kharadi,Kharadi,₹250 for two,Chinese|Asian|Tibetan|Desserts,4.0,7.3K+,21,1.5,True,False,70% OFF,UPTO ₹140,,61955,250.0,7300.0,percent,70.0,0.0,140.0,,,1,22,1,4,Chinese,1,5.521460917862246,8.895766604056085,250.0,0.2821576763485477
2026-09-19 21:12:19,Mumbai,Chembur,19.0522,72.9005,395479,Chaayos Chai+Snacks=Relax,K - Star Mall DK Chembur,Ghatkopar Vikhroli,₹250 for two,Beverages|Chaat|Bakery|Snacks|Street Food|healthy|Home Food|Maharashtrian|Italian|Desserts,4.5,4.3K+,21,0.1,True,False,51% OFF,,FLAT DEAL,281782,250.0,4300.0,percent,51.0,0.0,,,,1,16,1,10,Beverages,1,5.521460917862246,8.366602832783736,250.0,0.2695167286245353
2026-09-19 21:12:19,Kolkata,Shyambazar,22.599,88.37,395927,NIC Ice Creams,ARABINDA SARANI,Hatibagan,₹120 for two,Ice Cream|Desserts,4.8,7.1K+,20,0.8,True,True,70% OFF,UPTO ₹140,,6249,120.0,7100.0,percent,70.0,0.0,140.0,,,1,35,1,2,Ice Cream,1,4.787491742782046,8.867990898182093,120.0,0.03524229074889868
2026-09-19 21:12:19,Kolkata,Shyambazar,22.599,88.37,395928,Grameen Kulfi,Arabinda Sarani,Hatibagan,₹120 for two,Ice Cream|Desserts,4.7,1.8K+,21,0.8,True,True,ITEMS,AT ₹48,,12175,120.0,1800.0,item_price_point,0.0,0.0,,,48.0,1,10,1,2,Ice Cream,1,4.787491742782046,7.496097345175956,120.0,0.03524229074889868
2026-09-19 21:12:19,Delhi,Lajpat Nagar,28.5677,77.2433,395977,La Pino'z Pizza,C Block,Lajpat Nagar - 2,₹300 for two,Pizzas|Pastas|Italian|Desserts|Beverages,4.0,11K+,27,0.7,True,False,ITEMS,AT ₹59,,4961,300.0,11000.0,item_price_point,0.0,0.0,,,59.0,1,24,1,5,Pizzas,1,5.703782474656201,9.305741456739435,300.0,0.3991031390134529
2026-09-19 21:12:19,Delhi,Dwarka,28.5921,77.046,397436,ZAZA Mughal Biryani,Sector 12,Dwarka,₹250 for two,Biryani|North Indian|Awadhi,4.4,1.1K+,25,0.9,True,False,70% OFF,UPTO ₹140,,22473,250.0,1100.0,percent,70.0,0.0,140.0,,,1,26,1,3,Biryani,1,5.521460917862246,7.00397413672268,250.0,0.21973094170403587
2026-09-19 21:12:19,Chennai,OMR Thoraipakkam,12.94,80.234,397753,Mani's Dum Biryani,Rajiv Gandhi Salai,"Rajiv Gandhi Salai,Thuraipakam",₹400 for two,Andhra|Biryani,4.5,30K+,15,1.8,True,False,ITEMS,AT ₹40,,623,400.0,30000.0,item_price_point,0.0,0.0,,,40.0,1,9,1,2,Andhra,1,5.991464547107982,10.308985993422082,400.0,0.7396694214876033
2026-09-19 21:12:19,Delhi,Lajpat Nagar,28.5677,77.2433,398737,Taco Bell,Jal Vihar road,Lajpat Nagar - 2,₹300 for two,Mexican|Fast Food|Snacks,4.3,10K+,18,0.5,True,False,65% OFF,UPTO ₹125,,1557,300.0,10000.0,percent,65.0,0.0,125.0,,,1,20,1,3,Mexican,1,5.703782474656201,9.210440366976517,300.0,0.3991031390134529
2026-09-19 21:12:19,Pune,Camp,18.5158,73.8785,402760,Theobroma,Camp,Camp,₹400 for two,Bakery|Desserts,4.6,2.7K+,13,0.9,True,False,ITEMS,AT ₹37,,1040,400.0,2700.0,item_price_point,0.0,0.0,,,37.0,1,44,1,2,Bakery,1,5.991464547107982,7.901377353792616,400.0,0.7365145228215768
2026-09-19 21:12:19,Delhi,Dwarka,28.5921,77.046,403660,Cheesecake & Co.,Dwarka,Dwarka,₹400 for two,Bakery|Desserts,4.6,7.1K+,17,0.3,True,True,₹100 OFF,ABOVE ₹199,FLAT DEAL,387417,400.0,7100.0,flat,0.0,100.0,,199.0,,1,2,0,2,Bakery,1,5.991464547107982,8.867990898182093,400.0,0.7511210762331838
2026-09-19 21:12:19,Chennai,Perambur,13.1143,80.233,405476,Pizza Hut,Perambur,Perambur,₹300 for two,Pizzas,4.0,10K+,33,3.6,True,False,70% OFF,UPTO ₹140,,721,300.0,10000.0,percent,70.0,0.0,140.0,,,1,46,1,1,Pizzas,1,5.703782474656201,9.210440366976517,300.0,0.4049586776859504
2026-09-19 21:12:19,Pune,Hinjewadi,18.5913,73.7389,407291,Taco Bell,Hinjewadi,Hinjawadi,₹300 for two,Mexican|Fast Food|Snacks,4.3,3.1K+,23,3.0,True,False,65% OFF,UPTO ₹125,,1557,300.0,3100.0,percent,65.0,0.0,125.0,,,1,20,1,3,Mexican,1,5.703782474656201,8.03947991910045,300.0,0.42323651452282157
2026-09-19 21:12:19,Chennai,Velachery,12.9756,80.2207,407377,Wow! Momo,Srinivas Nagar,Velachery,₹300 for two,Momos|Chinese|fastfood|Asian|Beverages,4.2,3.6K+,33,3.0,True,False,70% OFF,UPTO ₹140,,1776,300.0,3600.0,percent,70.0,0.0,140.0,,,1,22,1,5,Momos,1,5.703782474656201,8.188966863648876,300.0,0.4049586776859504
2026-09-19 21:12:19,Chennai,Tambaram,12.9249,80.1,407383,Wow! Momo,Tambaram,Venkatesan Street,₹300 for two,Momos|Chinese|fastfood|Asian|Beverages,4.2,4.7K+,18,0.9,True,False,70% OFF,UPTO ₹140,,1776,300.0,4700.0,percent,70.0,0.0,140.0,,,1,22,1,5,Momos,1,5.703782474656201,8.45553053102413,300.0,0.4049586776859504
2026-09-19 21:12:19,Mumbai,Vashi,19.0771,72.9986,407472,Baskin Robbins - Ice Cream Desserts,sector 17 Vashi,vashi,₹250 for two,Desserts|Ice Cream,4.6,1.0K+,18,1.2,True,True,ITEMS,AT ₹15,,5588,250.0,1000.0,item_price_point,0.0,0.0,,,15.0,1,59,1,2,Desserts,1,5.521460917862246,6.90875477931522,250.0,0.2695167286245353
2026-09-19 21:12:19,Kolkata,Park Street,22.553,88.352,407661,Burger King,New Market,Esplanade,₹350 for two,Burgers|American,4.3,22K+,27,1.2,True,False,ITEMS,AT ₹39,,166,350.0,22000.0,item_price_point,0.0,0.0,,,39.0,1,44,1,2,Burgers,1,5.857933154483459,9.99884318585288,350.0,0.5550660792951542
2026-09-19 21:12:19,Bengaluru,Marathahalli,12.9591,77.6974,407843,Poha On Wheels,Anekal,Marathahalli,₹150 for two,Snacks,4.3,2.1K+,29,0.8,True,True,ITEMS,AT ₹50,,14633,150.0,2100.0,item_price_point,0.0,0.0,,,50.0,1,1,0,1,Snacks,1,5.0106352940962555,7.650168700845001,150.0,0.03162055335968379
2026-09-19 21:12:19,Bengaluru,Hebbal,13.0358,77.597,409511,ZAZA Mughal Biryani,Ex Serviceman Colony,RT Nagar,₹250 for two,Biryani|North Indian|Awadhi,4.1,1.0K+,25,2.4,True,False,70% OFF,UPTO ₹140,,22473,250.0,1000.0,percent,70.0,0.0,140.0,,,1,26,1,3,Biryani,1,5.521460917862246,6.90875477931522,250.0,0.25296442687747034
2026-09-19 21:12:19,Bengaluru,Electronic City,12.8452,77.6602,409538,Madras Meal Company,Valankni road,Electronic City,₹250 for two,Chettinad|South Indian,4.5,889,38,1.6,True,False,ITEMS,AT ₹99,,128893,250.0,889.0,item_price_point,0.0,0.0,,,99.0,1,5,1,2,Chettinad,1,5.521460917862246,6.7912214627261855,250.0,0.25296442687747034
2026-09-19 21:12:19,Bengaluru,Hebbal,13.0358,77.597,409547,Madras Meal Company,Manorampalya,RT Nagar,₹250 for two,South Indian|Chettinad,4.6,749,33,1.8,True,False,ITEMS,AT ₹99,,128893,250.0,749.0,item_price_point,0.0,0.0,,,99.0,1,5,1,2,South Indian,1,5.521460917862246,6.620073206530356,250.0,0.25296442687747034
2026-09-19 21:12:19,Chennai,Nungambakkam,13.0569,80.2425,410398,McDonald's,Thousand Lights,Nungambakkam,₹400 for two,Burgers|Beverages|Cafe|Desserts,4.3,7.0K+,25,1.9,True,False,ITEMS,AT ₹64,,630,400.0,7000.0,item_price_point,0.0,0.0,,,64.0,1,55,1,4,Burgers,1,5.991464547107982,8.853808274977197,400.0,0.7396694214876033
2026-09-19 21:12:19,Chennai,Mylapore,13.0339,80.2698,412751,Wendy's Burgers,Teynampet,Teynampet,₹200 for two,Burgers|Fast Food|wrap,4.0,2.2K+,35,3.9,True,False,ITEMS,AT ₹59,,972,200.0,2200.0,item_price_point,0.0,0.0,,,59.0,2,23,1,3,Burgers,1,5.298317366548036,7.696667081526462,200.0,0.10950413223140495
2026-09-19 21:12:19,Chennai,OMR Thoraipakkam,12.94,80.234,412753,Wendy's Burgers,Perungudi,Perungudi,₹200 for two,Burgers|Fast Food|wrap,4.4,6.2K+,31,4.9,True,False,ITEMS,AT ₹59,,972,200.0,6200.0,item_price_point,0.0,0.0,,,59.0,1,23,1,3,Burgers,1,5.298317366548036,8.732465848349879,200.0,0.10950413223140495
2026-09-19 21:12:19,Kolkata,Howrah,22.5958,88.2636,412968,Baskin Robbins - Ice Cream Desserts,BALI -HOWRAH MUNICIPAL CORPORATION,Howrah,₹250 for two,Desserts|Ice Cream,4.2,295,70,9.6,True,True,ITEMS,AT ₹15,,5588,250.0,295.0,item_price_point,0.0,0.0,,,15.0,1,59,1,2,Desserts,1,5.521460917862246,5.69035945432406,250.0,0.2841409691629956
2026-09-19 21:12:19,Hyderabad,Madhapur,17.4483,78.3915,415056,Bakingo,Bhanu Arcade,Madhapur,₹500 for two,Bakery|Desserts|Beverages|Snacks,4.6,18K+,23,0.7,True,False,ITEMS,AT ₹649,,3818,500.0,18000.0,item_price_point,0.0,0.0,,,649.0,1,39,1,4,Bakery,1,6.214608098422191,9.798182590890704,500.0,0.8528138528138528
2026-09-19 21:12:19,Mumbai,Malad West,19.1868,72.8484,415453,Baskin Robbins - Ice Cream Desserts,S. V. ROAD,Kandivali West,₹250 for two,Desserts|Ice Cream,4.5,672,30,2.3,True,True,ITEMS,AT ₹15,,5588,250.0,672.0,item_price_point,0.0,0.0,,,15.0,1,59,1,2,Desserts,1,5.521460917862246,6.511745329644728,250.0,0.2695167286245353
2026-09-19 21:12:19,Delhi,Janakpuri,28.6219,77.0878,416830,Louis Burger,Tatar Pur,Rajouri Garden,₹600 for two,Burgers|American|Fast Food,4.0,6.5K+,49,4.9,True,False,70% OFF,UPTO ₹130,,22485,600.0,6500.0,percent,70.0,0.0,130.0,,,1,5,1,3,Burgers,1,6.396929655216146,8.77971129020447,600.0,0.9596412556053812
2026-09-19 21:12:19,Kolkata,New Town,22.58,88.46,417023,Pizza Hut,New Town,New Town,₹350 for two,Pizzas,4.3,4.7K+,33,4.3,True,False,50% OFF,,FLAT DEAL,721,350.0,4700.0,percent,50.0,0.0,,,,1,46,1,1,Pizzas,1,5.857933154483459,8.45553053102413,350.0,0.5550660792951542
2026-09-19 21:12:19,Mumbai,Dadar,19.0178,72.8478,417170,The Bawa Kitchen,Gokuldas Pasta Rd,Dadar,₹300 for two,North Indian|Punjabi|Chinese|Biryani|Mughlai|Seafood|Desserts|Beverages,4.4,2.3K+,25,0.7,True,False,70% OFF,UPTO ₹140,,205077,300.0,2300.0,percent,70.0,0.0,140.0,,,1,1,0,8,North Indian,1,5.703782474656201,7.741099090035366,300.0,0.4312267657992565
2026-09-19 21:12:19,Hyderabad,Begumpet,17.4435,78.4645,418439,BOX8 - Desi Meals,TARA TOWERS AMEERPET,Khairatabad Circle No.17,₹200 for two,North Indian|Biryani|Thalis|Home Food,4.6,5.2K+,25,4.3,True,False,ITEMS,AT ₹119,,10655,200.0,5200.0,item_price_point,0.0,0.0,,,119.0,1,1,0,4,North Indian,1,5.298317366548036,8.556606193773073,200.0,0.09523809523809523
2026-09-19 21:12:19,Hyderabad,Begumpet,17.4435,78.4645,418444,ZAZA Mughal Biryani,TARA TOWERS AMEERPET,Khairatabad Circle No.17,₹250 for two,Biryani|North Indian|Awadhi,4.4,1.7K+,25,4.3,True,False,70% OFF,UPTO ₹140,,22473,250.0,1700.0,percent,70.0,0.0,140.0,,,2,26,1,3,Biryani,1,5.521460917862246,7.438971592395862,250.0,0.25757575757575757
2026-09-19 21:12:19,Hyderabad,Begumpet,17.4435,78.4645,418445,NH1 Bowls - Highway To North,TARA TOWERS AMEERPET,Khairatabad Circle No.17,₹250 for two,North Indian|Punjabi|Home Food,4.6,2.2K+,25,4.3,True,False,ITEMS,AT ₹119,,22452,250.0,2200.0,item_price_point,0.0,0.0,,,119.0,1,25,1,3,North Indian,1,5.521460917862246,7.696667081526462,250.0,0.25757575757575757
2026-09-19 21:12:19,Pune,Hinjewadi,18.5913,73.7389,419519,Circle Of Crust,Hinjewadi,Hinjawadi,₹500 for two,Pizzas|Italian|Pastas|Desserts|Beverages,4.0,5.0K+,20,1.1,True,False,70% OFF,UPTO ₹140,,63326,500.0,5000.0,percent,70.0,0.0,140.0,,,1,3,1,5,Pizzas,1,6.214608098422191,8.517393171418904,500.0,0.9149377593360996
2026-09-19 21:12:19,Chennai,Anna Nagar,13.085,80.2101,419786,Andhra Gunpowder,Reddypalyam Mogappair West Ambattur,Mogappair,₹350 for two,Andhra|Biryani|South Indian,4.4,7.4K+,36,4.9,True,False,ITEMS,AT ₹99,,10496,350.0,7400.0,item_price_point,0.0,0.0,,,99.0,1,12,1,3,Andhra,1,5.857933154483459,8.909370405197466,350.0,0.5516528925619835
2026-09-19 21:12:19,Delhi,Vasant Kunj,28.52,77.1591,420606,The Belgian Waffle Co.,Vasant vihar,Vasant Kunj,₹200 for two,Desserts|Waffle|Coffee,4.5,3.0K+,31,2.3,True,True,30% OFF,UPTO ₹60,,2233,200.0,3000.0,percent,30.0,0.0,60.0,,,1,47,1,3,Desserts,1,5.298317366548036,8.006700845440367,200.0,0.08968609865470852
2026-09-19 21:12:19,Mumbai,Lower Parel,18.996,72.8258,421053,Wow! Momo,Lower Parel,Lower Parel,₹200 for two,Momos|Chinese|fastfood|Asian|Beverages,4.1,1.4K+,26,1.9,True,False,70% OFF,UPTO ₹140,,1776,200.0,1400.0,percent,70.0,0.0,140.0,,,1,22,1,5,Momos,1,5.298317366548036,7.244941546337007,200.0,0.13382899628252787
2026-09-19 21:12:19,Mumbai,Dadar,19.0178,72.8478,421497,Minus 30,Worli,Mahim Dadar,₹600 for two,Ice Cream|Desserts|Healthy Food|Beverages,4.7,2.1K+,30,3.5,True,True,,,,292823,600.0,2100.0,none,0.0,0.0,,,,2,1,0,4,Ice Cream,0,6.396929655216146,7.650168700845001,600.0,0.9405204460966543
2026-09-19 21:12:19,Kolkata,Tollygunge,22.495,88.345,421741,The Brooklyn Creamery - Ice Creams & Desserts,Jadavpur Central Rd,Jadavpur,₹200 for two,Ice Cream|Desserts|Healthy Food,4.5,925,26,2.2,True,True,ITEMS,AT ₹59,,771817,200.0,925.0,item_price_point,0.0,0.0,,,59.0,1,1,0,3,Ice Cream,1,5.298317366548036,6.8308742346461795,200.0,0.19162995594713655
2026-09-19 21:12:19,Delhi,Pitampura,28.6942,77.1317,422690,The Belgian Waffle Co.,Lala Jagat Narayan Marg,Netaji Subhash Place,₹200 for two,Desserts|Waffle|Coffee,4.6,2.3K+,32,2.6,True,True,ITEMS,AT ₹72,,2233,200.0,2300.0,item_price_point,0.0,0.0,,,72.0,1,47,1,3,Desserts,1,5.298317366548036,7.741099090035366,200.0,0.08968609865470852
2026-09-19 21:12:19,Delhi,Dwarka,28.5921,77.046,423525,Dana Choga,Shahpur Jat,Dwarka,₹500 for two,North Indian|Biryani|Mughlai|Kebabs|Desserts,4.5,9.2K+,34,1.0,True,False,60% OFF,UPTO ₹120,,5179,500.0,9200.0,percent,60.0,0.0,120.0,,,1,3,1,5,North Indian,1,6.214608098422191,9.127067452782361,500.0,0.9349775784753364
2026-09-19 21:12:19,Delhi,Janakpuri,28.6219,77.0878,424817,Biryani Blues,Uttam Nagar,Janakpuri,₹400 for two,Biryani|Hyderabadi|Lucknowi|Kebabs,4.2,9.8K+,31,1.2,True,False,70% OFF,UPTO ₹140,,13813,400.0,9800.0,percent,70.0,0.0,140.0,,,1,6,1,4,Biryani,1,5.991464547107982,9.19023970026918,400.0,0.7511210762331838
2026-09-19 21:12:19,Pune,Aundh,18.559,73.8077,425441,The Belgian Waffle Co.,Aundh,Aundh,₹200 for two,Waffle|Desserts|Ice Cream,4.6,2.3K+,22,1.6,True,False,30% OFF,UPTO ₹60,,2233,200.0,2300.0,percent,30.0,0.0,60.0,,,1,47,1,3,Waffle,1,5.298317366548036,7.741099090035366,200.0,0.12863070539419086
2026-09-19 21:12:19,Bengaluru,Koramangala,12.9352,77.6245,426776,Theobroma,Koramangala,Koramangala,₹400 for two,Desserts|Bakery|Beverages,4.5,7.8K+,30,1.3,True,False,ITEMS,AT ₹37,,1040,400.0,7800.0,item_price_point,0.0,0.0,,,37.0,1,44,1,3,Desserts,1,5.991464547107982,8.962007209588313,400.0,0.7628458498023716
2026-09-19 21:12:19,Kolkata,Garia,22.465,88.39,426794,Maggi Wala,75 Ibrahimpur Road,Jadavpur,₹150 for two,Chinese|Beverages|Fast Food|Burgers,4.3,5.0K+,46,5.0,True,False,70% OFF,UPTO ₹140,,129224,150.0,5000.0,percent,70.0,0.0,140.0,,,2,2,0,4,Chinese,1,5.0106352940962555,8.517393171418904,150.0,0.10572687224669604
2026-09-19 21:12:19,Pune,Aundh,18.559,73.8077,427515,Taco Bell,Aundh,Aundh,₹300 for two,Mexican|Fast Food|Snacks,4.3,2.7K+,25,1.1,True,False,65% OFF,UPTO ₹125,,1557,300.0,2700.0,percent,65.0,0.0,125.0,,,1,20,1,3,Mexican,1,5.703782474656201,7.901377353792616,300.0,0.42323651452282157
2026-09-19 21:12:19,Pune,Baner,18.559,73.7868,427518,Taco Bell,Baner,Baner,₹300 for two,Mexican|Fast Food|Snacks,4.3,4.3K+,23,2.8,True,False,65% OFF,UPTO ₹125,,1557,300.0,4300.0,percent,65.0,0.0,125.0,,,1,20,1,3,Mexican,1,5.703782474656201,8.366602832783736,300.0,0.42323651452282157
2026-09-19 21:12:19,Pune,Koregaon Park,18.5362,73.8939,428070,Circle Of Crust,Viman Nagar,Viman Nagar,₹500 for two,Pizzas|Italian|Pastas|Desserts|Beverages,4.2,920,46,5.0,True,False,70% OFF,UPTO ₹140,,63326,500.0,920.0,percent,70.0,0.0,140.0,,,1,3,1,5,Pizzas,1,6.214608098422191,6.825460036255307,500.0,0.9149377593360996
2026-09-19 21:12:19,Pune,Viman Nagar,18.5679,73.9143,428991,Bikkgane Biryani,Konark Nagar,Viman Nagar,₹350 for two,Biryani| Hyderabadi| Andhra| Lucknowi| Kolkata| Desserts|Beverages,4.2,11K+,18,0.4,True,False,65% OFF,UPTO ₹125,,5070,350.0,11000.0,percent,65.0,0.0,125.0,,,2,13,1,7,Biryani,1,5.857933154483459,9.305741456739435,350.0,0.549792531120332
2026-09-19 21:12:19,Pune,Kothrud,18.5074,73.8077,429523,Bikkgane Biryani,Guruganesh Nagar,Kothrud,₹350 for two,Biryani| Hyderabadi| Andhra| Lucknowi| Kolkata| Desserts|Beverages,4.3,8.4K+,18,1.2,True,False,65% OFF,UPTO ₹125,,5070,350.0,8400.0,percent,65.0,0.0,125.0,,,1,13,1,7,Biryani,1,5.857933154483459,9.036106025364846,350.0,0.549792531120332
2026-09-19 21:12:19,Kolkata,Dumdum,22.642,88.422,431548,Chowman,Birati,Birati,₹450 for two,Chinese|Asian|Thai|Oriental|Burmese|Tibetan,4.5,21K+,30,3.0,True,False,70% OFF,UPTO ₹130,,266,450.0,21000.0,percent,70.0,0.0,130.0,,,1,6,1,6,Chinese,1,6.1092475827643655,9.952325334619427,450.0,0.8039647577092511
2026-09-19 21:12:19,Delhi,Pitampura,28.6942,77.1317,432557,Bikkgane Biryani,DDA Market Sec-6,Rohini,₹350 for two,Biryani| Hyderabadi| Andhra| Lucknowi| Kolkata| Desserts|Beverages,4.3,6.3K+,30,3.9,True,False,65% OFF,UPTO ₹125,,5070,350.0,6300.0,percent,65.0,0.0,125.0,,,2,13,1,7,Biryani,1,5.857933154483459,8.748463629942055,350.0,0.5381165919282511
2026-09-19 21:12:19,Hyderabad,Ameerpet,17.4374,78.4487,435640,Bakingo,Khairtabad,Banjara Hills,₹300 for two,Bakery,4.5,10K+,36,3.8,True,False,ITEMS,AT ₹649,,3818,300.0,10000.0,item_price_point,0.0,0.0,,,649.0,2,39,1,1,Bakery,1,5.703782474656201,9.210440366976517,300.0,0.48484848484848486
2026-09-19 21:12:19,Delhi,Karol Bagh,28.6519,77.1909,435678,Pizza Hut,Western Extension Area,Karol Bagh,₹350 for two,Pizzas,4.2,7.9K+,20,1.0,True,False,50% OFF,,FLAT DEAL,721,350.0,7900.0,percent,50.0,0.0,,,,1,46,1,1,Pizzas,1,5.857933154483459,8.974744612722734,350.0,0.5381165919282511
2026-09-19 21:12:19,Bengaluru,Jayanagar,12.925,77.5938,437065,Theobroma,Jayanagar,Jayanagar,₹400 for two,Desserts|Bakery|Beverages,4.5,10K+,29,1.8,True,False,ITEMS,AT ₹37,,1040,400.0,10000.0,item_price_point,0.0,0.0,,,37.0,1,44,1,3,Desserts,1,5.991464547107982,9.210440366976517,400.0,0.7628458498023716
2026-09-19 21:12:19,Pune,Kharadi,18.5515,73.947,437496,Anna's Vada,Kharadi,Kharadi,₹300 for two,South Indian,3.9,4.1K+,15,0.5,True,False,ITEMS,AT ₹99,,466836,300.0,4100.0,item_price_point,0.0,0.0,,,99.0,1,1,0,1,South Indian,1,5.703782474656201,8.31898612539206,300.0,0.42323651452282157
2026-09-19 21:12:19,Mumbai,Andheri West,19.1364,72.8296,438385,Deliure & The Eatrium,Andheri Lokhandwala,Andheri Lokhandwala,₹400 for two,Desserts|Bakery,4.6,17K+,29,1.7,True,True,70% OFF,UPTO ₹140,,70641,400.0,17000.0,percent,70.0,0.0,140.0,,,1,5,1,2,Desserts,1,5.991464547107982,9.741027444837728,400.0,0.7193308550185874
2026-09-19 21:12:19,Delhi,Mayur Vihar,28.6092,77.2952,438435,Burger King,Parsvnath Mall,Mayur Vihar,₹350 for two,Burgers|American,4.2,11K+,24,3.0,True,False,ITEMS,AT ₹39,,166,350.0,11000.0,item_price_point,0.0,0.0,,,39.0,1,44,1,2,Burgers,1,5.857933154483459,9.305741456739435,350.0,0.5381165919282511
2026-09-19 21:12:19,Delhi,Connaught Place,28.6315,77.2167,438612,Baskin Robbins - Ice Cream Desserts,Cannought Circus,Connaught Place,₹250 for two,Desserts|Ice Cream,4.5,601,15,1.5,True,True,ITEMS,AT ₹15,,5588,250.0,601.0,item_price_point,0.0,0.0,,,15.0,1,59,1,2,Desserts,1,5.521460917862246,6.400257445308821,250.0,0.21973094170403587
2026-09-19 21:12:19,Kolkata,Tollygunge,22.495,88.345,438810,Baskin Robbins - Ice Cream Desserts,BABURAM GHOSH ROAD,tollygunge,₹250 for two,Desserts|Ice Cream,4.8,1.1K+,14,0.5,True,True,ITEMS,AT ₹15,,5588,250.0,1100.0,item_price_point,0.0,0.0,,,15.0,1,59,1,2,Desserts,1,5.521460917862246,7.00397413672268,250.0,0.2841409691629956
2026-09-19 21:12:19,Kolkata,Shyambazar,22.599,88.37,439738,Pizza Hut,Lake Town,Lake Town,₹350 for two,Pizzas,4.2,4.4K+,41,4.9,True,False,50% OFF,,FLAT DEAL,721,350.0,4400.0,percent,50.0,0.0,,,,1,46,1,1,Pizzas,1,5.857933154483459,8.38958706681109,350.0,0.5550660792951542
2026-09-19 21:12:19,Pune,Wakad,18.5985,73.7625,440964,Chaayos Chai+Snacks=Relax,WAKAD,PHOENIX MALL OF THE MILLENNIUM,₹500 for two,Beverages|Chaat|Bakery|Snacks|Street Food|healthy|Home Food|Maharashtrian|Italian|Desserts,4.5,2.2K+,32,0.9,True,False,51% OFF,,FLAT DEAL,281782,500.0,2200.0,percent,51.0,0.0,,,,1,16,1,10,Beverages,1,6.214608098422191,7.696667081526462,500.0,0.9149377593360996
2026-09-19 21:12:19,Pune,Hinjewadi,18.5913,73.7389,441447,Burger King,Suratwala,Hinjawadi,₹350 for two,Burgers|American,3.9,20K+,16,1.1,True,False,ITEMS,AT ₹39,,166,350.0,20000.0,item_price_point,0.0,0.0,,,39.0,2,44,1,2,Burgers,1,5.857933154483459,9.90353755128617,350.0,0.549792531120332
2026-09-19 21:12:19,Kolkata,Shyambazar,22.599,88.37,441677,KARIM'S- Original from Jama Masjid Delhi- 6,Hati Bagan,Hati Bagan,₹600 for two,Biryani|Mughlai|Tandoor|Kebabs|rolls|shawarma|North Indian|Snacks|Indian,4.5,5.5K+,26,0.7,True,False,₹50 OFF,ABOVE ₹199,FLAT DEAL,284854,600.0,5500.0,flat,0.0,50.0,,199.0,,1,1,0,9,Biryani,1,6.396929655216146,8.612685172875459,600.0,0.9361233480176211
2026-09-19 21:12:19,Chennai,Porur,13.0359,80.1567,444665,Andhra Gunpowder,Kundrathur Main Roadmoulivakkam,Bhaikadai,₹350 for two,Andhra|Biryani|South Indian,4.3,6.9K+,24,2.6,True,False,ITEMS,AT ₹99,,10496,350.0,6900.0,item_price_point,0.0,0.0,,,99.0,1,12,1,3,Andhra,1,5.857933154483459,8.839421607620602,350.0,0.5516528925619835
2026-09-19 21:12:19,Chennai,Velachery,12.9756,80.2207,444674,Andhra Gunpowder,Thoraipakkam,OMR Perungudi,₹350 for two,Andhra|Biryani|South Indian,4.3,7.8K+,40,7.4,True,False,ITEMS,AT ₹99,,10496,350.0,7800.0,item_price_point,0.0,0.0,,,99.0,2,12,1,3,Andhra,1,5.857933154483459,8.962007209588313,350.0,0.5516528925619835
2026-09-19 21:12:19,Chennai,OMR Thoraipakkam,12.94,80.234,444675,Biryani Trip - Destination Hyderabad,Mahatma Gandhi Road,OMR Perungudi,₹350 for two,Biryani,4.1,708,20,0.7,True,False,ITEMS,AT ₹99,,441462,350.0,708.0,item_price_point,0.0,0.0,,,99.0,1,4,1,1,Biryani,1,5.857933154483459,6.5638555265321274,350.0,0.5516528925619835
2026-09-19 21:12:19,Chennai,Tambaram,12.9249,80.1,444676,Andhra Gunpowder,Agaram Main Road,Tambaram,₹350 for two,Andhra|Biryani|South Indian,4.2,7.2K+,30,6.0,True,False,ITEMS,AT ₹99,,10496,350.0,7200.0,item_price_point,0.0,0.0,,,99.0,1,12,1,3,Andhra,1,5.857933154483459,8.881975184248867,350.0,0.5516528925619835
2026-09-19 21:12:19,Chennai,Tambaram,12.9249,80.1,444677,Biryani Trip - Destination Hyderabad,Agaram Main Road,Tambaram,₹350 for two,Biryani,4.2,949,35,6.0,True,False,ITEMS,AT ₹99,,441462,350.0,949.0,item_price_point,0.0,0.0,,,99.0,1,4,1,1,Biryani,1,5.857933154483459,6.856461984594587,350.0,0.5516528925619835
2026-09-19 21:12:19,Chennai,Porur,13.0359,80.1567,444679,Biryani Trip - Destination Hyderabad,Kundrathur Main Roadmoulivakkam,Bhaikadai,₹350 for two,Biryani,4.2,938,26,2.6,True,False,ITEMS,AT ₹99,,441462,350.0,938.0,item_price_point,0.0,0.0,,,99.0,1,4,1,1,Biryani,1,5.857933154483459,6.844815479208263,350.0,0.5516528925619835
2026-09-19 21:12:19,Delhi,Rohini,28.7495,77.0565,444780,Theobroma,Rohini,Rohini,₹400 for two,Bakery|Desserts,4.5,5.6K+,39,9.1,True,False,ITEMS,AT ₹36,,1040,400.0,5600.0,item_price_point,0.0,0.0,,,36.0,1,44,1,2,Bakery,1,5.991464547107982,8.630700432209832,400.0,0.7511210762331838
2026-09-19 21:12:19,Pune,Camp,18.5158,73.8785,445353,SA Dosa Cafe,Karve Road,Kothrud,₹200 for two,South Indian|Snacks|Beverages|Fast Food|Pizzas|Indian,4.2,1.8K+,36,5.8,True,True,ITEMS,AT ₹59,,397081,200.0,1800.0,item_price_point,0.0,0.0,,,59.0,1,1,0,6,South Indian,1,5.298317366548036,7.496097345175956,200.0,0.12863070539419086
2026-09-19 21:12:19,Bengaluru,Marathahalli,12.9591,77.6974,445762,Burger King,Kote MR Plaza,Sanjay Nagar,₹350 for two,Burgers|American,4.2,24K+,34,1.7,True,False,ITEMS,AT ₹39,,166,350.0,24000.0,item_price_point,0.0,0.0,,,39.0,1,44,1,2,Burgers,1,5.857933154483459,10.085850775128717,350.0,0.6106719367588933
2026-09-19 21:12:19,Mumbai,Thane West,19.2183,72.9781,446781,Baskin Robbins - Ice Cream Desserts,Kolshet Road,Thane,₹250 for two,Desserts|Ice Cream,4.4,775,26,2.1,True,True,ITEMS,AT ₹15,,5588,250.0,775.0,item_price_point,0.0,0.0,,,15.0,1,59,1,2,Desserts,1,5.521460917862246,6.654152520183219,250.0,0.2695167286245353
2026-09-19 21:12:19,Delhi,Rohini,28.7495,77.0565,446812,Biryani By Kilo,VARDHMAN PREMIUM MALL,Rohini,₹700 for two,Biryani|Hyderabadi|North Indian|Kebabs|Mughlai|Desserts,4.1,5.0K+,53,10.2,True,False,₹125 OFF,ABOVE ₹399,FLAT DEAL,130,700.0,5000.0,flat,0.0,125.0,,399.0,,2,11,1,6,Biryani,1,6.551080335043404,8.517393171418904,700.0,0.9820627802690582
2026-09-19 21:12:19,Delhi,Vasant Kunj,28.52,77.1591,447938,La Pino'z Pizza,Chhatarpur,Chhatarpur,₹300 for two,Pizzas|Pastas|Italian|fastfood,3.8,10K+,43,3.6,True,False,50% OFF,,FLAT DEAL,4961,300.0,10000.0,percent,50.0,0.0,,,,1,24,1,4,Pizzas,1,5.703782474656201,9.210440366976517,300.0,0.3991031390134529
2026-09-19 21:12:19,Pune,Kharadi,18.5515,73.947,448450,Lalaji Ka Hotel,Kharadi,Kharadi,₹400 for two,Punjabi|Chinese|South Indian|Snacks|Mughlai,3.8,579,20,0.5,True,False,ITEMS,AT ₹109,,123267,400.0,579.0,item_price_point,0.0,0.0,,,109.0,1,1,0,5,Punjabi,1,5.991464547107982,6.363028103540465,400.0,0.7365145228215768
2026-09-19 21:12:19,Delhi,Saket,28.5245,77.2066,456511,California Burrito,Saidulajab,Saket,₹250 for two,Mexican|American|Salads|Continental|Keto|Healthy Food|Beverages|Snacks|Desserts|Fast Food,4.6,11K+,22,0.7,True,False,ITEMS,AT ₹65,,1252,250.0,11000.0,item_price_point,0.0,0.0,,,65.0,1,15,1,10,Mexican,1,5.521460917862246,9.305741456739435,250.0,0.21973094170403587
2026-09-19 21:12:19,Pune,Camp,18.5158,73.8785,456986,Domino's Pizza,Somwar Peth,Somwar Peth,₹400 for two,Pizzas|Italian|Pastas|Desserts,3.8,1.9K+,25,1.9,True,False,50% OFF,,FLAT DEAL,2456,400.0,1900.0,percent,50.0,0.0,,,,1,51,1,4,Pizzas,1,5.991464547107982,7.550135342488429,400.0,0.7365145228215768
2026-09-19 21:12:19,Bengaluru,Indiranagar,12.9784,77.6408,457308,Bakingo,New Thipasandra,Indiranagar,₹300 for two,Bakery|Desserts|Beverages|Snacks,4.5,11K+,30,1.7,True,False,ITEMS,AT ₹69,,3818,300.0,11000.0,item_price_point,0.0,0.0,,,69.0,1,39,1,4,Bakery,1,5.703782474656201,9.305741456739435,300.0,0.4782608695652174
2026-09-19 21:12:19,Hyderabad,Madhapur,17.4483,78.3915,459237,AnTeRa Kitchen And Bar,Roadno10,Jubilee Hills,₹900 for two,Indian|Biryani|Chinese,4.2,11K+,35,3.7,True,False,ITEMS,AT ₹112,,237768,900.0,11000.0,item_price_point,0.0,0.0,,,112.0,1,2,0,3,Indian,1,6.802394763324311,9.305741456739435,900.0,0.9848484848484849
2026-09-19 21:12:19,Chennai,Porur,13.0359,80.1567,464178,Pizza Hut,Porur,Porur,₹350 for two,Pizzas,4.2,7.9K+,22,1.1,True,False,50% OFF,,FLAT DEAL,721,350.0,7900.0,percent,50.0,0.0,,,,1,46,1,1,Pizzas,1,5.857933154483459,8.974744612722734,350.0,0.5516528925619835
2026-09-19 21:12:19,Hyderabad,Dilsukhnagar,17.3687,78.5247,464700,ZAZA Mughal Biryani,Dilsukhnagar,Sri Nagar Colony,₹250 for two,Biryani|North Indian|Awadhi,4.5,2.5K+,25,1.7,True,False,70% OFF,UPTO ₹140,,22473,250.0,2500.0,percent,70.0,0.0,140.0,,,1,26,1,3,Biryani,1,5.521460917862246,7.824445930877619,250.0,0.25757575757575757
2026-09-19 21:12:19,Hyderabad,Dilsukhnagar,17.3687,78.5247,464701,NH1 Bowls - Highway To North,Dilsukhnagar,Sri Nagar Colony,₹250 for two,North Indian|Punjabi|Home Food,4.7,2.1K+,25,1.7,True,False,ITEMS,AT ₹119,,22452,250.0,2100.0,item_price_point,0.0,0.0,,,119.0,1,25,1,3,North Indian,1,5.521460917862246,7.650168700845001,250.0,0.25757575757575757
2026-09-19 21:12:19,Delhi,Lajpat Nagar,28.5677,77.2433,465399,Bakingo,Bharat Nagar,New Friends Colony,₹300 for two,Bakery|Desserts|Beverages|Snacks,4.6,8.4K+,29,4.0,True,False,ITEMS,AT ₹69,,3818,300.0,8400.0,item_price_point,0.0,0.0,,,69.0,1,39,1,4,Bakery,1,5.703782474656201,9.036106025364846,300.0,0.3991031390134529
2026-09-19 21:12:19,Mumbai,Andheri West,19.1364,72.8296,467269,Pizza Hut,Vicino Mall,Andheri West,₹350 for two,Pizzas,4.2,2.2K+,36,2.5,True,False,50% OFF,,FLAT DEAL,721,350.0,2200.0,percent,50.0,0.0,,,,1,46,1,1,Pizzas,1,5.857933154483459,7.696667081526462,350.0,0.5353159851301115
2026-09-19 21:12:19,Delhi,Connaught Place,28.6315,77.2167,467579,Louis Burger,N Block,Connaught Place,₹600 for two,Burgers|American|Fast Food,4.2,2.3K+,36,1.0,True,False,ITEMS,AT ₹194,,22485,600.0,2300.0,item_price_point,0.0,0.0,,,194.0,2,5,1,3,Burgers,1,6.396929655216146,7.741099090035366,600.0,0.9596412556053812
2026-09-19 21:12:19,Kolkata,Howrah,22.5958,88.2636,469480,Wow! China,LP-212,Howrah,₹400 for two,Chinese|Asian|fastfood|Beverages|Snacks,4.1,4.5K+,69,8.4,True,False,ITEMS,AT ₹99,,226836,400.0,4500.0,item_price_point,0.0,0.0,,,99.0,1,20,1,5,Chinese,1,5.991464547107982,8.412054873292933,400.0,0.6938325991189427
2026-09-19 21:12:19,Delhi,Vasant Kunj,28.52,77.1591,470174,Dana Choga,Masoodpur,Vasant Kunj,₹500 for two,North Indian|Biryani|Mughlai|Kebabs|Desserts,4.6,7.2K+,31,1.4,True,False,ITEMS,AT ₹79,,5179,500.0,7200.0,item_price_point,0.0,0.0,,,79.0,1,3,1,5,North Indian,1,6.214608098422191,8.881975184248867,500.0,0.9349775784753364
2026-09-19 21:12:19,Chennai,Adyar,13.0012,80.2565,470493,Wendy's Burgers,Velachery,Velachery,₹200 for two,Burgers|Fast Food|wrap,4.2,4.7K+,42,5.5,True,False,ITEMS,AT ₹59,,972,200.0,4700.0,item_price_point,0.0,0.0,,,59.0,2,23,1,3,Burgers,1,5.298317366548036,8.45553053102413,200.0,0.10950413223140495
2026-09-19 21:12:19,Chennai,Velachery,12.9756,80.2207,470708,Big Bowl,Near Gangai Nagar,Velachery,₹250 for two,Chinese|Tibetan|Desserts,4.1,4.0K+,29,1.0,True,False,70% OFF,UPTO ₹140,,434792,250.0,4000.0,percent,70.0,0.0,140.0,,,1,22,1,3,Chinese,1,5.521460917862246,8.294299608857235,250.0,0.24380165289256198
2026-09-19 21:12:19,Pune,Baner,18.559,73.7868,474908,Big Bowl,Kalamkar Avenue,Baner,₹250 for two,Chinese|Tibetan|Desserts,4.1,1.9K+,17,0.3,True,False,70% OFF,UPTO ₹140,,434792,250.0,1900.0,percent,70.0,0.0,140.0,,,1,22,1,3,Chinese,1,5.521460917862246,7.550135342488429,250.0,0.2821576763485477
2026-09-19 21:12:19,Kolkata,Garia,22.465,88.39,474944,Food Peddler Sandwiches,Ibrahimpur Road,Jadavpur,₹150 for two,Continental|Beverages|Snacks|Salads|Healthy Food|Burgers,4.6,11K+,46,5.0,True,False,₹125 OFF,ABOVE ₹199,FLAT DEAL,81834,150.0,11000.0,flat,0.0,125.0,,199.0,,1,2,0,6,Continental,1,5.0106352940962555,9.305741456739435,150.0,0.10572687224669604
2026-09-19 21:12:19,Mumbai,Dadar,19.0178,72.8478,475120,Starbucks Coffee,Matunga East,Matunga East,₹400 for two,Beverages|Cafe|Snacks|Desserts|Bakery|Ice Cream,4.7,1.7K+,29,1.8,True,False,₹85 OFF,ABOVE ₹199,FLAT DEAL,195515,400.0,1700.0,flat,0.0,85.0,,199.0,,1,6,1,6,Beverages,1,5.991464547107982,7.438971592395862,400.0,0.7193308550185874
2026-09-19 21:12:19,Pune,Viman Nagar,18.5679,73.9143,477231,Veera Da Chaap,Viman Nagar,Sangamwadi,₹300 for two,Punjabi|Biryani|Indian|Rolls & Wraps|Chinese|Beverages|Combos,4.2,1.4K+,18,0.4,True,True,ITEMS,AT ₹139,,407199,300.0,1400.0,item_price_point,0.0,0.0,,,139.0,1,1,0,7,Punjabi,1,5.703782474656201,7.244941546337007,300.0,0.42323651452282157
2026-09-19 21:12:19,Pune,Baner,18.559,73.7868,479583,Chinese Wok,Kalamkar Avenue,Baner,₹250 for two,Chinese|Asian|Tibetan|Desserts,4.1,6.4K+,20,0.2,True,False,70% OFF,UPTO ₹140,,61955,250.0,6400.0,percent,70.0,0.0,140.0,,,1,22,1,4,Chinese,1,5.521460917862246,8.764209507142004,250.0,0.2821576763485477
2026-09-19 21:12:19,Kolkata,Ballygunge,22.529,88.365,480062,Baskin Robbins - Ice Cream Desserts,BALLYGUNGE CIRCULAR ROAD,Ballygunge,₹250 for two,Desserts|Ice Cream,4.6,375,28,2.1,True,True,ITEMS,AT ₹15,,5588,250.0,375.0,item_price_point,0.0,0.0,,,15.0,1,59,1,2,Desserts,1,5.521460917862246,5.929589143389895,250.0,0.2841409691629956
2026-09-19 21:12:19,Hyderabad,Secunderabad,17.4399,78.4983,482476,ZAZA Mughal Biryani,Circle No.29,SINDHI COLONY,₹250 for two,Biryani|North Indian|Awadhi,4.4,1.2K+,25,2.3,True,False,70% OFF,UPTO ₹140,,22473,250.0,1200.0,percent,70.0,0.0,140.0,,,1,26,1,3,Biryani,1,5.521460917862246,7.0909098220799835,250.0,0.25757575757575757
2026-09-19 21:12:19,Hyderabad,Secunderabad,17.4399,78.4983,482477,NH1 Bowls - Highway To North,Circle No.29,SINDHI COLONY,₹250 for two,North Indian|Punjabi|Home Food,4.6,1.9K+,25,2.3,True,False,70% OFF,UPTO ₹140,,22452,250.0,1900.0,percent,70.0,0.0,140.0,,,1,25,1,3,North Indian,1,5.521460917862246,7.550135342488429,250.0,0.25757575757575757
2026-09-19 21:12:19,Mumbai,Powai,19.1176,72.906,485045,CakeZone Patisserie,Kailash Industrial Estate,Near Veer Savarkar Marg,₹200 for two,Bakery|Desserts|Sweets|Ice Cream,4.5,1.8K+,32,1.7,True,False,70% OFF,UPTO ₹140,,7003,200.0,1800.0,percent,70.0,0.0,140.0,,,1,11,1,4,Bakery,1,5.298317366548036,7.496097345175956,200.0,0.13382899628252787
2026-09-19 21:12:19,Hyderabad,Ameerpet,17.4374,78.4487,485370,Big Bowl,Balkampet Road,Ameerpet,₹250 for two,Chinese|Tibetan|Desserts,4.0,3.7K+,28,1.9,True,False,70% OFF,UPTO ₹140,,434792,250.0,3700.0,percent,70.0,0.0,140.0,,,1,22,1,3,Chinese,1,5.521460917862246,8.216358332386156,250.0,0.25757575757575757
2026-09-19 21:12:19,Mumbai,Chembur,19.0522,72.9005,486696,La Pino'z Pizza,CHADDVA PREMISES,Chembur,₹400 for two,Pizzas|Italian|Pastas|Mexican|Desserts|Beverages|Snacks|Combos|Fast Food,4.2,8.8K+,38,2.0,True,False,50% OFF,,FLAT DEAL,4961,400.0,8800.0,percent,50.0,0.0,,,,1,24,1,9,Pizzas,1,5.991464547107982,9.082620630373812,400.0,0.7193308550185874
2026-09-19 21:12:19,Hyderabad,Banjara Hills,17.4126,78.4392,487214,ZAZA Mughal Biryani,Khairatabad,Vaibhav Nagar,₹250 for two,Biryani|North Indian|Awadhi,4.4,1.0K+,25,2.9,True,False,70% OFF,UPTO ₹140,,22473,250.0,1000.0,percent,70.0,0.0,140.0,,,1,26,1,3,Biryani,1,5.521460917862246,6.90875477931522,250.0,0.25757575757575757
2026-09-19 21:12:19,Hyderabad,Banjara Hills,17.4126,78.4392,487215,NH1 Bowls - Highway To North,Khairatabad,Vaibhav Nagar,₹250 for two,North Indian|Punjabi|Home Food,4.6,2.0K+,25,2.9,True,False,ITEMS,AT ₹119,,22452,250.0,2000.0,item_price_point,0.0,0.0,,,119.0,1,25,1,3,North Indian,1,5.521460917862246,7.601402334583733,250.0,0.25757575757575757
2026-09-19 21:12:19,Bengaluru,Malleshwaram,13.0035,77.5647,487241,ZAZA Mughal Biryani,Jai Bheema Nagar,Seshadripuram,₹250 for two,Biryani|North Indian|Awadhi,4.3,1.0K+,25,2.5,True,False,70% OFF,UPTO ₹140,,22473,250.0,1000.0,percent,70.0,0.0,140.0,,,1,26,1,3,Biryani,1,5.521460917862246,6.90875477931522,250.0,0.25296442687747034
2026-09-19 21:12:19,Bengaluru,Malleshwaram,13.0035,77.5647,487242,NH1 Bowls - Highway To North,Jai Bheema Nagar,Seshadripuram,₹250 for two,North Indian|Punjabi|Home Food,4.6,870,25,2.5,True,False,ITEMS,AT ₹119,,22452,250.0,870.0,item_price_point,0.0,0.0,,,119.0,1,25,1,3,North Indian,1,5.521460917862246,6.769641976852503,250.0,0.25296442687747034
2026-09-19 21:12:19,Pune,Kharadi,18.5515,73.947,487384,La Pino'z Pizza,Kharadi,Kharadi,₹400 for two,Pizzas|Pastas|Italian|Desserts|Beverages,4.0,5.2K+,18,0.8,True,False,ITEMS,AT ₹69,,4961,400.0,5200.0,item_price_point,0.0,0.0,,,69.0,1,24,1,5,Pizzas,1,5.991464547107982,8.556606193773073,400.0,0.7365145228215768
2026-09-19 21:12:19,Bengaluru,Jayanagar,12.925,77.5938,488779,Chaayos Chai+Snacks=Relax,Jayanagar,Jayanagar,₹250 for two,Beverages|Chaat|Bakery|Snacks|Street Food|healthy|Home Food|Maharashtrian|Italian|Desserts,4.4,2.3K+,31,1.7,True,False,51% OFF,,FLAT DEAL,281782,250.0,2300.0,percent,51.0,0.0,,,,1,16,1,10,Beverages,1,5.521460917862246,7.741099090035366,250.0,0.25296442687747034
2026-09-19 21:12:19,Pune,Camp,18.5158,73.8785,489069,La Pino'z Pizza,Salunkhe Vihar,Salunkhe Vihar,₹400 for two,Pizzas|Pastas|Italian|Desserts|Beverages,4.2,4.1K+,35,5.0,True,False,ITEMS,AT ₹69,,4961,400.0,4100.0,item_price_point,0.0,0.0,,,69.0,1,24,1,5,Pizzas,1,5.991464547107982,8.31898612539206,400.0,0.7365145228215768
2026-09-19 21:12:19,Bengaluru,Marathahalli,12.9591,77.6974,489129,Chinese Wok,Anand Nagar,Marathahalli,₹250 for two,Chinese|Asian|Tibetan|Desserts,4.1,7.9K+,27,1.3,True,False,70% OFF,UPTO ₹140,,61955,250.0,7900.0,percent,70.0,0.0,140.0,,,1,22,1,4,Chinese,1,5.521460917862246,8.974744612722734,250.0,0.25296442687747034
2026-09-19 21:12:19,Bengaluru,Marathahalli,12.9591,77.6974,489235,Big Bowl,Anand Nagar,Marathahalli,₹250 for two,Chinese|Tibetan|Desserts,4.1,2.1K+,28,1.3,True,False,70% OFF,UPTO ₹140,,434792,250.0,2100.0,percent,70.0,0.0,140.0,,,1,22,1,3,Chinese,1,5.521460917862246,7.650168700845001,250.0,0.25296442687747034
2026-09-19 21:12:19,Hyderabad,Kukatpally,17.4849,78.4138,489242,Big Bowl,Metro Station,Kukatpally,₹250 for two,Chinese|Tibetan|Desserts,3.8,1.7K+,21,0.3,True,False,70% OFF,UPTO ₹140,,434792,250.0,1700.0,percent,70.0,0.0,140.0,,,1,22,1,3,Chinese,1,5.521460917862246,7.438971592395862,250.0,0.25757575757575757
2026-09-19 21:12:19,Pune,Kothrud,18.5074,73.8077,489275,Biryani By Kilo,Bhusari Colony,Kothrud,₹600 for two,Biryani|Hyderabadi|North Indian|Kebabs|Mughlai|Desserts,4.0,2.1K+,28,1.2,True,False,ITEMS,AT ₹149,,130,600.0,2100.0,item_price_point,0.0,0.0,,,149.0,1,11,1,6,Biryani,1,6.396929655216146,7.650168700845001,600.0,0.966804979253112
2026-09-19 21:12:19,Chennai,Perambur,13.1143,80.233,490013,The Belgian Waffle Co.,Jawahar Nagar,70 Feet Road,₹200 for two,Waffle|Desserts|Ice Cream,4.5,3.1K+,34,4.6,True,True,30% OFF,UPTO ₹60,,2233,200.0,3100.0,percent,30.0,0.0,60.0,,,1,47,1,3,Waffle,1,5.298317366548036,8.03947991910045,200.0,0.10950413223140495
2026-09-19 21:12:19,Kolkata,Park Street,22.553,88.352,491063,Blue Tokai Coffee Roasters,Near India Hobby Center,Park Street,₹600 for two,Cafe|Coffee|Beverages,4.6,1.8K+,32,0.4,True,False,ITEMS,AT ₹99,,2682,600.0,1800.0,item_price_point,0.0,0.0,,,99.0,1,2,0,3,Cafe,1,6.396929655216146,7.496097345175956,600.0,0.9361233480176211
2026-09-19 21:12:19,Hyderabad,Ameerpet,17.4374,78.4487,491475,Chinese Wok,Ameerpet,Gachibowli,₹250 for two,Chinese|Asian|Tibetan|Desserts,4.0,5.0K+,29,1.9,True,False,70% OFF,UPTO ₹140,,61955,250.0,5000.0,percent,70.0,0.0,140.0,,,1,22,1,4,Chinese,1,5.521460917862246,8.517393171418904,250.0,0.25757575757575757
2026-09-19 21:12:19,Hyderabad,Gachibowli,17.4401,78.3489,491518,Chinese Wok,Gachibowli,Gachibowli,₹250 for two,Chinese|Asian|Tibetan|Desserts,4.0,6.1K+,35,1.5,True,False,70% OFF,UPTO ₹140,,61955,250.0,6100.0,percent,70.0,0.0,140.0,,,1,22,1,4,Chinese,1,5.521460917862246,8.716207971151853,250.0,0.25757575757575757
2026-09-19 21:12:19,Chennai,Mylapore,13.0339,80.2698,492071,McDonald's,Alwarpet Sai Plaza,Alwarpet,₹400 for two,Burgers|Beverages|Cafe|Desserts,4.4,11K+,25,2.7,True,False,ITEMS,AT ₹64,,630,400.0,11000.0,item_price_point,0.0,0.0,,,64.0,1,55,1,4,Burgers,1,5.991464547107982,9.305741456739435,400.0,0.7396694214876033
2026-09-19 21:12:19,Hyderabad,Kukatpally,17.4849,78.4138,492267,Chinese Wok,Kukatpally,Kukatpally,₹250 for two,Chinese|Asian|Tibetan|Desserts,3.8,3.0K+,24,0.3,True,False,70% OFF,UPTO ₹140,,61955,250.0,3000.0,percent,70.0,0.0,140.0,,,1,22,1,4,Chinese,1,5.521460917862246,8.006700845440367,250.0,0.25757575757575757
2026-09-19 21:12:19,Hyderabad,Dilsukhnagar,17.3687,78.5247,495452,Chinese Wok,Saroor Nagar West,Saroor Nagar West,₹250 for two,Chinese|Asian|Tibetan|Desserts,3.9,4.7K+,36,3.0,True,False,70% OFF,UPTO ₹140,,61955,250.0,4700.0,percent,70.0,0.0,140.0,,,1,22,1,4,Chinese,1,5.521460917862246,8.45553053102413,250.0,0.25757575757575757
2026-09-19 21:12:19,Bengaluru,Jayanagar,12.925,77.5938,495510,La Pino'z Pizza,Jayanagar,Jayanagar,₹300 for two,Pizzas|Pastas|Italian|Desserts|Beverages,4.3,4.3K+,34,1.7,True,False,70% OFF,UPTO ₹140,,4961,300.0,4300.0,percent,70.0,0.0,140.0,,,1,24,1,5,Pizzas,1,5.703782474656201,8.366602832783736,300.0,0.4782608695652174
2026-09-19 21:12:19,Delhi,Pitampura,28.6942,77.1317,498382,Burger King,M2K Mall,Rohini,₹350 for two,Burgers|American,4.3,9.7K+,24,2.7,True,False,ITEMS,AT ₹39,,166,350.0,9700.0,item_price_point,0.0,0.0,,,39.0,1,44,1,2,Burgers,1,5.857933154483459,9.179984251961283,350.0,0.5381165919282511
2026-09-19 21:12:19,Chennai,Tambaram,12.9249,80.1,502204,Madras Meal Company,Tambaram,Tambaram,₹350 for two,South Indian,4.3,280,34,6.0,True,False,ITEMS,AT ₹79,,128893,350.0,280.0,item_price_point,0.0,0.0,,,79.0,1,5,1,1,South Indian,1,5.857933154483459,5.638354669333745,350.0,0.5516528925619835
2026-09-19 21:12:19,Chennai,OMR Thoraipakkam,12.94,80.234,502255,Madras Meal Company,OMR Perungudi,OMR-Perungudi,₹350 for two,South Indian,4.3,315,21,0.7,True,False,ITEMS,AT ₹79,,128893,350.0,315.0,item_price_point,0.0,0.0,,,79.0,1,5,1,1,South Indian,1,5.857933154483459,5.755742213586912,350.0,0.5516528925619835
2026-09-19 21:12:19,Bengaluru,HSR Layout,12.9116,77.6446,502673,The Belgian Waffle Co.,HSR Layout,HSR Layout,₹176 for two,Waffle|Desserts|Ice Cream,4.4,4.1K+,30,1.2,True,True,30% OFF,UPTO ₹60,,2233,176.0,4100.0,percent,30.0,0.0,60.0,,,1,47,1,3,Waffle,1,5.170483995038151,8.31898612539206,176.0,0.05138339920948617
2026-09-19 21:12:19,Chennai,Tambaram,12.9249,80.1,505335,Ambur Star Briyani,Gst Road,Chrompet,₹500 for two,Biryani|South Indian|Indian|Chinese|Tandoor|Beverages,4.3,14K+,40,6.1,True,False,ITEMS,AT ₹199,,5455,500.0,14000.0,item_price_point,0.0,0.0,,,199.0,1,7,1,6,Biryani,1,6.214608098422191,9.546884034617925,500.0,0.9070247933884298
2026-09-19 21:12:19,Pune,Hadapsar,18.5089,73.926,506109,Baskin Robbins - Ice Cream Desserts,Magarpatta City,Magarpatta City,₹250 for two,Desserts|Ice Cream,3.7,183,28,1.8,True,True,ITEMS,AT ₹15,,5588,250.0,183.0,item_price_point,0.0,0.0,,,15.0,1,59,1,2,Desserts,1,5.521460917862246,5.214935757608986,250.0,0.2821576763485477
2026-09-19 21:12:19,Pune,Kharadi,18.5515,73.947,506179,Fried chicken Destination,Kharadi,Kharadi,₹200 for two,Burgers|American|Snacks|Fast Food|Street Food,4.2,5.1K+,22,1.6,True,False,ITEMS,AT ₹9,,245841,200.0,5100.0,item_price_point,0.0,0.0,,,9.0,1,3,1,5,Burgers,1,5.298317366548036,8.537191877922927,200.0,0.12863070539419086
2026-09-19 21:12:19,Mumbai,Lower Parel,18.996,72.8258,507003,McDonald's,Byculla,Byculla,₹400 for two,Burgers|Beverages|Cafe|Desserts,4.3,6.0K+,26,3.0,True,False,ITEMS,AT ₹64,,630,400.0,6000.0,item_price_point,0.0,0.0,,,64.0,1,55,1,4,Burgers,1,5.991464547107982,8.699681400989514,400.0,0.7193308550185874
2026-09-19 21:12:19,Mumbai,Lower Parel,18.996,72.8258,508471,KFC,Lower Parel,Lower Parel,₹400 for two,Burgers|Fast Food|Rolls & Wraps,4.0,8.8K+,30,0.4,True,False,50% OFF,,FLAT DEAL,547,400.0,8800.0,percent,50.0,0.0,,,,1,58,1,3,Burgers,1,5.991464547107982,9.082620630373812,400.0,0.7193308550185874
2026-09-19 21:12:19,Mumbai,Borivali,19.2307,72.8567,508472,KFC,Borivali West,Borivali West,₹400 for two,Burgers|Fast Food|Rolls & Wraps,4.2,6.9K+,28,2.1,True,False,50% OFF,,FLAT DEAL,547,400.0,6900.0,percent,50.0,0.0,,,,1,58,1,3,Burgers,1,5.991464547107982,8.839421607620602,400.0,0.7193308550185874
2026-09-19 21:12:19,Pune,Camp,18.5158,73.8785,508883,The Belgian Waffle Co.,Ambedkar Road,Camp Area,₹200 for two,Waffle|Desserts|Ice Cream,4.7,1.4K+,22,1.3,True,True,30% OFF,UPTO ₹60,,2233,200.0,1400.0,percent,30.0,0.0,60.0,,,1,47,1,3,Waffle,1,5.298317366548036,7.244941546337007,200.0,0.12863070539419086
2026-09-19 21:12:19,Hyderabad,Madhapur,17.4483,78.3915,509004,Chinese Wok,Kondapur,Madhapur,₹250 for two,Chinese|Asian|Tibetan|Desserts,3.9,4.5K+,33,1.4,True,False,70% OFF,UPTO ₹140,,1001,250.0,4500.0,percent,70.0,0.0,140.0,,,1,1,0,4,Chinese,1,5.521460917862246,8.412054873292933,250.0,0.25757575757575757
2026-09-19 21:12:19,Hyderabad,Madhapur,17.4483,78.3915,509082,Big Bowl,Serilingampally Mandal,Madhapur,₹250 for two,Chinese|Tibetan|Desserts,3.9,3.4K+,36,1.4,True,False,70% OFF,UPTO ₹140,,434792,250.0,3400.0,percent,70.0,0.0,140.0,,,1,22,1,3,Chinese,1,5.521460917862246,8.131824785007195,250.0,0.25757575757575757
2026-09-19 21:12:19,Delhi,Pitampura,28.6942,77.1317,510639,La Pino'z Pizza,Pitampura,Pitampura,₹350 for two,Pizzas|Pastas|Italian|Desserts|Beverages,3.6,6.6K+,29,1.5,True,False,50% OFF,,FLAT DEAL,4961,350.0,6600.0,percent,50.0,0.0,,,,1,24,1,5,Pizzas,1,5.857933154483459,8.79497643168877,350.0,0.5381165919282511
2026-09-19 21:12:19,Hyderabad,Kondapur,17.4615,78.3639,511927,CakeZone Patisserie,NEAR GREEN MARK,Marthanda Nagar,₹200 for two,Bakery|Desserts|Sweets|Ice Cream,4.3,6.4K+,29,2.1,True,False,70% OFF,UPTO ₹140,,7003,200.0,6400.0,percent,70.0,0.0,140.0,,,1,11,1,4,Bakery,1,5.298317366548036,8.764209507142004,200.0,0.09523809523809523
2026-09-19 21:12:19,Chennai,Porur,13.0359,80.1567,515110,Chaayos Chai+Snacks=Relax,Yadaval Street,Porur,₹250 for two,Beverages|Chaat|Bakery|Snacks|Street Food|healthy|Home Food|Maharashtrian|Italian|Desserts,4.3,3.4K+,17,0.6,True,False,51% OFF,,FLAT DEAL,281782,250.0,3400.0,percent,51.0,0.0,,,,1,16,1,10,Beverages,1,5.521460917862246,8.131824785007195,250.0,0.24380165289256198
2026-09-19 21:12:19,Kolkata,Garia,22.465,88.39,516356,Sandwich Xpress,Ibrahimpur Road,Jadavpur,₹100 for two,Pastas|Tibetan|Indian,4.2,3.1K+,44,5.0,True,False,₹125 OFF,ABOVE ₹199,FLAT DEAL,254415,100.0,3100.0,flat,0.0,125.0,,199.0,,2,2,0,3,Pastas,1,4.605170185988092,8.03947991910045,120.0,0.03524229074889868
2026-09-19 21:12:19,Chennai,Perambur,13.1143,80.233,518645,Burger King,Gurumoorthy Garden Street,Perambur,₹350 for two,Burgers|American,4.1,27K+,34,1.8,True,False,ITEMS,AT ₹39,,166,350.0,27000.0,item_price_point,0.0,0.0,,,39.0,1,44,1,2,Burgers,1,5.857933154483459,10.203629181337648,350.0,0.5516528925619835
2026-09-19 21:12:19,Chennai,T. Nagar,13.0418,80.2341,518646,Burger King,Ashok Nagar,Vadapalani,₹350 for two,Burgers|American,4.2,23K+,27,3.5,True,False,ITEMS,AT ₹39,,166,350.0,23000.0,item_price_point,0.0,0.0,,,39.0,1,44,1,2,Burgers,1,5.857933154483459,10.043292972227004,350.0,0.5516528925619835
2026-09-19 21:12:19,Delhi,Vasant Kunj,28.52,77.1591,524180,Bakingo,Sector A,Vasant Kunj,₹299 for two,Bakery|Desserts|Beverages|Snacks,4.5,9.0K+,25,2.0,True,False,ITEMS,AT ₹69,,3818,299.0,9000.0,item_price_point,0.0,0.0,,,69.0,1,39,1,4,Bakery,1,5.700443573390687,9.105090961257085,299.0,0.32286995515695066
2026-09-19 21:12:19,Bengaluru,HSR Layout,12.9116,77.6446,524936,Theobroma,HSR Layout,HSR Layout,₹400 for two,Desserts|Bakery|Beverages,4.4,10K+,25,0.8,True,False,ITEMS,AT ₹37,,1040,400.0,10000.0,item_price_point,0.0,0.0,,,37.0,1,44,1,3,Desserts,1,5.991464547107982,9.210440366976517,400.0,0.7628458498023716
2026-09-19 21:12:19,Mumbai,Chembur,19.0522,72.9005,529267,Sahara Family Restaurant,Jeedimetla,Chembur,₹300 for two,Indian|Chinese|Tandoor,4.3,2.2K+,23,1.3,True,False,50% OFF,,FLAT DEAL,174627,300.0,2200.0,percent,50.0,0.0,,,,1,1,0,3,Indian,1,5.703782474656201,7.696667081526462,300.0,0.4312267657992565
2026-09-19 21:12:19,Bengaluru,Indiranagar,12.9784,77.6408,530296,Chaayos Chai+Snacks=Relax,Indiranagar,INDIRANAGAR,₹250 for two,Beverages|Chaat|Bakery|Snacks|Street Food|healthy|Home Food|Maharashtrian|Italian|Desserts,4.4,2.7K+,27,0.2,True,False,51% OFF,,FLAT DEAL,281782,250.0,2700.0,percent,51.0,0.0,,,,1,16,1,10,Beverages,1,5.521460917862246,7.901377353792616,250.0,0.25296442687747034
2026-09-19 21:12:19,Bengaluru,Koramangala,12.9352,77.6245,537139,Narmada Chain of Restaurant,Koramangala,Koramangala,₹500 for two,Biryani|Andhra|South Indian,4.4,13K+,32,1.3,True,False,,,,411277,500.0,13000.0,none,0.0,0.0,,,,1,2,0,3,Biryani,0,6.214608098422191,9.472781556562168,500.0,0.9387351778656127
2026-09-19 21:12:19,Kolkata,Tollygunge,22.495,88.345,538103,6 Ballygunge Place Thali,Near EEDF Hospital,Jodhpur Park,₹800 for two,Bengali|Snacks|Beverages,4.4,2.4K+,36,3.0,True,False,,,,542509,800.0,2400.0,none,0.0,0.0,,,,1,1,0,3,Bengali,0,6.684611727667927,7.783640596221253,800.0,0.9889867841409692
2026-09-19 21:12:19,Mumbai,Dadar,19.0178,72.8478,542157,Tibb's Frankie,Nmp Marg,Matunga Wadala,₹200 for two,Rolls & Wraps|Fast Food|Snacks|Indian,4.2,1.4K+,22,1.4,True,False,ITEMS,AT ₹49,,216056,200.0,1400.0,item_price_point,0.0,0.0,,,49.0,1,4,1,4,Rolls & Wraps,1,5.298317366548036,7.244941546337007,200.0,0.13382899628252787
2026-09-19 21:12:19,Kolkata,Dumdum,22.642,88.422,543052,The Belgian Waffle Co.,Dumdum,MB Road,₹200 for two,Waffle|Desserts|Ice Cream,4.7,3.1K+,28,3.5,True,True,ITEMS,AT ₹72,,2233,200.0,3100.0,item_price_point,0.0,0.0,,,72.0,1,47,1,3,Waffle,1,5.298317366548036,8.03947991910045,200.0,0.19162995594713655
2026-09-19 21:12:19,Mumbai,Malad West,19.1868,72.8484,545262,"Frozen Bottle - Milkshakes, Desserts And Ice Cream",Malad West,Malad West,₹250 for two,Beverages|Ice Cream|Desserts,4.3,1.6K+,35,2.1,True,True,70% OFF,UPTO ₹140,,5655,250.0,1600.0,percent,70.0,0.0,140.0,,,1,12,1,3,Beverages,1,5.521460917862246,7.3783837129967145,250.0,0.2695167286245353
2026-09-19 21:12:19,Pune,Kharadi,18.5515,73.947,545865,The Belgian Waffle Co.,Kharadi,Kharadi,₹200 for two,Waffle|Desserts|Ice Cream,4.4,3.0K+,25,1.6,True,True,30% OFF,UPTO ₹60,,2233,200.0,3000.0,percent,30.0,0.0,60.0,,,1,47,1,3,Waffle,1,5.298317366548036,8.006700845440367,200.0,0.12863070539419086
2026-09-19 21:12:19,Bengaluru,HSR Layout,12.9116,77.6446,548400,Taco Bell,4th Sector,HSR Layout,₹300 for two,Mexican|Fast Food|Snacks,4.2,7.0K+,25,0.4,True,False,ITEMS,AT ₹39,,1557,300.0,7000.0,item_price_point,0.0,0.0,,,39.0,1,20,1,3,Mexican,1,5.703782474656201,8.853808274977197,300.0,0.4782608695652174
2026-09-19 21:12:19,Hyderabad,Madhapur,17.4483,78.3915,548827,Ikka Dukka,Durgam Cheruvu,Madhapur,₹500 for two,North Indian|Chinese|Biryani|Tandoor|Kebabs|Desserts,4.2,3.1K+,36,1.7,True,False,70% OFF,UPTO ₹130,,329898,500.0,3100.0,percent,70.0,0.0,130.0,,,1,1,0,6,North Indian,1,6.214608098422191,8.03947991910045,500.0,0.8528138528138528
2026-09-19 21:12:19,Hyderabad,Miyapur,17.4968,78.3577,549032,La Pino'z Pizza,Madinaguda,Miyapur,₹400 for two,Pizzas|Pastas|Italian|Desserts|Beverages,3.9,6.2K+,36,3.0,True,False,ITEMS,AT ₹89,,4961,400.0,6200.0,item_price_point,0.0,0.0,,,89.0,1,24,1,5,Pizzas,1,5.991464547107982,8.732465848349879,400.0,0.696969696969697
2026-09-19 21:12:19,Chennai,Anna Nagar,13.085,80.2101,549855,Chinese Wok,10th Main Road,Annanagar,₹250 for two,Chinese|Asian|Tibetan|Desserts,4.3,4.3K+,25,0.4,True,False,70% OFF,UPTO ₹140,,61955,250.0,4300.0,percent,70.0,0.0,140.0,,,1,22,1,4,Chinese,1,5.521460917862246,8.366602832783736,250.0,0.24380165289256198
2026-09-19 21:12:19,Chennai,Anna Nagar,13.085,80.2101,550055,Big Bowl,10th Main Road,Annanagar,₹250 for two,Chinese|Tibetan|Desserts,4.3,3.6K+,23,0.4,True,False,70% OFF,UPTO ₹140,,434792,250.0,3600.0,percent,70.0,0.0,140.0,,,1,22,1,3,Chinese,1,5.521460917862246,8.188966863648876,250.0,0.24380165289256198
2026-09-19 21:12:19,Bengaluru,Whitefield,12.9698,77.75,550793,Bakingo,Hagdur Road,Whitefield,₹299 for two,Bakery|Desserts|Beverages|Snacks,4.6,7.4K+,26,0.7,True,False,ITEMS,AT ₹69,,3818,299.0,7400.0,item_price_point,0.0,0.0,,,69.0,1,39,1,4,Bakery,1,5.700443573390687,8.909370405197466,299.0,0.3932806324110672
2026-09-19 21:12:19,Mumbai,Chembur,19.0522,72.9005,550871,Sadak Chaap,Chembur,Chembur,₹300 for two,North Indian|Biryani|Tandoor|Punjabi|rolls|Mughlai|Kebabs,4.2,5.5K+,24,0.8,True,True,ITEMS,AT ₹190,,22110,300.0,5500.0,item_price_point,0.0,0.0,,,190.0,1,4,1,7,North Indian,1,5.703782474656201,8.612685172875459,300.0,0.4312267657992565
2026-09-19 21:12:19,Kolkata,New Town,22.58,88.46,551900,The Grill,Bishnupur,Rajarhat,₹400 for two,North Indian|Chinese|Biryani|Snacks,3.8,2.1K+,41,2.5,True,False,70% OFF,UPTO ₹140,,18486,400.0,2100.0,percent,70.0,0.0,140.0,,,1,1,0,4,North Indian,1,5.991464547107982,7.650168700845001,400.0,0.6938325991189427
2026-09-19 21:12:19,Chennai,Mylapore,13.0339,80.2698,552764,Baskin Robbins - Ice Cream Desserts,Demonte Road,santhome,₹250 for two,Desserts|Ice Cream,4.7,924,16,1.9,True,True,ITEMS,AT ₹15,,5588,250.0,924.0,item_price_point,0.0,0.0,,,15.0,1,59,1,2,Desserts,1,5.521460917862246,6.829793737512425,250.0,0.24380165289256198
2026-09-19 21:12:19,Mumbai,Thane West,19.2183,72.9781,554508,"Frozen Bottle - Milkshakes, Desserts And Ice Cream",Manpada,Thane,₹250 for two,Beverages|Ice Cream|Desserts,4.4,1.7K+,34,1.8,True,True,70% OFF,UPTO ₹140,,5655,250.0,1700.0,percent,70.0,0.0,140.0,,,1,12,1,3,Beverages,1,5.521460917862246,7.438971592395862,250.0,0.2695167286245353
2026-09-19 21:12:19,Chennai,Velachery,12.9756,80.2207,557740,Geetham Veg restaurant,Velachery,Velachery,₹250 for two,Indian,4.5,71K+,27,1.7,True,True,₹100 OFF,ABOVE ₹299,FLAT DEAL,335557,250.0,71000.0,flat,0.0,100.0,,299.0,,1,4,1,1,Indian,1,5.521460917862246,11.170449240431308,250.0,0.24380165289256198
2026-09-19 21:12:19,Chennai,OMR Thoraipakkam,12.94,80.234,558031,Geetham Veg restaurant,Thoraipakkam,Thoraipakkam,₹450 for two,South Indian|Sweets|Beverages,4.4,64K+,31,1.8,True,True,₹100 OFF,ABOVE ₹299,FLAT DEAL,335557,450.0,64000.0,flat,0.0,100.0,,299.0,,1,4,1,3,South Indian,1,6.1092475827643655,11.06665398721974,450.0,0.8615702479338843
2026-09-19 21:12:19,Chennai,Anna Nagar,13.085,80.2101,560029,PS4 Veg Restaurant (Perambur Sri Srinivasa),Mogappair,Mogappair,₹300 for two,Sweets|South Indian|Chinese|Juices|Chaat,4.5,17K+,35,4.8,True,True,20% OFF,UPTO ₹50,,560050,300.0,17000.0,percent,20.0,0.0,50.0,,,1,3,1,5,Sweets,1,5.703782474656201,9.741027444837728,300.0,0.4049586776859504
2026-09-19 21:12:19,Bengaluru,Hebbal,13.0358,77.597,560792,McDonald's,Ganganagar,RT Nagar,₹400 for two,Burgers|Beverages|Cafe|Desserts,4.1,8.5K+,34,1.6,True,False,ITEMS,AT ₹64,,630,400.0,8500.0,item_price_point,0.0,0.0,,,64.0,1,55,1,4,Burgers,1,5.991464547107982,9.04793908261736,400.0,0.7628458498023716
2026-09-19 21:12:19,Pune,Baner,18.559,73.7868,560795,McDonald's,Kalamkar Chowk,Baner,₹400 for two,Burgers|Beverages|Cafe|Desserts,4.3,8.7K+,17,2.0,True,False,ITEMS,AT ₹64,,630,400.0,8700.0,item_price_point,0.0,0.0,,,64.0,1,55,1,4,Burgers,1,5.991464547107982,9.071193240566025,400.0,0.7365145228215768
2026-09-19 21:12:19,Chennai,T. Nagar,13.0418,80.2341,561071,Taco Bell,Ashok Nagar,Ashok Nagar,₹300 for two,Mexican|Fast Food|Snacks,4.2,5.8K+,31,3.7,True,False,65% OFF,UPTO ₹125,,1557,300.0,5800.0,percent,65.0,0.0,125.0,,,1,20,1,3,Mexican,1,5.703782474656201,8.665785595466064,300.0,0.4049586776859504
2026-09-19 21:12:19,Pune,Camp,18.5158,73.8785,562873,Taco Bell,Prabhat Road,F.C. Road,₹300 for two,Mexican|Fast Food|Snacks,4.1,4.6K+,34,4.7,True,False,65% OFF,UPTO ₹125,,1557,300.0,4600.0,percent,65.0,0.0,125.0,,,2,20,1,3,Mexican,1,5.703782474656201,8.434028950155469,300.0,0.42323651452282157
2026-09-19 21:12:19,Pune,Wakad,18.5985,73.7625,562875,Taco Bell,Pimple Saudagar,Pimple Saudagar,₹300 for two,Mexican|Fast Food|Snacks,4.3,4.9K+,27,4.0,True,False,65% OFF,UPTO ₹125,,1557,300.0,4900.0,percent,65.0,0.0,125.0,,,1,20,1,3,Mexican,1,5.703782474656201,8.497194544909547,300.0,0.42323651452282157
2026-09-19 21:12:19,Mumbai,Lower Parel,18.996,72.8258,564336,Jeden-The Cake Expert,Ganpatrao Kadam Marg,Lower Parel,₹200 for two,Bakery|Desserts|Snacks,4.5,1.8K+,25,2.0,True,True,70% OFF,UPTO ₹140,,10782,200.0,1800.0,percent,70.0,0.0,140.0,,,1,3,1,3,Bakery,1,5.298317366548036,7.496097345175956,200.0,0.13382899628252787
2026-09-19 21:12:19,Mumbai,Powai,19.1176,72.906,564691,Sweet County Cake Shop,HIRANANDANI GARDENS,Powai,₹500 for two,Bakery|Cakes & Pastries,4.5,1.6K+,16,0.7,True,True,60% OFF,,FLAT DEAL,441853,500.0,1600.0,percent,60.0,0.0,,,,1,6,1,2,Bakery,1,6.214608098422191,7.3783837129967145,500.0,0.8921933085501859
2026-09-19 21:12:19,Mumbai,Borivali,19.2307,72.8567,564702,Sweet County Cake Shop,Borivali West,Borivali West,₹500 for two,Bakery|Cakes & Pastries,4.4,1.2K+,18,0.9,True,True,60% OFF,,FLAT DEAL,441853,500.0,1200.0,percent,60.0,0.0,,,,1,6,1,2,Bakery,1,6.214608098422191,7.0909098220799835,500.0,0.8921933085501859
2026-09-19 21:12:19,Pune,Baner,18.559,73.7868,565123,Burger King,Balewadi,Baner,₹350 for two,Burgers|American,4.1,15K+,17,2.8,True,False,ITEMS,AT ₹39,,166,350.0,15000.0,item_price_point,0.0,0.0,,,39.0,1,44,1,2,Burgers,1,5.857933154483459,9.61587214452889,350.0,0.549792531120332
2026-09-19 21:12:19,Hyderabad,Ameerpet,17.4374,78.4487,565286,Wendy's Burgers,Sanjeeva Reddy Nagar Rd,S R Nagar,₹200 for two,Burgers|Fast Food|wrap,4.2,7.4K+,35,2.7,True,False,ITEMS,AT ₹59,,972,200.0,7400.0,item_price_point,0.0,0.0,,,59.0,1,23,1,3,Burgers,1,5.298317366548036,8.909370405197466,200.0,0.09523809523809523
2026-09-19 21:12:19,Hyderabad,Kondapur,17.4615,78.3639,565288,Wendy's Burgers,Serilingampally,Gachibowli,₹200 for two,Burgers|Fast Food|wrap,4.3,5.1K+,33,3.0,True,False,70% OFF,UPTO ₹140,,972,200.0,5100.0,percent,70.0,0.0,140.0,,,2,23,1,3,Burgers,1,5.298317366548036,8.537191877922927,200.0,0.09523809523809523
2026-09-19 21:12:19,Kolkata,Shyambazar,22.599,88.37,565580,KFC,Sealdah,Esplanade,₹400 for two,Burgers|Fast Food|Rolls & Wraps,4.2,6.6K+,43,4.5,True,False,50% OFF,,FLAT DEAL,547,400.0,6600.0,percent,50.0,0.0,,,,1,58,1,3,Burgers,1,5.991464547107982,8.79497643168877,400.0,0.6938325991189427
2026-09-19 21:12:19,Chennai,Perambur,13.1143,80.233,567430,"Frozen Bottle - Milkshakes, Desserts And Ice Cream",Paper Mills Road,Sembium,₹250 for two,Beverages|Ice Cream|Desserts,3.8,1.6K+,19,0.5,True,True,ITEMS,AT ₹49,,5655,250.0,1600.0,item_price_point,0.0,0.0,,,49.0,1,12,1,3,Beverages,1,5.521460917862246,7.3783837129967145,250.0,0.24380165289256198
2026-09-19 21:12:19,Mumbai,Malad West,19.1868,72.8484,568234,Sweet County Cake Shop,Kandivali West,Kandivali West,₹500 for two,Bakery|Cakes & Pastries,4.4,1.6K+,41,5.0,True,True,60% OFF,,FLAT DEAL,441853,500.0,1600.0,percent,60.0,0.0,,,,1,6,1,2,Bakery,1,6.214608098422191,7.3783837129967145,500.0,0.8921933085501859
2026-09-19 21:12:19,Bengaluru,Electronic City,12.8452,77.6602,570510,Bakingo,Hulimangala Village,Anekal,₹299 for two,Bakery|Desserts|Beverages|Snacks,4.5,5.8K+,37,2.1,True,False,ITEMS,AT ₹69,,3818,299.0,5800.0,item_price_point,0.0,0.0,,,69.0,1,39,1,4,Bakery,1,5.700443573390687,8.665785595466064,299.0,0.3932806324110672
2026-09-19 21:12:19,Chennai,Perambur,13.1143,80.233,573354,Big Bowl,PAPER MILLS ROAD,Perambur,₹250 for two,Chinese|Tibetan|Desserts,4.2,4.0K+,19,0.8,True,False,70% OFF,UPTO ₹140,,434792,250.0,4000.0,percent,70.0,0.0,140.0,,,1,22,1,3,Chinese,1,5.521460917862246,8.294299608857235,250.0,0.24380165289256198
2026-09-19 21:12:19,Chennai,Perambur,13.1143,80.233,573360,Chinese Wok,PAPER MILLS ROAD,Perambur,₹250 for two,Chinese|Asian|Tibetan|Desserts,4.2,4.2K+,19,0.8,True,False,70% OFF,UPTO ₹140,,61955,250.0,4200.0,percent,70.0,0.0,140.0,,,1,22,1,4,Chinese,1,5.521460917862246,8.343077871169383,250.0,0.24380165289256198
2026-09-19 21:12:19,Kolkata,Shyambazar,22.599,88.37,573520,La Pino'z Pizza,Lake Town,Lake Town,₹300 for two,Pizzas|Pastas|Italian|Desserts|Beverages,4.2,10K+,39,4.1,True,False,70% OFF,UPTO ₹140,,4961,300.0,10000.0,percent,70.0,0.0,140.0,,,1,24,1,5,Pizzas,1,5.703782474656201,9.210440366976517,300.0,0.42290748898678415
2026-09-19 21:12:19,Delhi,Dwarka,28.5921,77.046,575281,Wendy's Burgers,Sector 12,Dwarka,₹200 for two,Burgers|Fast Food|wrap,4.2,3.3K+,24,0.5,True,False,ITEMS,AT ₹59,,972,200.0,3300.0,item_price_point,0.0,0.0,,,59.0,1,23,1,3,Burgers,1,5.298317366548036,8.101980731853192,200.0,0.08968609865470852
2026-09-19 21:12:19,Pune,Wakad,18.5985,73.7625,575285,Wendy's Burgers,Bhatewara nagar,Hinjawadi,₹200 for two,Burgers|Fast Food|wrap,4.3,5.2K+,22,4.0,True,False,ITEMS,AT ₹59,,972,200.0,5200.0,item_price_point,0.0,0.0,,,59.0,2,23,1,3,Burgers,1,5.298317366548036,8.556606193773073,200.0,0.12863070539419086
2026-09-19 21:12:19,Pune,Hadapsar,18.5089,73.926,575286,Wendy's Burgers,SADESATARA NALI,Hadapsar,₹200 for two,Burgers|Fast Food|wrap,4.3,4.6K+,27,3.5,True,False,ITEMS,AT ₹59,,972,200.0,4600.0,item_price_point,0.0,0.0,,,59.0,1,23,1,3,Burgers,1,5.298317366548036,8.434028950155469,200.0,0.12863070539419086
2026-09-19 21:12:19,Kolkata,Howrah,22.5958,88.2636,575605,Wow! Momo,Jagacha,Ramrajtala,₹300 for two,Momos|Chinese|fastfood|Asian|Beverages,4.6,5.2K+,55,5.7,True,False,ITEMS,AT ₹49,,1776,300.0,5200.0,item_price_point,0.0,0.0,,,49.0,1,22,1,5,Momos,1,5.703782474656201,8.556606193773073,300.0,0.42290748898678415
2026-09-19 21:12:19,Pune,Aundh,18.559,73.8077,576808,La Pino'z Pizza,Rahatani Road,Pimple Saudagar,₹500 for two,Pizzas|Pastas|Italian|Desserts|Beverages,3.9,5.3K+,33,6.5,True,False,ITEMS,AT ₹69,,4961,500.0,5300.0,item_price_point,0.0,0.0,,,69.0,2,24,1,5,Pizzas,1,6.214608098422191,8.575650760987806,500.0,0.9149377593360996
2026-09-19 21:12:19,Mumbai,Vashi,19.0771,72.9986,577562,NH1 Bowls - Highway To North,Karam Pura,Vashi,₹250 for two,North Indian|Punjabi|Home Food,4.7,824,25,1.2,True,False,ITEMS,AT ₹119,,22452,250.0,824.0,item_price_point,0.0,0.0,,,119.0,1,25,1,3,North Indian,1,5.521460917862246,6.715383386334681,250.0,0.2695167286245353
2026-09-19 21:12:19,Mumbai,Vashi,19.0771,72.9986,577563,ZAZA Mughal Biryani,Karam Pura,Vashi,₹250 for two,Biryani|North Indian|Awadhi,4.5,866,25,1.2,True,False,70% OFF,UPTO ₹140,,22473,250.0,866.0,percent,70.0,0.0,140.0,,,1,26,1,3,Biryani,1,5.521460917862246,6.7650389767805414,250.0,0.2695167286245353
2026-09-19 21:12:19,Hyderabad,Miyapur,17.4968,78.3577,577939,Burger King,Chandanagar Circle No 21,Miyapur,₹350 for two,Burgers|American,3.9,20K+,28,1.4,True,False,ITEMS,AT ₹39,,166,350.0,20000.0,item_price_point,0.0,0.0,,,39.0,1,44,1,2,Burgers,1,5.857933154483459,9.90353755128617,350.0,0.6060606060606061
2026-09-19 21:12:19,Mumbai,Powai,19.1176,72.906,578577,Bakingo-Cakes & Desserts,Powai,IIT main gate Powai,₹299 for two,Bakery|Desserts|Beverages|Snacks,4.5,3.7K+,21,1.8,True,False,ITEMS,AT ₹69,,3818,299.0,3700.0,item_price_point,0.0,0.0,,,69.0,1,39,1,4,Bakery,1,5.700443573390687,8.216358332386156,299.0,0.3643122676579926
2026-09-19 21:12:19,Mumbai,Andheri West,19.1364,72.8296,578578,Bakingo-Cakes & Desserts,Versova,R D P II Mhada,₹299 for two,Bakery|Desserts|Beverages|Snacks,4.5,2.3K+,21,1.1,True,False,ITEMS,AT ₹69,,3818,299.0,2300.0,item_price_point,0.0,0.0,,,69.0,1,39,1,4,Bakery,1,5.700443573390687,7.741099090035366,299.0,0.3643122676579926
2026-09-19 21:12:19,Mumbai,Thane West,19.2183,72.9781,578579,Bakingo-Cakes & Desserts,Dr Mascarenhas Road,Uthalsar,₹299 for two,Bakery|Desserts|Beverages|Snacks,4.6,5.7K+,28,1.9,True,False,ITEMS,AT ₹69,,3818,299.0,5700.0,item_price_point,0.0,0.0,,,69.0,1,39,1,4,Bakery,1,5.700443573390687,8.648396877031582,299.0,0.3643122676579926
2026-09-19 21:12:19,Mumbai,Vashi,19.0771,72.9986,578581,Bakingo-Cakes & Desserts,Keshav kunj bldg -1,Sector 30A,₹299 for two,Bakery|Desserts|Beverages|Snacks,4.6,5.2K+,18,2.5,True,False,ITEMS,AT ₹69,,3818,299.0,5200.0,item_price_point,0.0,0.0,,,69.0,1,39,1,4,Bakery,1,5.700443573390687,8.556606193773073,299.0,0.3643122676579926
2026-09-19 21:12:19,Mumbai,Malad West,19.1868,72.8484,579269,NH1 Bowls - Highway To North,Kanchpada,Malad West,₹250 for two,North Indian|Punjabi|Home Food,4.5,1.0K+,25,2.2,True,False,ITEMS,AT ₹119,,22452,250.0,1000.0,item_price_point,0.0,0.0,,,119.0,1,25,1,3,North Indian,1,5.521460917862246,6.90875477931522,250.0,0.2695167286245353
2026-09-19 21:12:19,Mumbai,Malad West,19.1868,72.8484,579270,ZAZA Mughal Biryani,Kanchpada,Malad West,₹250 for two,Biryani|North Indian|Awadhi,4.3,690,25,2.2,True,False,70% OFF,UPTO ₹140,,22473,250.0,690.0,percent,70.0,0.0,140.0,,,1,26,1,3,Biryani,1,5.521460917862246,6.53813982376767,250.0,0.2695167286245353
2026-09-19 21:12:19,Kolkata,Tollygunge,22.495,88.345,579704,Burger King,Alipore,Alipore,₹350 for two,Burgers|American,4.3,27K+,38,2.9,True,False,ITEMS,AT ₹39,,166,350.0,27000.0,item_price_point,0.0,0.0,,,39.0,1,44,1,2,Burgers,1,5.857933154483459,10.203629181337648,350.0,0.5550660792951542
2026-09-19 21:12:19,Kolkata,Dumdum,22.642,88.422,579705,Burger King,Dakshindari road,Lake Town,₹350 for two,Burgers|American,4.3,21K+,45,6.6,True,False,ITEMS,AT ₹39,,166,350.0,21000.0,item_price_point,0.0,0.0,,,39.0,1,44,1,2,Burgers,1,5.857933154483459,9.952325334619427,350.0,0.5550660792951542
2026-09-19 21:12:19,Bengaluru,Marathahalli,12.9591,77.6974,581367,Chaayos Chai+Snacks=Relax,Outer Ring Road,Kadubeesanahalli,₹250 for two,Beverages|Chaat|Bakery|Snacks|Street Food|healthy|Home Food|Maharashtrian|Italian|Desserts,4.3,2.9K+,36,3.0,True,False,51% OFF,,FLAT DEAL,281782,250.0,2900.0,percent,51.0,0.0,,,,1,16,1,10,Beverages,1,5.521460917862246,7.972810784121404,250.0,0.25296442687747034
2026-09-19 21:12:19,Mumbai,Powai,19.1176,72.906,583817,Starbucks Coffee,Powai,Powai,₹400 for two,Beverages|Cafe|Snacks|Desserts|Bakery|Ice Cream,4.6,1.6K+,18,0.4,True,False,₹85 OFF,ABOVE ₹199,FLAT DEAL,195515,400.0,1600.0,flat,0.0,85.0,,199.0,,1,6,1,6,Beverages,1,5.991464547107982,7.3783837129967145,400.0,0.7193308550185874
2026-09-19 21:12:19,Delhi,Janakpuri,28.6219,77.0878,585696,La Pino'z Pizza,Dwarka,Janakpuri,₹300 for two,Pizzas|Pastas|Italian|Desserts|Beverages,4.2,7.8K+,25,0.2,True,False,ITEMS,AT ₹59,,4961,300.0,7800.0,item_price_point,0.0,0.0,,,59.0,1,24,1,5,Pizzas,1,5.703782474656201,8.962007209588313,300.0,0.3991031390134529
2026-09-19 21:12:19,Mumbai,Malad West,19.1868,72.8484,586792,Cremure,Malad West,Malad West,₹200 for two,Bakery|Desserts|Waffle|Beverages,4.6,15K+,35,2.3,True,False,₹200 OFF,ABOVE ₹599,FLAT DEAL,351103,200.0,15000.0,flat,0.0,200.0,,599.0,,1,3,1,4,Bakery,1,5.298317366548036,9.61587214452889,200.0,0.13382899628252787
2026-09-19 21:12:19,Pune,Camp,18.5158,73.8785,587201,Varsha Bhel,Wanowrie,Wanowrie,₹200 for two,Street Food|Snacks|South Indian,4.4,2.0K+,25,3.9,True,True,ITEMS,AT ₹29,,356025,200.0,2000.0,item_price_point,0.0,0.0,,,29.0,1,1,0,3,Street Food,1,5.298317366548036,7.601402334583733,200.0,0.12863070539419086
2026-09-19 21:12:19,Bengaluru,Koramangala,12.9352,77.6245,588791,Goila Butter Chicken,CLUB ROAD,Koramangala,₹600 for two,North Indian|Biryani|Kebabs|Desserts,4.1,2.6K+,29,0.4,True,False,ITEMS,AT ₹149,,322587,600.0,2600.0,item_price_point,0.0,0.0,,,149.0,1,3,1,4,North Indian,1,6.396929655216146,7.8636512654486515,600.0,0.9683794466403162
2026-09-19 21:12:19,Pune,Baner,18.559,73.7868,589863,CakeZone Patisserie,Parkhe Mala,Blue Paradise,₹200 for two,Bakery|Desserts|Sweets|Ice Cream,4.2,3.7K+,21,1.4,True,False,70% OFF,UPTO ₹140,,7003,200.0,3700.0,percent,70.0,0.0,140.0,,,1,11,1,4,Bakery,1,5.298317366548036,8.216358332386156,200.0,0.12863070539419086
2026-09-19 21:12:19,Bengaluru,Jayanagar,12.925,77.5938,590119,Bakingo,1st  Stage,BTM Layout,₹299 for two,Bakery|Desserts|Beverages|Snacks,4.6,12K+,30,2.5,True,False,ITEMS,AT ₹69,,3818,299.0,12000.0,item_price_point,0.0,0.0,,,69.0,2,39,1,4,Bakery,1,5.700443573390687,9.392745258631441,299.0,0.3932806324110672
2026-09-19 21:12:19,Delhi,Vasant Kunj,28.52,77.1591,594617,BK Cafe,Chhatarpur,Chhatarpur,₹350 for two,Beverages|Cafe|Snacks,4.6,33,29,2.4,True,False,,,,166,350.0,33.0,none,0.0,0.0,,,,1,44,1,3,Beverages,0,5.857933154483459,3.5263605246161616,350.0,0.5381165919282511
2026-09-19 21:12:19,Delhi,Lajpat Nagar,28.5677,77.2433,594777,NH1 Bowls - Highway To North,K Block,Lajpat Nagar,₹250 for two,North Indian|Punjabi|Home Food,4.7,1.6K+,25,0.7,True,False,ITEMS,AT ₹119,,22452,250.0,1600.0,item_price_point,0.0,0.0,,,119.0,1,25,1,3,North Indian,1,5.521460917862246,7.3783837129967145,250.0,0.21973094170403587
2026-09-19 21:12:19,Delhi,Lajpat Nagar,28.5677,77.2433,594778,ZAZA Mughal Biryani,K Block,Lajpat Nagar,₹250 for two,Biryani|North Indian|Awadhi,4.7,1.3K+,25,0.7,True,False,70% OFF,UPTO ₹140,,22473,250.0,1300.0,percent,70.0,0.0,140.0,,,1,26,1,3,Biryani,1,5.521460917862246,7.170888478512505,250.0,0.21973094170403587
2026-09-19 21:12:19,Hyderabad,Gachibowli,17.4401,78.3489,594950,Biryani By Kilo,Sri Krishna Sanjay Commercial,Gachibowli,₹499 for two,Biryani|Hyderabadi|Kebabs|Mughlai|Desserts,4.0,10K+,34,1.9,True,False,ITEMS,AT ₹149,,130,499.0,10000.0,item_price_point,0.0,0.0,,,149.0,1,11,1,5,Biryani,1,6.212606095751519,9.210440366976517,499.0,0.8138528138528138
2026-09-19 21:12:19,Delhi,Vasant Kunj,28.52,77.1591,595237,Chinese Wok,Vasant Kunj,Vasant Kunj,₹250 for two,Chinese|Asian|Tibetan,4.2,3.2K+,32,0.8,True,False,70% OFF,UPTO ₹140,,61955,250.0,3200.0,percent,70.0,0.0,140.0,,,1,22,1,3,Chinese,1,5.521460917862246,8.071218539969863,250.0,0.21973094170403587
2026-09-19 21:12:19,Delhi,Vasant Kunj,28.52,77.1591,596682,Big Bowl,Sector B,Vasant Kunj,₹250 for two,Chinese,4.3,1.7K+,32,0.8,True,False,70% OFF,UPTO ₹140,,434792,250.0,1700.0,percent,70.0,0.0,140.0,,,1,22,1,1,Chinese,1,5.521460917862246,7.438971592395862,250.0,0.21973094170403587
2026-09-19 21:12:19,Kolkata,Dumdum,22.642,88.422,596861,Biryani By Kilo,Chinar Park,Baguihati,₹700 for two,Biryani|Hyderabadi|North Indian|Kebabs|Mughlai|Desserts,4.1,5.4K+,52,4.9,True,False,ITEMS,AT ₹149,,130,700.0,5400.0,item_price_point,0.0,0.0,,,149.0,1,11,1,6,Biryani,1,6.551080335043404,8.594339400592892,700.0,0.9691629955947136
2026-09-19 21:12:19,Bengaluru,Jayanagar,12.925,77.5938,597395,Taco Bell,4th Block,Jayanagar,₹300 for two,Mexican|Fast Food|Snacks,4.2,4.9K+,31,1.5,True,False,65% OFF,UPTO ₹125,,1557,300.0,4900.0,percent,65.0,0.0,125.0,,,1,20,1,3,Mexican,1,5.703782474656201,8.497194544909547,300.0,0.4782608695652174
2026-09-19 21:12:19,Mumbai,Lower Parel,18.996,72.8258,597743,Bakingo-Cakes & Desserts,Lamington road,Dreamland Cinema,₹299 for two,Bakery|Desserts|Beverages|Snacks,4.6,3.8K+,31,4.8,True,False,ITEMS,AT ₹69,,3818,299.0,3800.0,item_price_point,0.0,0.0,,,69.0,1,39,1,4,Bakery,1,5.700443573390687,8.24301946898925,299.0,0.3643122676579926
2026-09-19 21:12:19,Mumbai,Borivali,19.2307,72.8567,600668,Bakingo-Cakes & Desserts,NR Gokul Hotel Borivali West,Rokadi Apt CHS LTD,₹299 for two,Bakery|Desserts|Beverages|Snacks,4.6,3.6K+,22,1.2,True,False,ITEMS,AT ₹69,,3818,299.0,3600.0,item_price_point,0.0,0.0,,,69.0,1,39,1,4,Bakery,1,5.700443573390687,8.188966863648876,299.0,0.3643122676579926
2026-09-19 21:12:19,Mumbai,Bandra West,19.0596,72.8295,600670,Bakingo-Cakes & Desserts,Linking Road,Bandra West,₹299 for two,Bakery|Desserts|Beverages|Snacks,4.6,4.2K+,23,0.9,True,False,70% OFF,UPTO ₹140,,3818,299.0,4200.0,percent,70.0,0.0,140.0,,,1,39,1,4,Bakery,1,5.700443573390687,8.343077871169383,299.0,0.3643122676579926
2026-09-19 21:12:19,Delhi,Pitampura,28.6942,77.1317,602137,Big Bowl,Sector 7,Rohini,₹250 for two,Chinese|Tibetan|Desserts,4.1,1.2K+,27,2.4,True,False,70% OFF,UPTO ₹140,,434792,250.0,1200.0,percent,70.0,0.0,140.0,,,1,22,1,3,Chinese,1,5.521460917862246,7.0909098220799835,250.0,0.21973094170403587
2026-09-19 21:12:19,Kolkata,Behala,22.4989,88.318,602946,Wow! Chicken By Wow! Momo,Diamond Harbour Road,Diamond Harbour Road,₹300 for two,Burger|Biryani|American|fastfood,4.2,6.6K+,25,0.7,True,False,70% OFF,UPTO ₹140,,268366,300.0,6600.0,percent,70.0,0.0,140.0,,,1,2,0,4,Burger,1,5.703782474656201,8.79497643168877,300.0,0.42290748898678415
2026-09-19 21:12:19,Mumbai,Andheri West,19.1364,72.8296,603115,"UBQ-Meals,Thalis & Bowls",Veera Desai,Lokhandwala,₹300 for two,North Indian|Kebabs|Barbecue|Biryani|Street Food|Snacks,3.8,840,27,0.5,True,False,₹200 OFF,ABOVE ₹2999,FLAT DEAL,617376,300.0,840.0,flat,0.0,200.0,,2999.0,,1,3,1,6,North Indian,1,5.703782474656201,6.734591659972948,300.0,0.4312267657992565
2026-09-19 21:12:19,Hyderabad,Kondapur,17.4615,78.3639,603434,Goila Butter Chicken,Serilingampally,Gachibowli,₹600 for two,Biryani|Kebabs|Desserts,4.0,4.6K+,36,2.9,True,False,70% OFF,UPTO ₹140,,322587,600.0,4600.0,percent,70.0,0.0,140.0,,,2,3,1,3,Biryani,1,6.396929655216146,8.434028950155469,600.0,0.9069264069264069
2026-09-19 21:12:19,Delhi,Pitampura,28.6942,77.1317,603438,Chinese Wok,Sector 7,Rohini,₹250 for two,Chinese|Asian|Tibetan|Desserts,4.1,3.3K+,26,2.4,True,False,70% OFF,UPTO ₹140,,61955,250.0,3300.0,percent,70.0,0.0,140.0,,,1,22,1,4,Chinese,1,5.521460917862246,8.101980731853192,250.0,0.21973094170403587
2026-09-19 21:12:19,Delhi,Rohini,28.7495,77.0565,606510,Big Bowl,Sector 11,Rohini,₹250 for two,Chinese|Tibetan|Desserts,4.1,903,43,7.2,True,False,ITEMS,AT ₹109,,434792,250.0,903.0,item_price_point,0.0,0.0,,,109.0,1,22,1,3,Chinese,1,5.521460917862246,6.806829360392176,250.0,0.21973094170403587
2026-09-19 21:12:19,Delhi,Rohini,28.7495,77.0565,606512,Chinese Wok,Sector 11,Rohini,₹250 for two,Chinese|Asian|Tibetan|Desserts,4.1,2.6K+,42,7.2,True,False,ITEMS,AT ₹109,,61955,250.0,2600.0,item_price_point,0.0,0.0,,,109.0,1,22,1,4,Chinese,1,5.521460917862246,7.8636512654486515,250.0,0.21973094170403587
2026-09-19 21:12:19,Delhi,Mayur Vihar,28.6092,77.2952,608589,Pizza Hut,Mayur Vihar,Mayur Vihar,₹350 for two,Pizzas,4.1,3.4K+,23,0.5,True,False,50% OFF,,FLAT DEAL,721,350.0,3400.0,percent,50.0,0.0,,,,1,46,1,1,Pizzas,1,5.857933154483459,8.131824785007195,350.0,0.5381165919282511
2026-09-19 21:12:19,Hyderabad,Secunderabad,17.4399,78.4983,608719,Wow! China,Entrenchment Road,Marredpally,₹300 for two,Chinese|Asian|fastfood|Beverages|Snacks,4.0,2.5K+,33,1.7,True,False,70% OFF,UPTO ₹140,,226836,300.0,2500.0,percent,70.0,0.0,140.0,,,1,20,1,5,Chinese,1,5.703782474656201,7.824445930877619,300.0,0.48484848484848486
2026-09-19 21:12:19,Delhi,Connaught Place,28.6315,77.2167,611110,Domino's Pizza,Regal Building,Connaught Place,₹400 for two,Pizzas|Italian|Pastas|Desserts,4.6,2.0K+,25,0.5,True,False,50% OFF,,FLAT DEAL,2456,400.0,2000.0,percent,50.0,0.0,,,,1,51,1,4,Pizzas,1,5.991464547107982,7.601402334583733,400.0,0.7511210762331838
2026-09-19 21:12:19,Mumbai,Borivali,19.2307,72.8567,611682,Pizza Hut,Nirman heights,Borivali,₹350 for two,Pizzas,4.1,2.1K+,29,1.7,True,False,50% OFF,,FLAT DEAL,721,350.0,2100.0,percent,50.0,0.0,,,,1,46,1,1,Pizzas,1,5.857933154483459,7.650168700845001,350.0,0.5353159851301115
2026-09-19 21:12:19,Mumbai,Andheri West,19.1364,72.8296,612718,Tibb's Frankie,Shastri Nagar,Andheri West,₹200 for two,Rolls & Wraps|Fast Food|Snacks|Indian,4.1,920,24,0.3,True,False,ITEMS,AT ₹49,,216056,200.0,920.0,item_price_point,0.0,0.0,,,49.0,1,4,1,4,Rolls & Wraps,1,5.298317366548036,6.825460036255307,200.0,0.13382899628252787
2026-09-19 21:12:19,Kolkata,Howrah,22.5958,88.2636,612856,Pizza Hut,Howrah,Howrah,₹350 for two,Pizzas,4.3,2.3K+,78,9.3,True,False,50% OFF,,FLAT DEAL,721,350.0,2300.0,percent,50.0,0.0,,,,1,46,1,1,Pizzas,1,5.857933154483459,7.741099090035366,350.0,0.5550660792951542
2026-09-19 21:12:19,Chennai,Velachery,12.9756,80.2207,613347,Baskin Robbins - Ice Cream Desserts,kings circle,Keelkattalai,₹250 for two,Desserts|Ice Cream,4.7,1.9K+,29,6.6,True,True,ITEMS,AT ₹15,,5588,250.0,1900.0,item_price_point,0.0,0.0,,,15.0,2,59,1,2,Desserts,1,5.521460917862246,7.550135342488429,250.0,0.24380165289256198
2026-09-19 21:12:19,Pune,Kothrud,18.5074,73.8077,613996,Chinese Wok,Paud Road,Kothrud,₹250 for two,Chinese|Pan-Asian|Tibetan,4.4,4.6K+,27,2.0,True,False,70% OFF,UPTO ₹140,,61955,250.0,4600.0,percent,70.0,0.0,140.0,,,1,22,1,3,Chinese,1,5.521460917862246,8.434028950155469,250.0,0.2821576763485477
2026-09-19 21:12:19,Chennai,Nungambakkam,13.0569,80.2425,614538,NH1 Bowls - Highway To North,Nungabakkam,Nungambakkam,₹250 for two,Punjabi|Home Food,4.7,2.0K+,25,0.8,True,False,ITEMS,AT ₹119,,22452,250.0,2000.0,item_price_point,0.0,0.0,,,119.0,1,25,1,2,Punjabi,1,5.521460917862246,7.601402334583733,250.0,0.24380165289256198
2026-09-19 21:12:19,Chennai,Nungambakkam,13.0569,80.2425,614539,ZAZA Mughal Biryani,Nungabakkam,Nungambakkam,₹250 for two,Biryani|Awadhi,4.4,1.4K+,25,0.8,True,False,70% OFF,UPTO ₹140,,22473,250.0,1400.0,percent,70.0,0.0,140.0,,,1,26,1,2,Biryani,1,5.521460917862246,7.244941546337007,250.0,0.24380165289256198
2026-09-19 21:12:19,Delhi,Rohini,28.7495,77.0565,614570,Subway,Sector 10,Rohini,₹350 for two,sandwich|Salads|wrap|Healthy Food,4.1,3.2K+,39,6.8,True,False,ITEMS,AT ₹69,,2,350.0,3200.0,item_price_point,0.0,0.0,,,69.0,1,51,1,4,sandwich,1,5.857933154483459,8.071218539969863,350.0,0.5381165919282511
2026-09-19 21:12:19,Kolkata,New Town,22.58,88.46,614697,Hi Bao,Bidhannagar,Rajarhat,₹300 for two,Chinese|Korean|Asian|Beverages,4.2,689,28,,True,False,50% OFF,,FLAT DEAL,471022,300.0,689.0,percent,50.0,0.0,,,,1,1,0,4,Chinese,1,5.703782474656201,6.536691597591305,300.0,0.42290748898678415
2026-09-19 21:12:19,Mumbai,Borivali,19.2307,72.8567,618264,Starbucks Coffee,Borivali West,Borivali West,₹400 for two,Beverages|Cafe|Snacks|Desserts|Bakery|Ice Cream,4.4,629,23,0.5,True,False,₹85 OFF,ABOVE ₹199,FLAT DEAL,195515,400.0,629.0,flat,0.0,85.0,,199.0,,1,6,1,6,Beverages,1,5.991464547107982,6.4457198193855785,400.0,0.7193308550185874
2026-09-19 21:12:19,Kolkata,Park Street,22.553,88.352,618699,Baskin Robbins - Ice Cream Desserts,PARK STREET,Esplanade,₹250 for two,Desserts|Ice Cream,4.8,403,24,0.6,True,True,ITEMS,AT ₹15,,5588,250.0,403.0,item_price_point,0.0,0.0,,,15.0,1,59,1,2,Desserts,1,5.521460917862246,6.0014148779611505,250.0,0.2841409691629956
2026-09-19 21:12:19,Hyderabad,Miyapur,17.4968,78.3577,620829,Raju Gari Biryani,Chanda Nagar,Serilingampalle,₹500 for two,Biryani|North Indian|Snacks|Chinese|Mughlai,3.8,14K+,29,3.9,True,False,70% OFF,UPTO ₹140,,165947,500.0,14000.0,percent,70.0,0.0,140.0,,,1,6,1,5,Biryani,1,6.214608098422191,9.546884034617925,500.0,0.8528138528138528
2026-09-19 21:12:19,Chennai,Anna Nagar,13.085,80.2101,620977,Wow! Momo,Kancheepuram,Anna Nagar,₹300 for two,Momos|Chinese|fastfood|Asian|Beverages,4.1,2.3K+,22,1.0,True,False,70% OFF,UPTO ₹140,,1776,300.0,2300.0,percent,70.0,0.0,140.0,,,1,22,1,5,Momos,1,5.703782474656201,7.741099090035366,300.0,0.4049586776859504
2026-09-19 21:12:19,Mumbai,Borivali,19.2307,72.8567,621837,The Belgian Waffle Co.,Mangal Arambh,Borivali West,₹200 for two,Waffle|Desserts|Ice Cream|Beverages,4.4,1.2K+,30,1.3,True,True,30% OFF,UPTO ₹60,,2233,200.0,1200.0,percent,30.0,0.0,60.0,,,1,47,1,4,Waffle,1,5.298317366548036,7.0909098220799835,200.0,0.13382899628252787
2026-09-19 21:12:19,Mumbai,Vashi,19.0771,72.9986,621840,The Belgian Waffle Co.,Vashi,Sector 17,₹200 for two,Waffle|Desserts|Ice Cream|Beverages,4.3,1.8K+,23,0.7,True,True,30% OFF,UPTO ₹60,,2233,200.0,1800.0,percent,30.0,0.0,60.0,,,1,47,1,4,Waffle,1,5.298317366548036,7.496097345175956,200.0,0.13382899628252787
2026-09-19 21:12:19,Bengaluru,BTM Layout,12.9166,77.6101,622017,MOJO Pizza - 2X Toppings,BTM Layout,Btm 2nd Stage,₹250 for two,Pizzas|Italian|Fast Food|Desserts,4.6,1.4K+,25,0.9,True,False,ITEMS,AT ₹99,,11329,250.0,1400.0,item_price_point,0.0,0.0,,,99.0,1,21,1,4,Pizzas,1,5.521460917862246,7.244941546337007,250.0,0.25296442687747034
2026-09-19 21:12:19,Bengaluru,Electronic City,12.8452,77.6602,622021,MOJO Pizza - 2X Toppings,1st Phase,Electronic City,₹250 for two,Pizzas|Italian|Fast Food|Desserts,4.6,2.0K+,25,2.4,True,False,ITEMS,AT ₹99,,11329,250.0,2000.0,item_price_point,0.0,0.0,,,99.0,1,21,1,4,Pizzas,1,5.521460917862246,7.601402334583733,250.0,0.25296442687747034
2026-09-19 21:12:19,Bengaluru,Whitefield,12.9698,77.75,622029,MOJO Pizza - 2X Toppings,Kadugodi,Whitefield,₹250 for two,Pizzas|Italian|Fast Food|Desserts,4.6,2.1K+,25,0.3,True,False,ITEMS,AT ₹99,,11329,250.0,2100.0,item_price_point,0.0,0.0,,,99.0,1,21,1,4,Pizzas,1,5.521460917862246,7.650168700845001,250.0,0.25296442687747034
2026-09-19 21:12:19,Delhi,Saket,28.5245,77.2066,622044,MOJO Pizza - 2X Toppings,Malviya Nagar,Begumpur,₹250 for two,Pizzas|Italian|Fast Food|Desserts,4.4,970,25,2.4,True,False,ITEMS,AT ₹99,,11329,250.0,970.0,item_price_point,0.0,0.0,,,99.0,1,21,1,4,Pizzas,1,5.521460917862246,6.878326468291325,250.0,0.21973094170403587
2026-09-19 21:12:19,Mumbai,Chembur,19.0522,72.9005,622064,MOJO Pizza - 2X Toppings,Vanamali Tower,Chembur,₹250 for two,Pizzas|Italian|Fast Food|Desserts,4.4,1.2K+,25,1.4,True,False,ITEMS,AT ₹99,,11329,250.0,1200.0,item_price_point,0.0,0.0,,,99.0,1,21,1,4,Pizzas,1,5.521460917862246,7.0909098220799835,250.0,0.2695167286245353
2026-09-19 21:12:19,Pune,Baner,18.559,73.7868,622093,MOJO Pizza - 2X Toppings,Shroff suyash mall,Baner,₹250 for two,Pizzas|Italian|Fast Food|Desserts,4.4,1.3K+,25,1.4,True,False,ITEMS,AT ₹99,,11329,250.0,1300.0,item_price_point,0.0,0.0,,,99.0,1,21,1,4,Pizzas,1,5.521460917862246,7.170888478512505,250.0,0.2821576763485477
2026-09-19 21:12:19,Pune,Viman Nagar,18.5679,73.9143,622104,MOJO Pizza - 2X Toppings,Konark Industrial Estate,Viman Nagar,₹250 for two,Pizzas|Italian|Fast Food|Desserts,4.8,1.2K+,25,0.5,True,False,ITEMS,AT ₹99,,11329,250.0,1200.0,item_price_point,0.0,0.0,,,99.0,1,21,1,4,Pizzas,1,5.521460917862246,7.0909098220799835,250.0,0.2821576763485477
2026-09-19 21:12:19,Delhi,Janakpuri,28.6219,77.0878,622118,MOJO Pizza - 2X Toppings,Community Centre,Janakpuri,₹250 for two,Pizzas|Italian|Fast Food|Desserts,4.5,1.7K+,25,0.3,True,False,70% OFF,UPTO ₹140,,11329,250.0,1700.0,percent,70.0,0.0,140.0,,,1,21,1,4,Pizzas,1,5.521460917862246,7.438971592395862,250.0,0.21973094170403587
2026-09-19 21:12:19,Hyderabad,Kukatpally,17.4849,78.4138,622127,MOJO Pizza  2X Toppings,Kukatpally,Venkat Nagar Colony,₹250 for two,Pizzas|Italian|Fast Food|Desserts,4.4,2.1K+,25,2.0,True,False,ITEMS,AT ₹99,,11329,250.0,2100.0,item_price_point,0.0,0.0,,,99.0,1,21,1,4,Pizzas,1,5.521460917862246,7.650168700845001,250.0,0.25757575757575757
2026-09-19 21:12:19,Bengaluru,Hebbal,13.0358,77.597,622155,MOJO Pizza - 2X Toppings,Serviceman Colony,RT Nagar,₹250 for two,Pizzas|Italian|Fast Food|Desserts,4.3,2.0K+,25,2.4,True,False,ITEMS,AT ₹99,,11329,250.0,2000.0,item_price_point,0.0,0.0,,,99.0,1,21,1,4,Pizzas,1,5.521460917862246,7.601402334583733,250.0,0.25296442687747034
2026-09-19 21:12:19,Hyderabad,Begumpet,17.4435,78.4645,622157,MOJO Pizza - 2X Toppings,TARA TOWERS AMEERPET,Khairatabad Circle No.17,₹250 for two,Pizzas|Italian|Fast Food|Desserts,4.6,1.5K+,25,4.3,True,False,ITEMS,AT ₹99,,11329,250.0,1500.0,item_price_point,0.0,0.0,,,99.0,2,21,1,4,Pizzas,1,5.521460917862246,7.313886831633462,250.0,0.25757575757575757
2026-09-19 21:12:19,Hyderabad,Dilsukhnagar,17.3687,78.5247,622178,MOJO Pizza - 2X Toppings,Sri Nagar Colony,Dilsukhnagar,₹250 for two,Pizzas|Italian|Fast Food|Desserts,4.7,2.8K+,25,1.7,True,False,ITEMS,AT ₹99,,11329,250.0,2800.0,item_price_point,0.0,0.0,,,99.0,1,21,1,4,Pizzas,1,5.521460917862246,7.937731775260109,250.0,0.25757575757575757
2026-09-19 21:12:19,Hyderabad,Secunderabad,17.4399,78.4983,622188,MOJO Pizza - 2X Toppings,Circle No.29,SINDHI COLONY,₹250 for two,Pizzas|Italian|Fast Food|Desserts,4.6,1.1K+,25,2.3,True,False,70% OFF,UPTO ₹140,,11329,250.0,1100.0,percent,70.0,0.0,140.0,,,1,21,1,4,Pizzas,1,5.521460917862246,7.00397413672268,250.0,0.25757575757575757
2026-09-19 21:12:19,Hyderabad,Banjara Hills,17.4126,78.4392,622190,MOJO Pizza - 2X Toppings,Masab Tank,Khairatabad,₹250 for two,Pizzas|Italian|Fast Food|Desserts,4.5,2.0K+,25,2.9,True,False,ITEMS,AT ₹99,,11329,250.0,2000.0,item_price_point,0.0,0.0,,,99.0,1,21,1,4,Pizzas,1,5.521460917862246,7.601402334583733,250.0,0.25757575757575757
2026-09-19 21:12:19,Bengaluru,Malleshwaram,13.0035,77.5647,622194,MOJO Pizza - 2X Toppings,Race Course,Malleshwaram,₹250 for two,Pizzas|Italian|Fast Food|Desserts,4.2,772,25,2.5,True,False,ITEMS,AT ₹99,,11329,250.0,772.0,item_price_point,0.0,0.0,,,99.0,1,21,1,4,Pizzas,1,5.521460917862246,6.650279048587422,250.0,0.25296442687747034
2026-09-19 21:12:19,Mumbai,Malad West,19.1868,72.8484,622227,MOJO Pizza - 2X Toppings,Mumbai,Orlem,₹250 for two,Pizzas|Italian|Fast Food|Desserts,4.5,1.0K+,25,2.2,True,False,ITEMS,AT ₹99,,11329,250.0,1000.0,item_price_point,0.0,0.0,,,99.0,1,21,1,4,Pizzas,1,5.521460917862246,6.90875477931522,250.0,0.2695167286245353
2026-09-19 21:12:19,Hyderabad,Kukatpally,17.4849,78.4138,623059,Varalakshmi Tiffins,Aditya Nagar,Nizampet & Pragathi Nagar,₹300 for two,South Indian,4.4,20K+,32,4.3,True,True,ITEMS,AT ₹109,,6482,300.0,20000.0,item_price_point,0.0,0.0,,,109.0,1,2,0,1,South Indian,1,5.703782474656201,9.90353755128617,300.0,0.48484848484848486
2026-09-19 21:12:19,Chennai,Anna Nagar,13.085,80.2101,623723,Theobroma,Anna Nagar,Anna Nagar,₹400 for two,Bakery|Desserts,4.6,10K+,18,0.6,True,False,ITEMS,AT ₹37,,1040,400.0,10000.0,item_price_point,0.0,0.0,,,37.0,1,44,1,2,Bakery,1,5.991464547107982,9.210440366976517,400.0,0.7396694214876033
2026-09-19 21:12:19,Chennai,T. Nagar,13.0418,80.2341,623724,Theobroma,Nungambakkam,Nungambakkam,₹400 for two,Bakery|Desserts,4.5,8.8K+,22,2.7,True,False,ITEMS,AT ₹37,,1040,400.0,8800.0,item_price_point,0.0,0.0,,,37.0,2,44,1,2,Bakery,1,5.991464547107982,9.082620630373812,400.0,0.7396694214876033
2026-09-19 21:12:19,Pune,Hadapsar,18.5089,73.926,623917,Tasty Punjab Salunke Vihar,Kedari Nagar,Magarpatta,₹200 for two,North Indian|Biryani|Chinese|Punjabi|Tandoor|Thalis|Street Food,3.9,3.0K+,23,1.5,True,False,70% OFF,UPTO ₹140,,371085,200.0,3000.0,percent,70.0,0.0,140.0,,,1,1,0,7,North Indian,1,5.298317366548036,8.006700845440367,200.0,0.12863070539419086
2026-09-19 21:12:19,Pune,Koregaon Park,18.5362,73.8939,625864,Taco Bell,Vascon Mariplex Mall,Kalyani Nagar,₹300 for two,Mexican|Fast Food|Snacks,4.2,3.2K+,27,2.2,True,False,65% OFF,UPTO ₹125,,1557,300.0,3200.0,percent,65.0,0.0,125.0,,,1,20,1,3,Mexican,1,5.703782474656201,8.071218539969863,300.0,0.42323651452282157
2026-09-19 21:12:19,Delhi,Connaught Place,28.6315,77.2167,626148,La Pino'z Pizza,Salt Lake,Karol Bagh,₹400 for two,Pizzas|Pastas|Italian|Desserts|Beverages,4.0,13K+,35,4.7,True,False,50% OFF,,FLAT DEAL,4961,400.0,13000.0,percent,50.0,0.0,,,,2,24,1,5,Pizzas,1,5.991464547107982,9.472781556562168,400.0,0.7511210762331838
2026-09-19 21:12:19,Hyderabad,Secunderabad,17.4399,78.4983,626811,Paradise Biryani,New Boiguda,Padmarao Nagar,₹400 for two,Biryani|Kebabs|Desserts|Beverages|Haleem,4.2,11K+,28,1.9,True,False,ITEMS,AT ₹37,,700,400.0,11000.0,item_price_point,0.0,0.0,,,37.0,1,3,1,5,Biryani,1,5.991464547107982,9.305741456739435,400.0,0.696969696969697
2026-09-19 21:12:19,Mumbai,Powai,19.1176,72.906,626918,Deliure & The Eatrium,veer sawarkar marg,Vikhroli West,₹300 for two,Desserts|Bakery|Snacks|Chaat,4.6,11K+,18,1.6,True,True,ITEMS,AT ₹115,,70641,300.0,11000.0,item_price_point,0.0,0.0,,,115.0,1,5,1,4,Desserts,1,5.703782474656201,9.305741456739435,300.0,0.4312267657992565
2026-09-19 21:12:19,Mumbai,Chembur,19.0522,72.9005,627565,Sweet County Cake Shop,Pant Nagar,Ghatkopar East,₹200 for two,Bakery|Cakes & Pastries,4.5,3.3K+,33,4.1,True,True,60% OFF,,FLAT DEAL,441853,200.0,3300.0,percent,60.0,0.0,,,,1,6,1,2,Bakery,1,5.298317366548036,8.101980731853192,200.0,0.13382899628252787
2026-09-19 21:12:19,Mumbai,Malad West,19.1868,72.8484,627792,The Green Door,Goregaon West,Goregaon West,₹400 for two,Continental|Chinese|Indian,4.3,764,35,2.5,True,False,₹40 OFF,ABOVE ₹349,FLAT DEAL,236570,400.0,764.0,flat,0.0,40.0,,349.0,,1,1,0,3,Continental,1,5.991464547107982,6.639875833826536,400.0,0.7193308550185874
2026-09-19 21:12:19,Chennai,T. Nagar,13.0418,80.2341,631166,Mani's Dum Biryani,Ashok Nagar,Ashok Nagar,₹500 for two,Andhra|Biryani,4.6,18K+,25,3.0,True,False,ITEMS,AT ₹40,,623,500.0,18000.0,item_price_point,0.0,0.0,,,40.0,1,9,1,2,Andhra,1,6.214608098422191,9.798182590890704,500.0,0.9070247933884298
2026-09-19 21:12:19,Pune,Wakad,18.5985,73.7625,633136,Yokoso - The Bake House,Kaspate Wasti,Wakad,₹200 for two,Bakery|Desserts|Snacks,4.3,1.1K+,15,1.3,True,False,ITEMS,AT ₹97,,379648,200.0,1100.0,item_price_point,0.0,0.0,,,97.0,1,1,0,3,Bakery,1,5.298317366548036,7.00397413672268,200.0,0.12863070539419086
2026-09-19 21:12:19,Chennai,Anna Nagar,13.085,80.2101,633146,Wow! China,Railway Colony,Aminjikarai,₹300 for two,Chinese|Asian|fastfood|Beverages|Snacks,3.8,2.3K+,30,3.0,True,False,70% OFF,UPTO ₹140,,226836,300.0,2300.0,percent,70.0,0.0,140.0,,,1,20,1,5,Chinese,1,5.703782474656201,7.741099090035366,300.0,0.4049586776859504
2026-09-19 21:12:19,Mumbai,Thane West,19.2183,72.9781,634143,Subway,KOLSHET ROAD,Thane,₹350 for two,sandwich|Salads|wrap|Healthy Food,4.3,5.5K+,29,2.3,True,False,ITEMS,AT ₹69,,2,350.0,5500.0,item_price_point,0.0,0.0,,,69.0,1,51,1,4,sandwich,1,5.857933154483459,8.612685172875459,350.0,0.5353159851301115
2026-09-19 21:12:19,Pune,Kothrud,18.5074,73.8077,634272,Subway,Karve Road,Paud Road Kothrud,₹350 for two,sandwich|Salads|wrap|Healthy Food,4.4,5.8K+,12,0.4,True,False,ITEMS,AT ₹69,,2,350.0,5800.0,item_price_point,0.0,0.0,,,69.0,1,51,1,4,sandwich,1,5.857933154483459,8.665785595466064,350.0,0.549792531120332
2026-09-19 21:12:19,Hyderabad,Kondapur,17.4615,78.3639,634470,Chaayos Chai+Snacks=Relax,APHB Colony,Gachibowli,₹250 for two,Beverages|Chaat|Bakery|Snacks|Street Food|healthy|Home Food|Maharashtrian|Italian|Desserts,4.5,6.0K+,31,2.6,True,False,51% OFF,,FLAT DEAL,281782,250.0,6000.0,percent,51.0,0.0,,,,1,16,1,10,Beverages,1,5.521460917862246,8.699681400989514,250.0,0.25757575757575757
2026-09-19 21:12:19,Mumbai,Borivali,19.2307,72.8567,635223,Libon The Cake Expert,Borivali East,Borivali,₹300 for two,Cakes & Pastries|Bakery|Desserts|Snacks,4.2,3.5K+,17,0.9,True,True,70% OFF,UPTO ₹140,,249486,300.0,3500.0,percent,70.0,0.0,140.0,,,1,1,0,4,Cakes & Pastries,1,5.703782474656201,8.160803920954665,300.0,0.4312267657992565
2026-09-19 21:12:19,Pune,Kothrud,18.5074,73.8077,635860,Baskin Robbins - Ice Cream Desserts,Karve Road,Kothrud,₹250 for two,Desserts|Ice Cream,4.6,664,16,1.2,True,True,ITEMS,AT ₹15,,5588,250.0,664.0,item_price_point,0.0,0.0,,,15.0,1,59,1,2,Desserts,1,5.521460917862246,6.499787040655854,250.0,0.2821576763485477
2026-09-19 21:12:19,Chennai,Tambaram,12.9249,80.1,636367,Big Bowl,MUDICHUR ROAD,TAMBARAM,₹250 for two,Chinese|Tibetan|Desserts,4.3,1.9K+,23,1.2,True,False,70% OFF,UPTO ₹140,,434792,250.0,1900.0,percent,70.0,0.0,140.0,,,1,22,1,3,Chinese,1,5.521460917862246,7.550135342488429,250.0,0.24380165289256198
2026-09-19 21:12:19,Mumbai,Powai,19.1176,72.906,636524,The Belgian Waffle Co.,HIRANANDANI GARDENS,POWAI,₹200 for two,Waffle|Desserts|Ice Cream|Beverages,4.5,2.5K+,20,0.5,True,True,30% OFF,UPTO ₹60,,2233,200.0,2500.0,percent,30.0,0.0,60.0,,,1,47,1,4,Waffle,1,5.298317366548036,7.824445930877619,200.0,0.13382899628252787
2026-09-19 21:12:19,Delhi,Mayur Vihar,28.6092,77.2952,636890,Chinese Wok,1st Phase,Mayur Vihar,₹250 for two,Chinese|Asian|Tibetan|Desserts,4.2,3.0K+,28,2.3,True,False,70% OFF,UPTO ₹140,,61955,250.0,3000.0,percent,70.0,0.0,140.0,,,1,22,1,4,Chinese,1,5.521460917862246,8.006700845440367,250.0,0.21973094170403587
2026-09-19 21:12:19,Delhi,Mayur Vihar,28.6092,77.2952,636891,Big Bowl,1st Phase,Mayur Vihar,₹250 for two,Chinese|Tibetan|Desserts,4.1,1.5K+,25,2.3,True,False,70% OFF,UPTO ₹140,,434792,250.0,1500.0,percent,70.0,0.0,140.0,,,1,22,1,3,Chinese,1,5.521460917862246,7.313886831633462,250.0,0.21973094170403587
2026-09-19 21:12:19,Delhi,Mayur Vihar,28.6092,77.2952,637739,La Pino'z Pizza,1St Phase,Mayur Vihar Phase - 1,₹400 for two,Pizzas|Pastas|Italian|Desserts|Beverages,3.7,5.4K+,20,0.7,True,False,50% OFF,,FLAT DEAL,4961,400.0,5400.0,percent,50.0,0.0,,,,1,24,1,5,Pizzas,1,5.991464547107982,8.594339400592892,400.0,0.7511210762331838
2026-09-19 21:12:19,Kolkata,Park Street,22.553,88.352,639433,Dum Safar Biryani,Park Center Building,PARK STREET,₹500 for two,Biryani|Hyderabadi|Kebabs|North Indian|barbeque,4.2,769,28,0.7,True,False,ITEMS,AT ₹149,,351013,500.0,769.0,item_price_point,0.0,0.0,,,149.0,1,6,1,5,Biryani,1,6.214608098422191,6.646390514847729,500.0,0.8744493392070485
2026-09-19 21:12:19,Hyderabad,Banjara Hills,17.4126,78.4392,639473,Dum Safar Biryani,ANR Center,BANJARA HILL,₹500 for two,Biryani|Hyderabadi|Kebabs|North Indian|barbeque,4.0,1.1K+,36,2.7,True,False,ITEMS,AT ₹149,,351013,500.0,1100.0,item_price_point,0.0,0.0,,,149.0,1,6,1,5,Biryani,1,6.214608098422191,7.00397413672268,500.0,0.8528138528138528
2026-09-19 21:12:19,Hyderabad,Dilsukhnagar,17.3687,78.5247,639489,Dum Safar Biryani,Doctors Colony,KOTHAPET,₹500 for two,Biryani|Hyderabadi|Kebabs|North Indian|barbeque,3.6,1.0K+,32,3.5,True,False,ITEMS,AT ₹149,,351013,500.0,1000.0,item_price_point,0.0,0.0,,,149.0,1,6,1,5,Biryani,1,6.214608098422191,6.90875477931522,500.0,0.8528138528138528
2026-09-19 21:12:19,Hyderabad,Kondapur,17.4615,78.3639,639490,Dum Safar Biryani,SRI MYTHRI SQUARE,KONDAPUR,₹500 for two,Biryani|Hyderabadi|Kebabs|North Indian|barbeque,3.8,2.0K+,30,1.4,True,False,ITEMS,AT ₹149,,351013,500.0,2000.0,item_price_point,0.0,0.0,,,149.0,1,6,1,5,Biryani,1,6.214608098422191,7.601402334583733,500.0,0.8528138528138528
2026-09-19 21:12:19,Mumbai,Andheri West,19.1364,72.8296,639525,Dum Safar Biryani,Andheri West,FUN REPUBLIC MALL,₹500 for two,Biryani|Hyderabadi|Kebabs|North Indian|barbeque,3.6,913,29,0.5,True,False,ITEMS,AT ₹149,,351013,500.0,913.0,item_price_point,0.0,0.0,,,149.0,1,6,1,5,Biryani,1,6.214608098422191,6.81783057145415,500.0,0.8921933085501859
2026-09-19 21:12:19,Hyderabad,Madhapur,17.4483,78.3915,643320,Magnolia Bakery,Jubilee Hills,Jubilee Hills,₹500 for two,Bakery|Desserts,4.5,9.2K+,34,3.0,True,False,70% OFF,UPTO ₹140,,267303,500.0,9200.0,percent,70.0,0.0,140.0,,,1,2,0,2,Bakery,1,6.214608098422191,9.127067452782361,500.0,0.8528138528138528
2026-09-19 21:12:19,Bengaluru,BTM Layout,12.9166,77.6101,643652,"WeFit - Protein Bowls, Salads & Sandwiches",16TH MAIN,BTM,₹250 for two,Healthy Food|Salads|Keto|Snacks,4.8,1.0K+,25,0.9,True,False,ITEMS,AT ₹119,,355285,250.0,1000.0,item_price_point,0.0,0.0,,,119.0,1,22,1,4,Healthy Food,1,5.521460917862246,6.90875477931522,250.0,0.25296442687747034
2026-09-19 21:12:19,Bengaluru,Electronic City,12.8452,77.6602,643656,"WeFit - Protein Bowls, Salads & Sandwiches",Doddathogur,Electronic City Phase 1,₹250 for two,Healthy Food|Salads|Keto|Snacks,4.7,1.1K+,25,2.4,True,False,ITEMS,AT ₹119,,355285,250.0,1100.0,item_price_point,0.0,0.0,,,119.0,1,22,1,4,Healthy Food,1,5.521460917862246,7.00397413672268,250.0,0.25296442687747034
2026-09-19 21:12:19,Bengaluru,HSR Layout,12.9116,77.6446,643660,"WeFit - Protein Bowls, Salads & Sandwiches",BDA Layout,HSR Layout,₹250 for two,Healthy Food|Salads|Keto|Snacks,4.8,1.8K+,25,1.0,True,False,ITEMS,AT ₹119,,355285,250.0,1800.0,item_price_point,0.0,0.0,,,119.0,1,22,1,4,Healthy Food,1,5.521460917862246,7.496097345175956,250.0,0.25296442687747034
2026-09-19 21:12:19,Bengaluru,Indiranagar,12.9784,77.6408,643661,"WeFit - Protein Bowls, Salads & Sandwiches",Indira Nagar,Smart Avenue,₹250 for two,Healthy Food|Salads|Keto|Snacks,4.5,659,25,0.9,True,False,ITEMS,AT ₹119,,355285,250.0,659.0,item_price_point,0.0,0.0,,,119.0,1,22,1,4,Healthy Food,1,5.521460917862246,6.492239835020471,250.0,0.25296442687747034
2026-09-19 21:12:19,Bengaluru,Whitefield,12.9698,77.75,643664,"WeFit - Protein Bowls, Salads & Sandwiches",Whitefield Main Road,Sathya Sai Layout,₹250 for two,Healthy Food|Salads|Keto|Snacks,4.7,1.2K+,25,0.3,True,False,ITEMS,AT ₹119,,355285,250.0,1200.0,item_price_point,0.0,0.0,,,119.0,1,22,1,4,Healthy Food,1,5.521460917862246,7.0909098220799835,250.0,0.25296442687747034
2026-09-19 21:12:19,Mumbai,Chembur,19.0522,72.9005,643699,"WeFit - Protein Bowls, Salads & Sandwiches",Vanamali Tower,Chembur,₹250 for two,Healthy Food|Salads|Keto|Snacks,4.4,652,25,1.4,True,False,ITEMS,AT ₹119,,355285,250.0,652.0,item_price_point,0.0,0.0,,,119.0,1,22,1,4,Healthy Food,1,5.521460917862246,6.481577129276431,250.0,0.2695167286245353
2026-09-19 21:12:19,Pune,Baner,18.559,73.7868,643726,"WeFit - Protein Bowls, Salads & Sandwiches",Shroff suyash mall,Vashi,₹250 for two,Healthy Food|Salads|Keto|Snacks,4.6,933,25,1.4,True,False,ITEMS,AT ₹119,,355285,250.0,933.0,item_price_point,0.0,0.0,,,119.0,1,22,1,4,Healthy Food,1,5.521460917862246,6.839476438228843,250.0,0.2821576763485477
2026-09-19 21:12:19,Pune,Viman Nagar,18.5679,73.9143,643737,"WeFit - Protein Bowls, Salads & Sandwiches",Konark Industrial Estate,Dhankawadi,₹250 for two,Healthy Food|Salads|Keto|Snacks,4.8,984,25,0.5,True,False,ITEMS,AT ₹119,,355285,250.0,984.0,item_price_point,0.0,0.0,,,119.0,1,22,1,4,Healthy Food,1,5.521460917862246,6.892641641172089,250.0,0.2821576763485477
2026-09-19 21:12:19,Delhi,Janakpuri,28.6219,77.0878,643751,"WeFit - Protein Bowls, Salads & Sandwiches",West Delhi,Janakpuri,₹250 for two,Healthy Food|Salads|Keto|Snacks,4.7,1.0K+,25,0.3,True,False,ITEMS,AT ₹119,,355285,250.0,1000.0,item_price_point,0.0,0.0,,,119.0,1,22,1,4,Healthy Food,1,5.521460917862246,6.90875477931522,250.0,0.21973094170403587
2026-09-19 21:12:19,Pune,Aundh,18.559,73.8077,643754,"WeFit - Protein Bowls, Salads & Sandwiches",Bhakti Plaza,Aundh,₹250 for two,Healthy Food|Salads|Keto|Snacks,4.4,833,25,1.1,True,False,ITEMS,AT ₹119,,355285,250.0,833.0,item_price_point,0.0,0.0,,,119.0,1,22,1,4,Healthy Food,1,5.521460917862246,6.726233402358747,250.0,0.2821576763485477
2026-09-19 21:12:19,Hyderabad,Kukatpally,17.4849,78.4138,643760,"WeFit  Protein Bowls, Salads & Sandwiches",A S RAJU NAGAR,Kukatpally,₹250 for two,Healthy Food|Salads|Keto|Snacks,4.5,1.7K+,25,2.0,True,False,ITEMS,AT ₹119,,355285,250.0,1700.0,item_price_point,0.0,0.0,,,119.0,1,22,1,4,Healthy Food,1,5.521460917862246,7.438971592395862,250.0,0.25757575757575757
2026-09-19 21:12:19,Bengaluru,Hebbal,13.0358,77.597,643787,"WeFit - Protein Bowls, Salads & Sandwiches",R T Nagar,Hebbala,₹250 for two,Healthy Food|Salads|Keto|Snacks,4.5,714,25,2.4,True,False,ITEMS,AT ₹119,,355285,250.0,714.0,item_price_point,0.0,0.0,,,119.0,1,22,1,4,Healthy Food,1,5.521460917862246,6.5722825426940075,250.0,0.25296442687747034
2026-09-19 21:12:19,Hyderabad,Begumpet,17.4435,78.4645,643789,"WeFit - Protein Bowls, Salads & Sandwiches",TARA TOWERS AMEERPET,Khairatabad Circle No.17,₹250 for two,Healthy Food|Salads|Keto|Snacks,4.7,2.0K+,25,4.3,True,False,ITEMS,AT ₹119,,355285,250.0,2000.0,item_price_point,0.0,0.0,,,119.0,2,22,1,4,Healthy Food,1,5.521460917862246,7.601402334583733,250.0,0.25757575757575757
2026-09-19 21:12:19,Hyderabad,Dilsukhnagar,17.3687,78.5247,643809,"WeFit - Protein Bowls, Salads & Sandwiches",Sri Nagar Colony,Dilsukhnagar,₹250 for two,Healthy Food|Salads|Keto|Snacks,4.7,3.4K+,25,1.7,True,False,ITEMS,AT ₹119,,355285,250.0,3400.0,item_price_point,0.0,0.0,,,119.0,1,22,1,4,Healthy Food,1,5.521460917862246,8.131824785007195,250.0,0.25757575757575757
2026-09-19 21:12:19,Hyderabad,Secunderabad,17.4399,78.4983,643818,"WeFit - Protein Bowls, Salads & Sandwiches",Circle No.29,SINDHI COLONY,₹250 for two,Healthy Food|Salads|Keto|Snacks,4.7,1.9K+,25,2.3,True,False,ITEMS,AT ₹119,,355285,250.0,1900.0,item_price_point,0.0,0.0,,,119.0,1,22,1,4,Healthy Food,1,5.521460917862246,7.550135342488429,250.0,0.25757575757575757
2026-09-19 21:12:19,Hyderabad,Banjara Hills,17.4126,78.4392,643820,"WeFit - Protein Bowls, Salads & Sandwiches",Vaibhav Nagar,Khairtabad,₹250 for two,Healthy Food|Salads|Keto|Snacks,4.6,1.9K+,25,2.9,True,False,ITEMS,AT ₹119,,355285,250.0,1900.0,item_price_point,0.0,0.0,,,119.0,1,22,1,4,Healthy Food,1,5.521460917862246,7.550135342488429,250.0,0.25757575757575757
2026-09-19 21:12:19,Bengaluru,Malleshwaram,13.0035,77.5647,643824,"WeFit - Protein Bowls, Salads & Sandwiches",LINGAIAH ROAD,SESHADRIPURAM,₹250 for two,Healthy Food|Salads|Keto|Snacks,4.5,925,25,2.5,True,False,ITEMS,AT ₹119,,355285,250.0,925.0,item_price_point,0.0,0.0,,,119.0,1,22,1,4,Healthy Food,1,5.521460917862246,6.8308742346461795,250.0,0.25296442687747034
2026-09-19 21:12:19,Mumbai,Malad West,19.1868,72.8484,643856,"WeFit - Protein Bowls, Salads & Sandwiches",Mumbai,Malad West,₹250 for two,Healthy Food|Salads|Keto|Snacks,4.6,707,25,2.2,True,False,ITEMS,AT ₹119,,355285,250.0,707.0,item_price_point,0.0,0.0,,,119.0,1,22,1,4,Healthy Food,1,5.521460917862246,6.56244409369372,250.0,0.2695167286245353
2026-09-19 21:12:19,Delhi,Lajpat Nagar,28.5677,77.2433,643863,"WeFit - Protein Bowls, Salads & Sandwiches",Lajpat Nagar-II,Lajpat Nagar,₹250 for two,Healthy Food|Salads|Keto|Snacks,4.7,934,25,0.7,True,False,ITEMS,AT ₹119,,355285,250.0,934.0,item_price_point,0.0,0.0,,,119.0,1,22,1,4,Healthy Food,1,5.521460917862246,6.840546529288687,250.0,0.21973094170403587
2026-09-19 21:12:19,Mumbai,Chembur,19.0522,72.9005,646672,Bakingo-Cakes & Desserts,Chembur,Anwar Compound,₹300 for two,Bakery|Desserts|Beverages|Snacks,4.6,3.9K+,16,0.9,True,False,ITEMS,AT ₹69,,3818,300.0,3900.0,item_price_point,0.0,0.0,,,69.0,1,39,1,4,Bakery,1,5.703782474656201,8.268988209506656,300.0,0.4312267657992565
2026-09-19 21:12:19,Hyderabad,Kondapur,17.4615,78.3639,647348,Louis Burger,Kondapur,Gachibowli,₹600 for two,Burgers|American|Fast Food,3.9,12K+,35,2.1,True,False,70% OFF,UPTO ₹130,,22485,600.0,12000.0,percent,70.0,0.0,130.0,,,1,5,1,3,Burgers,1,6.396929655216146,9.392745258631441,600.0,0.9069264069264069
2026-09-19 21:12:19,Hyderabad,Banjara Hills,17.4126,78.4392,647349,Louis Burger,Mithila Nagar Colony,Banjara Hills,₹600 for two,Burgers|American|Fast Food,4.0,6.8K+,25,1.3,True,False,50% OFF,,FLAT DEAL,22485,600.0,6800.0,percent,50.0,0.0,,,,1,5,1,3,Burgers,1,6.396929655216146,8.824824939175638,600.0,0.9069264069264069
2026-09-19 21:12:19,Kolkata,Behala,22.4989,88.318,650407,KFC,Alipore,New Alipore,₹400 for two,Burgers|Fast Food|Rolls & Wraps,4.2,9.4K+,33,2.0,True,False,50% OFF,,FLAT DEAL,547,400.0,9400.0,percent,50.0,0.0,,,,1,58,1,3,Burgers,1,5.991464547107982,9.148571345578551,400.0,0.6938325991189427
2026-09-19 21:12:19,Mumbai,Lower Parel,18.996,72.8258,650855,"House of Biryan- Biryani, Kepsa and More (HOB)",Maulana Azad Road,Byculla,₹500 for two,Biryani|Kebabs|Rolls|North Indian|Mughlai|Indian|Hyderabadi|Tandoor|Desserts|Beverages,4.2,4.6K+,30,2.5,True,False,50% OFF,,FLAT DEAL,788613,500.0,4600.0,percent,50.0,0.0,,,,1,5,1,10,Biryani,1,6.214608098422191,8.434028950155469,500.0,0.8921933085501859
2026-09-19 21:12:19,Pune,Viman Nagar,18.5679,73.9143,651013,Pizza Hut,Lohegaon,Viman Nagar,₹350 for two,Pizzas,4.2,2.6K+,27,2.8,True,False,50% OFF,,FLAT DEAL,721,350.0,2600.0,percent,50.0,0.0,,,,1,46,1,1,Pizzas,1,5.857933154483459,7.8636512654486515,350.0,0.549792531120332
2026-09-19 21:12:19,Chennai,OMR Thoraipakkam,12.94,80.234,651748,Taco Bell,RAJIV GANDHI SALAI,Karapakkam,₹300 for two,Mexican|Fast Food|Snacks,4.2,4.6K+,20,3.0,True,False,65% OFF,UPTO ₹125,,1557,300.0,4600.0,percent,65.0,0.0,125.0,,,1,20,1,3,Mexican,1,5.703782474656201,8.434028950155469,300.0,0.4049586776859504
2026-09-19 21:12:19,Bengaluru,Indiranagar,12.9784,77.6408,652955,BK Cafe,CMH Road,Indiranagar,₹350 for two,Beverages|Cafe|Snacks,4.1,3,32,0.3,True,False,₹550 OFF,ABOVE ₹2499,FLAT DEAL,166,350.0,3.0,flat,0.0,550.0,,2499.0,,1,44,1,3,Beverages,1,5.857933154483459,1.3862943611198906,350.0,0.6106719367588933
2026-09-19 21:12:19,Pune,Viman Nagar,18.5679,73.9143,653941,Ananta Veg,Viman Nagar,Viman Nagar,₹300 for two,North Indian|Thalis|South Indian|Biryani|Rolls & Wraps|Pizzas|Chinese|Desserts|Beverages|Indian,4.2,1.5K+,24,1.9,True,True,ITEMS,AT ₹99,,393444,300.0,1500.0,item_price_point,0.0,0.0,,,99.0,2,1,0,10,North Indian,1,5.703782474656201,7.313886831633462,300.0,0.42323651452282157
2026-09-19 21:12:19,Mumbai,Vashi,19.0771,72.9986,655021,Burger King,Sector 19D,Vashi,₹350 for two,Burgers|American,4.2,7.4K+,20,1.5,True,False,ITEMS,AT ₹39,,166,350.0,7400.0,item_price_point,0.0,0.0,,,39.0,1,44,1,2,Burgers,1,5.857933154483459,8.909370405197466,350.0,0.5353159851301115
2026-09-19 21:12:19,Delhi,Karol Bagh,28.6519,77.1909,655333,KFC,Main Pusa Road,Apsara Arcade,₹400 for two,Burgers|Fast Food|Rolls & Wraps,4.2,6.7K+,16,1.6,True,False,50% OFF,,FLAT DEAL,547,400.0,6700.0,percent,50.0,0.0,,,,1,58,1,3,Burgers,1,5.991464547107982,8.81001204797317,400.0,0.7511210762331838
2026-09-19 21:12:19,Mumbai,Bandra West,19.0596,72.8295,656188,Burger King,Station Road,Bandra west,₹350 for two,Burgers|American,4.1,6.4K+,27,1.6,True,False,ITEMS,AT ₹39,,166,350.0,6400.0,item_price_point,0.0,0.0,,,39.0,1,44,1,2,Burgers,1,5.857933154483459,8.764209507142004,350.0,0.5353159851301115
2026-09-19 21:12:19,Bengaluru,Koramangala,12.9352,77.6245,656392,Subway,1st Block,Koramangala,₹350 for two,sandwich|Salads|wrap|Healthy Food,4.4,5.7K+,30,1.6,True,False,ITEMS,AT ₹69,,2,350.0,5700.0,item_price_point,0.0,0.0,,,69.0,1,51,1,4,sandwich,1,5.857933154483459,8.648396877031582,350.0,0.6106719367588933
2026-09-19 21:12:19,Chennai,Perambur,13.1143,80.233,656606,Subway,Perambur,Perambur,₹350 for two,sandwich|Salads|wrap|Healthy Food,4.1,5.9K+,17,0.6,True,False,ITEMS,AT ₹69,,2,350.0,5900.0,item_price_point,0.0,0.0,,,69.0,1,51,1,4,sandwich,1,5.857933154483459,8.682877107057168,350.0,0.5516528925619835
2026-09-19 21:12:19,Bengaluru,Hebbal,13.0358,77.597,657861,The Belgian Waffle Co.,80 Feet Rd,RT Nagar,₹200 for two,Waffle|Desserts|Ice Cream|Beverages,4.6,2.2K+,30,1.6,True,True,30% OFF,UPTO ₹60,,2233,200.0,2200.0,percent,30.0,0.0,60.0,,,1,47,1,4,Waffle,1,5.298317366548036,7.696667081526462,200.0,0.08498023715415019
2026-09-19 21:12:19,Kolkata,Garia,22.465,88.39,659231,Domino's Pizza,Mallick Road,Patuli,₹400 for two,Pizzas|Italian|Pastas|Desserts,4.5,5.5K+,25,2.2,True,False,50% OFF,,FLAT DEAL,2456,400.0,5500.0,percent,50.0,0.0,,,,1,51,1,4,Pizzas,1,5.991464547107982,8.612685172875459,400.0,0.6938325991189427
2026-09-19 21:12:19,Kolkata,Tollygunge,22.495,88.345,659233,Domino's Pizza,Anwar Shah Road,Navina Cinema,₹400 for two,Pizzas|Italian|Pastas|Desserts,4.5,5.1K+,25,1.5,True,False,ITEMS,AT ₹59,,2456,400.0,5100.0,item_price_point,0.0,0.0,,,59.0,1,51,1,4,Pizzas,1,5.991464547107982,8.537191877922927,400.0,0.6938325991189427
2026-09-19 21:12:19,Kolkata,Shyambazar,22.599,88.37,659236,Domino's Pizza,Bidhan Sarani,Gravel One,₹400 for two,Pizzas,4.5,3.4K+,25,0.4,True,False,50% OFF,,FLAT DEAL,2456,400.0,3400.0,percent,50.0,0.0,,,,1,51,1,1,Pizzas,1,5.991464547107982,8.131824785007195,400.0,0.6938325991189427
2026-09-19 21:12:19,Kolkata,Howrah,22.5958,88.2636,659681,Barbeque Nation,Nitadhan Mukherjee Road,"Platina Mall,5th floor",₹600 for two,North Indian|Barbecue|Kebabs|Biryani|Street Food|Snacks,4.1,1.2K+,75,9.3,True,False,ITEMS,AT ₹149,,2438,600.0,1200.0,item_price_point,0.0,0.0,,,149.0,1,8,1,6,North Indian,1,6.396929655216146,7.0909098220799835,600.0,0.9361233480176211
2026-09-19 21:12:19,Kolkata,Howrah,22.5958,88.2636,659682,"UBQ-Meals,Thalis & Bowls",Nitadhan Mukherjee Road,"Platina Mall,5th floor",₹300 for two,North Indian|Kebabs|Barbecue|Biryani|Street Food|Snacks,4.3,744,71,9.3,True,False,₹200 OFF,ABOVE ₹2999,FLAT DEAL,617376,300.0,744.0,flat,0.0,200.0,,2999.0,,1,3,1,6,North Indian,1,5.703782474656201,6.61338421837956,300.0,0.42290748898678415
2026-09-19 21:12:19,Kolkata,Howrah,22.5958,88.2636,659683,Dum Safar Biryani,Nitadhan Mukherjee Road,"Platina Mall,5th floor",₹500 for two,Biryani|Hyderabadi|Kebabs|North Indian|barbeque,3.7,646,67,9.3,True,False,ITEMS,AT ₹149,,351013,500.0,646.0,item_price_point,0.0,0.0,,,149.0,1,6,1,5,Biryani,1,6.214608098422191,6.472346294500901,500.0,0.8744493392070485
2026-09-19 21:12:19,Pune,Kothrud,18.5074,73.8077,659799,Wendy's Burgers,Law College Road,Erandwane,₹200 for two,Burgers|Fast Food|wrap,4.3,8.0K+,29,3.0,True,False,ITEMS,AT ₹59,,972,200.0,8000.0,item_price_point,0.0,0.0,,,59.0,1,23,1,3,Burgers,1,5.298317366548036,8.987321812850125,200.0,0.12863070539419086
2026-09-19 21:12:19,Delhi,Connaught Place,28.6315,77.2167,659837,Bakingo,Naiwala,Karol Bagh,₹299 for two,Bakery|Desserts|Beverages|Snacks,4.6,15K+,27,4.2,True,False,ITEMS,AT ₹69,,3818,299.0,15000.0,item_price_point,0.0,0.0,,,69.0,2,39,1,4,Bakery,1,5.700443573390687,9.61587214452889,299.0,0.32286995515695066
2026-09-19 21:12:19,Bengaluru,Electronic City,12.8452,77.6602,660016,Eatillam,Electronic City,Electronic City,₹300 for two,Indian,4.3,2.8K+,43,1.9,True,False,,,,396375,300.0,2800.0,none,0.0,0.0,,,,1,1,0,1,Indian,0,5.703782474656201,7.937731775260109,300.0,0.4782608695652174
2026-09-19 21:12:19,Bengaluru,Electronic City,12.8452,77.6602,660690,Theobroma,Electronic City,Electronic City,₹400 for two,Desserts,4.4,5.3K+,32,1.6,True,False,ITEMS,AT ₹37,,1040,400.0,5300.0,item_price_point,0.0,0.0,,,37.0,1,44,1,1,Desserts,1,5.991464547107982,8.575650760987806,400.0,0.7628458498023716
2026-09-19 21:12:19,Kolkata,Dumdum,22.642,88.422,666686,La Pino'z Pizza,Baguihati,Eco Park Newtown,₹400 for two,Pizzas|Pastas|Italian|Desserts|Beverages,4.0,4.7K+,39,4.0,True,False,50% OFF,,FLAT DEAL,4961,400.0,4700.0,percent,50.0,0.0,,,,1,24,1,5,Pizzas,1,5.991464547107982,8.45553053102413,400.0,0.6938325991189427
2026-09-19 21:12:19,Chennai,Anna Nagar,13.085,80.2101,668038,The Belgian Waffle Co.,IV AVENUE,SHANTHI COLONY,₹200 for two,Waffle|Desserts|Ice Cream|Beverages,4.5,1.8K+,27,1.3,True,True,30% OFF,UPTO ₹60,,2233,200.0,1800.0,percent,30.0,0.0,60.0,,,1,47,1,4,Waffle,1,5.298317366548036,7.496097345175956,200.0,0.10950413223140495
2026-09-19 21:12:19,Bengaluru,BTM Layout,12.9166,77.6101,668624,Popeyes,2nd Stage,BTM Layout,₹350 for two,Burgers|American|Roll,4.4,6.6K+,30,6.1,True,False,50% OFF,,FLAT DEAL,397044,350.0,6600.0,percent,50.0,0.0,,,,1,2,0,3,Burgers,1,5.857933154483459,8.79497643168877,350.0,0.6106719367588933
2026-09-19 21:12:19,Mumbai,Powai,19.1176,72.906,668678,McDonald's,ATL Corporate Park,Saki Vihar Powai,₹400 for two,Burgers|Beverages|Cafe|Desserts,4.4,7.5K+,25,2.4,True,False,ITEMS,AT ₹64,,630,400.0,7500.0,item_price_point,0.0,0.0,,,64.0,1,55,1,4,Burgers,1,5.991464547107982,8.922791623969637,400.0,0.7193308550185874
2026-09-19 21:12:19,Chennai,Adyar,13.0012,80.2565,669060,Mani's Dum Biryani,MGR Road,OMR Navalur,₹400 for two,Andhra|Biryani|North Indian,4.6,16K+,26,4.3,True,False,ITEMS,AT ₹40,,623,400.0,16000.0,item_price_point,0.0,0.0,,,40.0,1,9,1,3,Andhra,1,5.991464547107982,9.680406499268875,400.0,0.7396694214876033
2026-09-19 21:12:19,Pune,Hinjewadi,18.5913,73.7389,669197,Sky Pizza,Hinjewadi,Hinjawadi,₹150 for two,Pizzas|Pastas|Burgers,4.0,2.1K+,20,1.2,True,False,60% OFF,UPTO ₹120,,362762,150.0,2100.0,percent,60.0,0.0,120.0,,,1,1,0,3,Pizzas,1,5.0106352940962555,7.650168700845001,150.0,0.03941908713692946
2026-09-19 21:12:19,Chennai,Porur,13.0359,80.1567,671911,Big Bowl,Kundrathur Main Road,Porur,₹250 for two,Chinese|Tibetan|Desserts,4.2,3.6K+,25,1.8,True,False,70% OFF,UPTO ₹140,,434792,250.0,3600.0,percent,70.0,0.0,140.0,,,1,22,1,3,Chinese,1,5.521460917862246,8.188966863648876,250.0,0.24380165289256198
2026-09-19 21:12:19,Bengaluru,Koramangala,12.9352,77.6245,671928,KFC,7th Block,Koramangla,₹400 for two,Burgers|Fast Food|Rolls & Wraps,4.0,7.7K+,33,1.2,True,False,50% OFF,,FLAT DEAL,547,400.0,7700.0,percent,50.0,0.0,,,,1,58,1,3,Burgers,1,5.991464547107982,8.94910546953925,400.0,0.7628458498023716
2026-09-19 21:12:19,Mumbai,Malad West,19.1868,72.8484,673365,Bombay Sweet Shop,Malad West,Malad West,₹700 for two,Sweets|Desserts|Snacks,4.7,1.2K+,32,2.1,True,True,30% OFF,,FLAT DEAL,48883,700.0,1200.0,percent,30.0,0.0,,,,1,2,0,3,Sweets,1,6.551080335043404,7.0909098220799835,700.0,0.9628252788104089
2026-09-19 21:12:19,Pune,Hinjewadi,18.5913,73.7389,673425,Wow! Momo,GHS,Hinjawadi,₹300 for two,Momos|Chinese|fastfood|Asian|Beverages,3.8,1.0K+,26,3.0,True,False,70% OFF,UPTO ₹140,,1776,300.0,1000.0,percent,70.0,0.0,140.0,,,1,22,1,5,Momos,1,5.703782474656201,6.90875477931522,300.0,0.42323651452282157
2026-09-19 21:12:19,Pune,Hinjewadi,18.5913,73.7389,673427,Wow! China,GHS,Hinjawadi,₹300 for two,Chinese|Asian|fastfood|Beverages|Snacks,3.8,995,27,3.0,True,False,70% OFF,UPTO ₹140,,226836,300.0,995.0,percent,70.0,0.0,140.0,,,1,20,1,5,Chinese,1,5.703782474656201,6.903747257584598,300.0,0.42323651452282157
2026-09-19 21:12:19,Chennai,Perambur,13.1143,80.233,675348,Wow! Momo,Ward 70,Perambur,₹300 for two,Momos|Chinese|fastfood|Asian|Beverages,4.1,1.8K+,34,1.6,True,False,ITEMS,AT ₹49,,1776,300.0,1800.0,item_price_point,0.0,0.0,,,49.0,1,22,1,5,Momos,1,5.703782474656201,7.496097345175956,300.0,0.4049586776859504
2026-09-19 21:12:19,Delhi,Rohini,28.7495,77.0565,675448,Wendy's Burgers,Rohini,SECTOR17,₹200 for two,Burgers|Fast Food|wrap,4.1,3.2K+,38,7.0,True,False,70% OFF,UPTO ₹140,,972,200.0,3200.0,percent,70.0,0.0,140.0,,,1,23,1,3,Burgers,1,5.298317366548036,8.071218539969863,200.0,0.08968609865470852
2026-09-19 21:12:19,Bengaluru,Indiranagar,12.9784,77.6408,678014,Wow! China,Sangeeta Towers,Indiranagar,₹300 for two,Chinese|Asian|fastfood|Beverages|Snacks,3.6,1.0K+,32,0.8,True,False,70% OFF,UPTO ₹140,,226836,300.0,1000.0,percent,70.0,0.0,140.0,,,1,20,1,5,Chinese,1,5.703782474656201,6.90875477931522,300.0,0.4782608695652174
2026-09-19 21:12:19,Kolkata,Salt Lake,22.58,88.42,678134,Burger King,Millennium City,Saltlake,₹350 for two,Burgers|American,4.3,17K+,22,1.6,True,False,ITEMS,AT ₹39,,166,350.0,17000.0,item_price_point,0.0,0.0,,,39.0,1,44,1,2,Burgers,1,5.857933154483459,9.741027444837728,350.0,0.5550660792951542
2026-09-19 21:12:19,Pune,Camp,18.5158,73.8785,678629,Baskin Robbins - Ice Cream Desserts,Union Bank,E-Street,₹250 for two,Desserts|Ice Cream,4.5,120,10,0.9,True,True,ITEMS,AT ₹15,,5588,250.0,120.0,item_price_point,0.0,0.0,,,15.0,1,59,1,2,Desserts,1,5.521460917862246,4.795790545596741,250.0,0.2821576763485477
2026-09-19 21:12:19,Hyderabad,Madhapur,17.4483,78.3915,679988,Chaayos Chai+Snacks=Relax,Serlingampally Circle,Raheja Mindspace,₹250 for two,Beverages|Chaat|Bakery|Snacks|Street Food|healthy|Home Food|Maharashtrian|Italian|Desserts,4.4,2.8K+,33,2.4,True,False,51% OFF,,FLAT DEAL,281782,250.0,2800.0,percent,51.0,0.0,,,,1,16,1,10,Beverages,1,5.521460917862246,7.937731775260109,250.0,0.25757575757575757
2026-09-19 21:12:19,Bengaluru,BTM Layout,12.9166,77.6101,681426,LeanCrust Pizza- ThinCrust Experts,2nd stage,Btm Layout,₹300 for two,Pizzas|Italian|Desserts,4.5,802,25,0.9,True,False,ITEMS,AT ₹149,,11216,300.0,802.0,item_price_point,0.0,0.0,,,149.0,1,25,1,3,Pizzas,1,5.703782474656201,6.688354713946762,300.0,0.4782608695652174
2026-09-19 21:12:19,Bengaluru,Electronic City,12.8452,77.6602,681430,LeanCrust Pizza- ThinCrust Experts,Doddathogur,Electronic City,₹300 for two,Pizzas|Italian|Desserts,4.6,1.1K+,25,2.4,True,False,70% OFF,UPTO ₹140,,11216,300.0,1100.0,percent,70.0,0.0,140.0,,,1,25,1,3,Pizzas,1,5.703782474656201,7.00397413672268,300.0,0.4782608695652174
2026-09-19 21:12:19,Bengaluru,HSR Layout,12.9116,77.6446,681434,LeanCrust Pizza- ThinCrust Experts,2nd Sector,HSR Layout,₹300 for two,Pizzas|Italian|Desserts,4.7,951,25,1.0,True,False,70% OFF,UPTO ₹140,,11216,300.0,951.0,percent,70.0,0.0,140.0,,,1,25,1,3,Pizzas,1,5.703782474656201,6.858565034791365,300.0,0.4782608695652174
2026-09-19 21:12:19,Bengaluru,Indiranagar,12.9784,77.6408,681435,LeanCrust Pizza- ThinCrust Experts,New Thipasandra,Indiranagar,₹300 for two,Pizzas|Italian|Desserts,4.6,530,25,0.9,True,False,70% OFF,UPTO ₹140,,11216,300.0,530.0,percent,70.0,0.0,140.0,,,1,25,1,3,Pizzas,1,5.703782474656201,6.274762021241939,300.0,0.4782608695652174
2026-09-19 21:12:19,Bengaluru,Whitefield,12.9698,77.75,681438,LeanCrust Pizza- ThinCrust Experts,Opp.Post Office,Whitefield,₹300 for two,Pizzas|Italian|Desserts,4.6,1.2K+,25,0.3,True,False,ITEMS,AT ₹149,,11216,300.0,1200.0,item_price_point,0.0,0.0,,,149.0,1,25,1,3,Pizzas,1,5.703782474656201,7.0909098220799835,300.0,0.4782608695652174
2026-09-19 21:12:19,Delhi,Saket,28.5245,77.2066,681453,LeanCrust Pizza- ThinCrust Experts,Begumpur,Malviya Nagar,₹300 for two,Pizzas|Italian|Desserts,4.5,786,25,2.4,True,False,ITEMS,AT ₹149,,11216,300.0,786.0,item_price_point,0.0,0.0,,,149.0,1,25,1,3,Pizzas,1,5.703782474656201,6.668228248417403,300.0,0.3991031390134529
2026-09-19 21:12:19,Mumbai,Chembur,19.0522,72.9005,681474,LeanCrust Pizza- ThinCrust Experts,Vanamali Tower,Chembur,₹300 for two,Pizzas|Italian|Desserts,4.5,313,25,1.4,True,False,ITEMS,AT ₹149,,11216,300.0,313.0,item_price_point,0.0,0.0,,,149.0,1,25,1,3,Pizzas,1,5.703782474656201,5.749392985908253,300.0,0.4312267657992565
2026-09-19 21:12:19,Pune,Viman Nagar,18.5679,73.9143,681514,LeanCrust Pizza- ThinCrust Experts,Haveli,Viman Nagar,₹300 for two,Pizzas|Italian|Desserts,4.8,739,25,0.5,True,False,ITEMS,AT ₹149,,11216,300.0,739.0,item_price_point,0.0,0.0,,,149.0,1,25,1,3,Pizzas,1,5.703782474656201,6.606650186198215,300.0,0.42323651452282157
2026-09-19 21:12:19,Delhi,Janakpuri,28.6219,77.0878,681528,LeanCrust Pizza- ThinCrust Experts,Mayapuri,Janakpuri,₹300 for two,Pizzas|Italian|Desserts,4.5,1.1K+,25,0.3,True,False,70% OFF,UPTO ₹140,,11216,300.0,1100.0,percent,70.0,0.0,140.0,,,1,25,1,3,Pizzas,1,5.703782474656201,7.00397413672268,300.0,0.3991031390134529
2026-09-19 21:12:19,Pune,Aundh,18.559,73.8077,681532,LeanCrust Pizza- ThinCrust Experts,Bhakti Plaza,Aundh,₹300 for two,Pizzas|Italian|Desserts,4.6,948,25,1.1,True,False,ITEMS,AT ₹149,,11216,300.0,948.0,item_price_point,0.0,0.0,,,149.0,1,25,1,3,Pizzas,1,5.703782474656201,6.855408798609928,300.0,0.42323651452282157
2026-09-19 21:12:19,Hyderabad,Kukatpally,17.4849,78.4138,681538,LeanCrust Pizza ThinCrust Experts,Kukatpally,Venkat Nagar Colony,₹300 for two,Pizzas|Italian|Desserts,4.4,2.6K+,25,2.0,True,False,ITEMS,AT ₹149,,11216,300.0,2600.0,item_price_point,0.0,0.0,,,149.0,1,25,1,3,Pizzas,1,5.703782474656201,7.8636512654486515,300.0,0.48484848484848486
2026-09-19 21:12:19,Hyderabad,Kondapur,17.4615,78.3639,681539,LeanCrust Pizza ThinCrust Experts,Kondapur,Land Mark Residency,₹300 for two,Pizzas|Italian|Desserts,4.5,1.8K+,25,0.7,True,False,70% OFF,UPTO ₹140,,11216,300.0,1800.0,percent,70.0,0.0,140.0,,,1,25,1,3,Pizzas,1,5.703782474656201,7.496097345175956,300.0,0.48484848484848486
2026-09-19 21:12:19,Bengaluru,Hebbal,13.0358,77.597,681565,LeanCrust Pizza- ThinCrust Experts,Ex Servicemen Colony,RT Nagar,₹300 for two,Pizzas|Italian|Desserts,4.3,726,25,2.4,True,False,70% OFF,UPTO ₹140,,11216,300.0,726.0,percent,70.0,0.0,140.0,,,1,25,1,3,Pizzas,1,5.703782474656201,6.588926477533519,300.0,0.4782608695652174
2026-09-19 21:12:19,Hyderabad,Begumpet,17.4435,78.4645,681567,LeanCrust Pizza- ThinCrust Experts,TARA TOWERS AMEERPET,Khairatabad Circle No.17,₹300 for two,Pizzas|Italian|Desserts,4.6,1.6K+,25,4.3,True,False,ITEMS,AT ₹149,,11216,300.0,1600.0,item_price_point,0.0,0.0,,,149.0,2,25,1,3,Pizzas,1,5.703782474656201,7.3783837129967145,300.0,0.48484848484848486
2026-09-19 21:12:19,Hyderabad,Dilsukhnagar,17.3687,78.5247,681588,LeanCrust Pizza- ThinCrust Experts,Sri Nagar Colony,Dilsukhnagar,₹300 for two,Pizzas|Italian|Desserts,4.7,2.8K+,25,1.7,True,False,ITEMS,AT ₹149,,11216,300.0,2800.0,item_price_point,0.0,0.0,,,149.0,1,25,1,3,Pizzas,1,5.703782474656201,7.937731775260109,300.0,0.48484848484848486
2026-09-19 21:12:19,Hyderabad,Secunderabad,17.4399,78.4983,681598,LeanCrust Pizza- ThinCrust Experts,Circle No.29,SINDHI COLONY,₹300 for two,Pizzas|Italian|Desserts,4.5,1.0K+,25,2.3,True,False,70% OFF,UPTO ₹140,,11216,300.0,1000.0,percent,70.0,0.0,140.0,,,1,25,1,3,Pizzas,1,5.703782474656201,6.90875477931522,300.0,0.48484848484848486
2026-09-19 21:12:19,Hyderabad,Banjara Hills,17.4126,78.4392,681600,LeanCrust Pizza- ThinCrust Experts,Vaibhav Nagar,Khairatabad,₹300 for two,Pizzas|Italian|Desserts,4.4,1.8K+,25,2.9,True,False,ITEMS,AT ₹149,,11216,300.0,1800.0,item_price_point,0.0,0.0,,,149.0,1,25,1,3,Pizzas,1,5.703782474656201,7.496097345175956,300.0,0.48484848484848486
2026-09-19 21:12:19,Bengaluru,Malleshwaram,13.0035,77.5647,681604,LeanCrust Pizza- ThinCrust Experts,Jai Bheema Nagar,Seshadripuram,₹300 for two,Pizzas|Italian|Desserts,4.2,385,25,2.5,True,False,ITEMS,AT ₹149,,11216,300.0,385.0,item_price_point,0.0,0.0,,,149.0,1,25,1,3,Pizzas,1,5.703782474656201,5.955837369464831,300.0,0.4782608695652174
2026-09-19 21:12:19,Mumbai,Malad West,19.1868,72.8484,681637,LeanCrust Pizza- ThinCrust Experts,Mumbai,Orlem,₹300 for two,Pizzas|Italian|Desserts,4.6,432,25,2.2,True,False,ITEMS,AT ₹149,,11216,300.0,432.0,item_price_point,0.0,0.0,,,149.0,1,25,1,3,Pizzas,1,5.703782474656201,6.07073772800249,300.0,0.4312267657992565
2026-09-19 21:12:19,Delhi,Lajpat Nagar,28.5677,77.2433,681645,LeanCrust Pizza- ThinCrust Experts,K Block,Lajpat Nagar 2,₹300 for two,Pizzas|Italian|Desserts,4.6,694,25,0.7,True,False,ITEMS,AT ₹149,,11216,300.0,694.0,item_price_point,0.0,0.0,,,149.0,1,25,1,3,Pizzas,1,5.703782474656201,6.543911845564792,300.0,0.3991031390134529
2026-09-19 21:12:19,Chennai,Nungambakkam,13.0569,80.2425,681655,LeanCrust Pizza- ThinCrust Experts,Nungabakkam,Nungambakkam,₹250 for two,Pizzas|Italian|Desserts,4.4,1.7K+,25,0.8,True,False,ITEMS,AT ₹149,,11216,250.0,1700.0,item_price_point,0.0,0.0,,,149.0,1,25,1,3,Pizzas,1,5.521460917862246,7.438971592395862,250.0,0.24380165289256198
2026-09-19 21:12:19,Mumbai,Lower Parel,18.996,72.8258,683064,Pizza Hut,Saat Rasta Circle,Mahalaxmi Malabar Hill,₹350 for two,Pizzas,4.0,4.3K+,32,2.5,True,False,50% OFF,,FLAT DEAL,721,350.0,4300.0,percent,50.0,0.0,,,,1,46,1,1,Pizzas,1,5.857933154483459,8.366602832783736,350.0,0.5353159851301115
2026-09-19 21:12:19,Mumbai,Lower Parel,18.996,72.8258,683310,Burger King,Matulya Centre,Lower Parel West,₹350 for two,Burgers|American,4.2,10K+,27,2.1,True,False,ITEMS,AT ₹39,,166,350.0,10000.0,item_price_point,0.0,0.0,,,39.0,1,44,1,2,Burgers,1,5.857933154483459,9.210440366976517,350.0,0.5353159851301115
2026-09-19 21:12:19,Pune,Hadapsar,18.5089,73.926,686340,The Belgian Waffle Co.,MAGARPATTA CITY,SEASONS MALL,₹200 for two,Waffle|Desserts|Ice Cream,4.6,755,35,1.8,True,True,30% OFF,UPTO ₹60,,2233,200.0,755.0,percent,30.0,0.0,60.0,,,1,47,1,3,Waffle,1,5.298317366548036,6.628041376179533,200.0,0.12863070539419086
2026-09-19 21:12:19,Bengaluru,Malleshwaram,13.0035,77.5647,689528,Shyamji's Chole Bhature,Malleshwaram,Malleshwaram,₹300 for two,Street Food|Chaat,4.2,2.1K+,24,1.1,True,True,₹75 OFF,ABOVE ₹399,FLAT DEAL,255424,300.0,2100.0,flat,0.0,75.0,,399.0,,1,1,0,2,Street Food,1,5.703782474656201,7.650168700845001,300.0,0.4782608695652174
2026-09-19 21:12:19,Bengaluru,Malleshwaram,13.0035,77.5647,690552,Narmada Chain of Restaurant,Rajajinagar,Rajajinagar,₹500 for two,Andhra|Biryani|South Indian,4.3,8.0K+,41,3.5,True,False,,,,411277,500.0,8000.0,none,0.0,0.0,,,,1,2,0,3,Andhra,0,6.214608098422191,8.987321812850125,500.0,0.9387351778656127
2026-09-19 21:12:19,Chennai,OMR Thoraipakkam,12.94,80.234,690702,Pizza Hut,Thoraipakkam,Thoraipakkam,₹350 for two,Pizzas,4.2,4.3K+,22,2.3,True,False,50% OFF,,FLAT DEAL,721,350.0,4300.0,percent,50.0,0.0,,,,1,46,1,1,Pizzas,1,5.857933154483459,8.366602832783736,350.0,0.5516528925619835
2026-09-19 21:12:19,Pune,Koregaon Park,18.5362,73.8939,691729,Chinese Wok,Fortaleza,Kalyani Nagar,₹250 for two,Chinese|Asian|Tibetan|Desserts,4.3,3.5K+,33,2.2,True,False,70% OFF,UPTO ₹140,,61955,250.0,3500.0,percent,70.0,0.0,140.0,,,1,22,1,4,Chinese,1,5.521460917862246,8.160803920954665,250.0,0.2821576763485477
2026-09-19 21:12:19,Pune,Koregaon Park,18.5362,73.8939,691730,Big Bowl,Fortaleza,Kalyani Nagar,₹250 for two,North Indian|Chinese|Tibetan|Desserts,4.3,2.5K+,32,2.2,True,False,70% OFF,UPTO ₹140,,434792,250.0,2500.0,percent,70.0,0.0,140.0,,,2,22,1,4,North Indian,1,5.521460917862246,7.824445930877619,250.0,0.2821576763485477
2026-09-19 21:12:19,Kolkata,Howrah,22.5958,88.2636,691778,KFC,Ichapur Road,Kadamtala,₹400 for two,Burgers|Fast Food|Rolls & Wraps,4.3,4.3K+,65,8.1,True,False,50% OFF,,FLAT DEAL,547,400.0,4300.0,percent,50.0,0.0,,,,1,58,1,3,Burgers,1,5.991464547107982,8.366602832783736,400.0,0.6938325991189427
2026-09-19 21:12:19,Mumbai,Powai,19.1176,72.906,693079,Theobroma,Powai,Powai,₹400 for two,Desserts,4.5,5.9K+,15,1.1,True,False,ITEMS,AT ₹37,,1040,400.0,5900.0,item_price_point,0.0,0.0,,,37.0,1,44,1,1,Desserts,1,5.991464547107982,8.682877107057168,400.0,0.7193308550185874
2026-09-19 21:12:19,Chennai,Nungambakkam,13.0569,80.2425,693194,MOJO Pizza - 2X Toppings,Nungabakkam,Shenoy Road,₹250 for two,Pizzas|Italian|Fast Food|Desserts,4.4,878,25,0.8,True,False,ITEMS,AT ₹99,,11329,250.0,878.0,item_price_point,0.0,0.0,,,99.0,1,21,1,4,Pizzas,1,5.521460917862246,6.778784897685177,250.0,0.24380165289256198
2026-09-19 21:12:19,Chennai,Tambaram,12.9249,80.1,693211,Wow! China,Gandhi Nagar,Selaiyur,₹300 for two,Chinese|Asian|fastfood|Beverages|Snacks,3.6,1.2K+,33,5.0,True,False,70% OFF,UPTO ₹140,,226836,300.0,1200.0,percent,70.0,0.0,140.0,,,1,20,1,5,Chinese,1,5.703782474656201,7.0909098220799835,300.0,0.4049586776859504
2026-09-19 21:12:19,Bengaluru,Indiranagar,12.9784,77.6408,693653,KFC,Indiranagar,HAL 2nd stage,₹400 for two,Burgers|Fast Food|Rolls & Wraps,4.0,5.1K+,33,1.5,True,False,50% OFF,,FLAT DEAL,547,400.0,5100.0,percent,50.0,0.0,,,,1,58,1,3,Burgers,1,5.991464547107982,8.537191877922927,400.0,0.7628458498023716
2026-09-19 21:12:19,Chennai,Porur,13.0359,80.1567,694789,Wow! Momo,Kunduthur Main Road,Porur,₹300 for two,Momos|Chinese|fastfood|Asian|Beverages,4.3,4.6K+,19,0.3,True,False,70% OFF,UPTO ₹140,,1776,300.0,4600.0,percent,70.0,0.0,140.0,,,1,22,1,5,Momos,1,5.703782474656201,8.434028950155469,300.0,0.4049586776859504
2026-09-19 21:12:19,Hyderabad,Madhapur,17.4483,78.3915,697621,Tigerlily Coffee & Bistro,Jubilee Hills,Jubilee Hills,₹1500 for two,European|Asian|Italian|Continental|Pizzas|Burgers|Coffee|Beverages|Pastas|Desserts,4.3,909,44,3.8,True,False,,,,682596,1500.0,909.0,none,0.0,0.0,,,,1,1,0,10,European,0,7.313220387090301,6.813444599510896,900.0,0.9848484848484849
2026-09-19 21:12:19,Mumbai,Borivali,19.2307,72.8567,698075,La Pino'z Pizza,Shimpoli Road,"Shimpoli,Borivali west",₹400 for two,Pizzas|Italian|Pastas|Mexican|Desserts|Beverages|Snacks|Combos|Fast Food,4.0,2.3K+,25,1.3,True,True,50% OFF,,FLAT DEAL,4961,400.0,2300.0,percent,50.0,0.0,,,,1,24,1,9,Pizzas,1,5.991464547107982,7.741099090035366,400.0,0.7193308550185874
2026-09-19 21:12:19,Hyderabad,Begumpet,17.4435,78.4645,698238,KFC,SP Road,Secunderabad,₹400 for two,Burgers|Fast Food|Rolls & Wraps,4.2,3.7K+,35,2.6,True,False,50% OFF,,FLAT DEAL,547,400.0,3700.0,percent,50.0,0.0,,,,1,58,1,3,Burgers,1,5.991464547107982,8.216358332386156,400.0,0.696969696969697
2026-09-19 21:12:19,Pune,Hinjewadi,18.5913,73.7389,698337,Fried Chicken Destination,Jayram Market,Hinjewadi,₹200 for two,Burgers|Snacks|Rolls & Wraps|Fast Food,4.2,2.3K+,24,1.1,True,False,70% OFF,UPTO ₹140,,245841,200.0,2300.0,percent,70.0,0.0,140.0,,,1,3,1,4,Burgers,1,5.298317366548036,7.741099090035366,200.0,0.12863070539419086
2026-09-19 21:12:19,Chennai,Nungambakkam,13.0569,80.2425,698678,"WeFit - Protein Bowls, Salads & Sandwiches",Shenoy Road,Nungambakkam,₹250 for two,Healthy Food|Salads|Keto|Snacks,4.6,2.7K+,25,0.8,True,False,ITEMS,AT ₹119,,355285,250.0,2700.0,item_price_point,0.0,0.0,,,119.0,1,22,1,4,Healthy Food,1,5.521460917862246,7.901377353792616,250.0,0.24380165289256198
2026-09-19 21:12:19,Chennai,Mylapore,13.0339,80.2698,699423,Wow! Momo,Triplicane,Triplicane,₹300 for two,Momos|Chinese|fastfood|Asian|Beverages,4.3,2.7K+,31,3.0,True,False,70% OFF,UPTO ₹140,,1776,300.0,2700.0,percent,70.0,0.0,140.0,,,1,22,1,5,Momos,1,5.703782474656201,7.901377353792616,300.0,0.4049586776859504
2026-09-19 21:12:19,Kolkata,Tollygunge,22.495,88.345,703375,Gourmet Ice cream Cakes by Baskin Robbins,BABURAM GHOSH ROAD,tollygunge,₹250 for two,Desserts|Ice Cream,4.6,10,23,0.5,True,True,20% OFF,UPTO ₹50,,21932,250.0,10.0,percent,20.0,0.0,50.0,,,1,2,0,2,Desserts,1,5.521460917862246,2.3978952727983707,250.0,0.2841409691629956
2026-09-19 21:12:19,Delhi,Janakpuri,28.6219,77.0878,704585,Baba Shyam Ki Rasoi,Mahavir Enclave,Dwarka,₹299 for two,Snacks|Pizzas,,,46,3.9,True,True,,,,421578,299.0,,none,0.0,0.0,,,,1,1,0,2,Snacks,0,5.700443573390687,0.0,299.0,0.32286995515695066
2026-09-19 21:12:19,Hyderabad,Kukatpally,17.4849,78.4138,704795,KFC,Moosapet,One Mall,₹400 for two,Burgers|Fast Food|Rolls & Wraps,4.0,2.1K+,26,0.9,True,False,50% OFF,,FLAT DEAL,547,400.0,2100.0,percent,50.0,0.0,,,,1,58,1,3,Burgers,1,5.991464547107982,7.650168700845001,400.0,0.696969696969697
2026-09-19 21:12:19,Chennai,Mylapore,13.0339,80.2698,705536,Madras Coffee House,Dr. Radha Krishnan Salai,Mylapore,₹100 for two,Beverages,4.3,116,18,1.6,True,True,,,,1750,100.0,116.0,none,0.0,0.0,,,,1,2,0,1,Beverages,0,4.605170185988092,4.762173934797756,120.0,0.024793388429752067
2026-09-19 21:12:19,Kolkata,Behala,22.4989,88.318,705986,Bonn Tonn Gourmet,Opposite Papillon Flower Shop,Alipore,₹500 for two,Bakery|Desserts,4.2,954,35,3.0,True,False,50% OFF,,FLAT DEAL,236608,500.0,954.0,percent,50.0,0.0,,,,1,1,0,2,Bakery,1,6.214608098422191,6.86171134048073,500.0,0.8744493392070485
2026-09-19 21:12:19,Kolkata,Tollygunge,22.495,88.345,707040,Kwality Wall's Ice Cream And More,Mishka Sugar,Jadavpur,₹200 for two,Desserts|Ice Cream|Ice Cream Cakes,4.8,261,24,1.1,True,True,20% OFF,UPTO ₹50,,582,200.0,261.0,percent,20.0,0.0,50.0,,,1,3,1,3,Desserts,1,5.298317366548036,5.568344503761097,200.0,0.19162995594713655
2026-09-19 21:12:19,Bengaluru,Whitefield,12.9698,77.75,707063,KFC,Ramagondanahalli,Varthur,₹400 for two,Burgers|Fast Food|Rolls & Wraps,3.8,5.3K+,36,2.6,True,False,50% OFF,,FLAT DEAL,547,400.0,5300.0,percent,50.0,0.0,,,,1,58,1,3,Burgers,1,5.991464547107982,8.575650760987806,400.0,0.7628458498023716
2026-09-19 21:12:19,Delhi,Mayur Vihar,28.6092,77.2952,707692,KFC,Phase 1,Mayur Vihar,₹400 for two,Burgers|Fast Food|Rolls & Wraps,4.2,2.1K+,28,2.3,True,False,50% OFF,,FLAT DEAL,547,400.0,2100.0,percent,50.0,0.0,,,,1,58,1,3,Burgers,1,5.991464547107982,7.650168700845001,400.0,0.7511210762331838
2026-09-19 21:12:19,Hyderabad,Secunderabad,17.4399,78.4983,707723,Yummy Bee,Karkhana,Secunderabad,₹500 for two,Cakes|Desserts|Bakery|Pizzas|Pastas|Healthy,4.6,1.1K+,21,0.9,True,False,70% OFF,UPTO ₹140,,358572,500.0,1100.0,percent,70.0,0.0,140.0,,,1,5,1,6,Cakes,1,6.214608098422191,7.00397413672268,500.0,0.8528138528138528
2026-09-19 21:12:19,Kolkata,Shyambazar,22.599,88.37,707773,McDonald's,Kankurgachhi,Kankurgachi,₹400 for two,American|Fast Food|Beverages,4.4,9.7K+,54,4.9,True,False,ITEMS,AT ₹58,,630,400.0,9700.0,item_price_point,0.0,0.0,,,58.0,2,55,1,3,American,1,5.991464547107982,9.179984251961283,400.0,0.6938325991189427
2026-09-19 21:12:19,Mumbai,Dadar,19.0178,72.8478,711536,Udupi 2 Mumbai,Parel,Parel,₹400 for two,South Indian|Chinese|Indian|Beverages|Snacks|Chaat,4.3,1.4K+,29,0.5,True,True,ITEMS,AT ₹89,,329523,400.0,1400.0,item_price_point,0.0,0.0,,,89.0,1,1,0,6,South Indian,1,5.991464547107982,7.244941546337007,400.0,0.7193308550185874
2026-09-19 21:12:19,Pune,Aundh,18.559,73.8077,712774,Zillionth Bistro,Someshwarwadi,Baner,₹250 for two,Chinese|Thai|Burgers|Fast Food|Street Food|Oriental|Momos|Pan-Asian|Beverages|Combos,4.2,1.1K+,29,2.4,True,False,,,,229976,250.0,1100.0,none,0.0,0.0,,,,1,1,0,10,Chinese,0,5.521460917862246,7.00397413672268,250.0,0.2821576763485477
2026-09-19 21:12:19,Bengaluru,Indiranagar,12.9784,77.6408,714960,Baskin Robbins - Ice Cream Desserts,FIRST STAGE,BINNAMANGALA,₹250 for two,Desserts|Ice Cream,4.5,638,28,0.2,True,True,ITEMS,AT ₹15,,5588,250.0,638.0,item_price_point,0.0,0.0,,,15.0,1,59,1,2,Desserts,1,5.521460917862246,6.459904454377535,250.0,0.25296442687747034
2026-09-19 21:12:19,Pune,Kharadi,18.5515,73.947,715929,Pop Tate's,Magarpatta City,Magarpatta City,₹500 for two,Indian|Beverages,4.2,415,49,5.7,True,False,15% OFF,,FLAT DEAL,1264,500.0,415.0,percent,15.0,0.0,,,,1,1,0,2,Indian,1,6.214608098422191,6.030685260261263,500.0,0.9149377593360996
2026-09-19 21:12:19,Kolkata,Tollygunge,22.495,88.345,716665,Wow! Chicken By Wow! Momo,Naktala,Naktala,₹300 for two,Burger|Biryani|American|fastfood,4.2,6.6K+,35,3.0,True,False,70% OFF,UPTO ₹140,,268366,300.0,6600.0,percent,70.0,0.0,140.0,,,1,2,0,4,Burger,1,5.703782474656201,8.79497643168877,300.0,0.42290748898678415
2026-09-19 21:12:19,Bengaluru,Koramangala,12.9352,77.6245,718430,The Pizza Bakery - Wood Fired Sourdough,BTM Layout,Koramangala,₹700 for two,Pizzas|Pastas|Italian|Desserts|Continental|Beverages,4.5,3.7K+,36,1.6,True,False,ITEMS,AT ₹219,,522292,700.0,3700.0,item_price_point,0.0,0.0,,,219.0,1,2,0,6,Pizzas,1,6.551080335043404,8.216358332386156,700.0,0.9822134387351779
2026-09-19 21:12:19,Delhi,Mayur Vihar,28.6092,77.2952,720360,Wendy's Burgers,Laxmi Nagar,Laxmi Nagar,₹200 for two,Burgers|Fast Food|wrap,4.4,6.7K+,37,4.3,True,False,ITEMS,AT ₹59,,972,200.0,6700.0,item_price_point,0.0,0.0,,,59.0,1,23,1,3,Burgers,1,5.298317366548036,8.81001204797317,200.0,0.08968609865470852
2026-09-19 21:12:19,Pune,Wakad,18.5985,73.7625,721486,Theobroma,Wakad,Wakad,₹400 for two,Desserts,4.4,2.0K+,11,1.2,True,False,ITEMS,AT ₹37,,1040,400.0,2000.0,item_price_point,0.0,0.0,,,37.0,1,44,1,1,Desserts,1,5.991464547107982,7.601402334583733,400.0,0.7365145228215768
2026-09-19 21:12:19,Bengaluru,Hebbal,13.0358,77.597,721822,Cheesecake & co.,rt nagar,Koramangala,₹500 for two,Bakery|Desserts,4.6,1.6K+,27,1.0,True,True,₹100 OFF,ABOVE ₹199,FLAT DEAL,387417,500.0,1600.0,flat,0.0,100.0,,199.0,,1,2,0,2,Bakery,1,6.214608098422191,7.3783837129967145,500.0,0.9387351778656127
2026-09-19 21:12:19,Mumbai,Chembur,19.0522,72.9005,722372,Pizza Hut,Kurla West,Kurla West,₹350 for two,Pizzas,4.1,2.4K+,36,2.7,True,False,50% OFF,,FLAT DEAL,721,350.0,2400.0,percent,50.0,0.0,,,,1,46,1,1,Pizzas,1,5.857933154483459,7.783640596221253,350.0,0.5353159851301115
2026-09-19 21:12:19,Delhi,Janakpuri,28.6219,77.0878,722373,Pizza Hut,Janakpuri,Janakpuri,₹350 for two,Pizzas,4.4,3.3K+,28,1.2,True,False,70% OFF,UPTO ₹140,,721,350.0,3300.0,percent,70.0,0.0,140.0,,,1,46,1,1,Pizzas,1,5.857933154483459,8.101980731853192,350.0,0.5381165919282511
2026-09-19 21:12:19,Pune,Viman Nagar,18.5679,73.9143,722840,Chinese Wok,Nagar Road,Phoenix Marketcity Mall,₹250 for two,Chinese|Asian|Tibetan|Desserts,4.2,1.2K+,32,0.8,True,False,70% OFF,UPTO ₹140,,61955,250.0,1200.0,percent,70.0,0.0,140.0,,,1,22,1,4,Chinese,1,5.521460917862246,7.0909098220799835,250.0,0.2821576763485477
2026-09-19 21:12:19,Hyderabad,Madhapur,17.4483,78.3915,723212,Wow! China,Beside Pizza Hut,VIP Hills,₹300 for two,Chinese|Asian|fastfood|Beverages|Snacks,3.5,1.3K+,28,0.8,True,False,70% OFF,UPTO ₹140,,226836,300.0,1300.0,percent,70.0,0.0,140.0,,,1,20,1,5,Chinese,1,5.703782474656201,7.170888478512505,300.0,0.48484848484848486
2026-09-19 21:12:19,Pune,Camp,18.5158,73.8785,723309,Wow! China,Kalubai Chowk,Wanowrie,₹300 for two,Chinese|Asian|fastfood|Beverages|Snacks,3.8,841,32,3.8,True,False,70% OFF,UPTO ₹140,,226836,300.0,841.0,percent,70.0,0.0,140.0,,,1,20,1,5,Chinese,1,5.703782474656201,6.7357800142423265,300.0,0.42323651452282157
2026-09-19 21:12:19,Delhi,Saket,28.5245,77.2066,725575,Subway,Saket,PVR Saket,₹350 for two,sandwich|Salads|wrap|Healthy Food,4.3,3.9K+,21,0.2,True,False,ITEMS,AT ₹69,,2,350.0,3900.0,item_price_point,0.0,0.0,,,69.0,1,51,1,4,sandwich,1,5.857933154483459,8.268988209506656,350.0,0.5381165919282511
2026-09-19 21:12:19,Bengaluru,Marathahalli,12.9591,77.6974,725902,NH1 Bowls - Highway To North,Marathahalli Main Rd,Yemalur,₹250 for two,North Indian|Punjabi|Home Food,4.7,953,25,1.4,True,False,ITEMS,AT ₹119,,22452,250.0,953.0,item_price_point,0.0,0.0,,,119.0,1,25,1,3,North Indian,1,5.521460917862246,6.860663671448287,250.0,0.25296442687747034
2026-09-19 21:12:19,Bengaluru,Marathahalli,12.9591,77.6974,725903,ZAZA Mughal Biryani,Marathahalli Main Rd,Yemalur,₹250 for two,Biryani|North Indian|Awadhi,4.4,912,25,1.4,True,False,70% OFF,UPTO ₹140,,22473,250.0,912.0,percent,70.0,0.0,140.0,,,1,26,1,3,Biryani,1,5.521460917862246,6.816735880594968,250.0,0.25296442687747034
2026-09-19 21:12:19,Bengaluru,Marathahalli,12.9591,77.6974,725905,"WeFit - Protein Bowls, Salads & Sandwiches",Marathahalli Main Rd,Yemalur,₹250 for two,Healthy Food|Salads|Keto|Snacks,4.7,688,25,1.4,True,False,ITEMS,AT ₹119,,355285,250.0,688.0,item_price_point,0.0,0.0,,,119.0,1,22,1,4,Healthy Food,1,5.521460917862246,6.535241271013659,250.0,0.25296442687747034
2026-09-19 21:12:19,Bengaluru,Marathahalli,12.9591,77.6974,725908,LeanCrust Pizza- ThinCrust Experts,Marathahalli Main Rd,Yemalur,₹300 for two,Pizzas|Italian|Desserts,4.5,581,25,1.4,True,False,70% OFF,UPTO ₹140,,11216,300.0,581.0,percent,70.0,0.0,140.0,,,1,25,1,3,Pizzas,1,5.703782474656201,6.366470447731438,300.0,0.4782608695652174
2026-09-19 21:12:19,Bengaluru,Marathahalli,12.9591,77.6974,725909,MOJO Pizza - 2X Toppings,Marathahalli Main Rd,Yemalur,₹250 for two,Pizzas|Italian|Fast Food|Desserts,4.7,1.0K+,25,1.4,True,False,ITEMS,AT ₹99,,11329,250.0,1000.0,item_price_point,0.0,0.0,,,99.0,1,21,1,4,Pizzas,1,5.521460917862246,6.90875477931522,250.0,0.25296442687747034
2026-09-19 21:12:19,Chennai,Perambur,13.1143,80.233,726146,Theobroma,Purasaiwakkam,Purasaiwakkam,₹400 for two,Desserts,4.6,5.0K+,29,4.4,True,False,ITEMS,AT ₹37,,1040,400.0,5000.0,item_price_point,0.0,0.0,,,37.0,1,44,1,1,Desserts,1,5.991464547107982,8.517393171418904,400.0,0.7396694214876033
2026-09-19 21:12:19,Hyderabad,Dilsukhnagar,17.3687,78.5247,726147,Bakingo,Dilsukh Nagar,Saroornagar,₹299 for two,Bakery|Desserts|Beverages|Snacks,4.6,15K+,27,2.5,True,False,ITEMS,AT ₹649,,3818,299.0,15000.0,item_price_point,0.0,0.0,,,649.0,1,39,1,4,Bakery,1,5.700443573390687,9.61587214452889,299.0,0.3852813852813853
2026-09-19 21:12:19,Bengaluru,BTM Layout,12.9166,77.6101,728149,Wow! China,"BTM Layout , B.B.M.P South",BTM Layout,₹300 for two,Chinese|Asian|fastfood|Beverages|Snacks,3.7,1.2K+,33,1.1,True,False,70% OFF,UPTO ₹140,,226836,300.0,1200.0,percent,70.0,0.0,140.0,,,1,20,1,5,Chinese,1,5.703782474656201,7.0909098220799835,300.0,0.4782608695652174
2026-09-19 21:12:19,Bengaluru,Jayanagar,12.925,77.5938,728444,Narmada Chain of Restaurant,2nd stage,BTM Bangalore,₹300 for two,Biryani|Andhra|South Indian,4.3,6.4K+,37,2.2,True,False,,,,410569,300.0,6400.0,none,0.0,0.0,,,,2,2,0,3,Biryani,0,5.703782474656201,8.764209507142004,300.0,0.4782608695652174
2026-09-19 21:12:19,Chennai,Adyar,13.0012,80.2565,728871,Baskin Robbins - Ice Cream Desserts,BESANT AVENUE ROAD,ADYAR,₹250 for two,Desserts|Ice Cream,4.6,1.6K+,12,0.8,True,True,ITEMS,AT ₹15,,5588,250.0,1600.0,item_price_point,0.0,0.0,,,15.0,1,59,1,2,Desserts,1,5.521460917862246,7.3783837129967145,250.0,0.24380165289256198
2026-09-19 21:12:19,Mumbai,Powai,19.1176,72.906,731683,La Pino'z Pizza,Rambaugh,"Shankaracharya Marg,Powai Mumbai",₹800 for two,Pizzas|Italian|Pastas|Mexican|Desserts|Beverages|Snacks|Combos|Fast Food,4.1,4.9K+,27,1.3,True,False,50% OFF,,FLAT DEAL,4961,800.0,4900.0,percent,50.0,0.0,,,,1,24,1,9,Pizzas,1,6.684611727667927,8.497194544909547,800.0,0.9739776951672863
2026-09-19 21:12:19,Chennai,Adyar,13.0012,80.2565,732718,Theobroma,Besant Nagar,Besant Nagar,₹400 for two,Desserts,4.6,4.5K+,18,3.0,True,False,ITEMS,AT ₹37,,1040,400.0,4500.0,item_price_point,0.0,0.0,,,37.0,1,44,1,1,Desserts,1,5.991464547107982,8.412054873292933,400.0,0.7396694214876033
2026-09-19 21:12:19,Pune,Hinjewadi,18.5913,73.7389,732719,Theobroma,Hinjawadi,Hinjawadi,₹400 for two,Desserts,4.4,2.5K+,9,1.3,True,False,ITEMS,AT ₹37,,1040,400.0,2500.0,item_price_point,0.0,0.0,,,37.0,1,44,1,1,Desserts,1,5.991464547107982,7.824445930877619,400.0,0.7365145228215768
2026-09-19 21:12:19,Mumbai,Thane West,19.2183,72.9781,733548,"House of Biryan- Biryani, Kepsa and More (HOB)",Majiwada Naka,Thane,₹500 for two,Biryani|Kebabs|Rolls|North Indian|Mughlai|Indian|Hyderabadi|Tandoor|Desserts|Beverages,4.2,5.7K+,28,0.4,True,False,50% OFF,,FLAT DEAL,788613,500.0,5700.0,percent,50.0,0.0,,,,1,5,1,10,Biryani,1,6.214608098422191,8.648396877031582,500.0,0.8921933085501859
2026-09-19 21:12:19,Chennai,T. Nagar,13.0418,80.2341,735362,The Belgian Waffle Co.,ASHOK NAGAR,PHASE 1,₹200 for two,Waffle|Desserts|Ice Cream,4.4,2.0K+,29,3.6,True,True,30% OFF,UPTO ₹60,,2233,200.0,2000.0,percent,30.0,0.0,60.0,,,1,47,1,3,Waffle,1,5.298317366548036,7.601402334583733,200.0,0.10950413223140495
2026-09-19 21:12:19,Kolkata,Dumdum,22.642,88.422,737484,Bikkgane Biryani,rajarhat new town,Chinar Park,₹500 for two,Biryani| Hyderabadi| Andhra| Lucknowi| Kolkata| Desserts|Beverages,4.3,8.4K+,41,5.0,True,False,65% OFF,UPTO ₹125,,5070,500.0,8400.0,percent,65.0,0.0,125.0,,,1,13,1,7,Biryani,1,6.214608098422191,9.036106025364846,500.0,0.8744493392070485
2026-09-19 21:12:19,Chennai,Tambaram,12.9249,80.1,737913,NH1 Bowls - Highway To North,Mudichur Road,Tambaram,₹250 for two,North Indian|Punjabi|Home Food,4.5,555,25,0.4,True,False,ITEMS,AT ₹119,,22452,250.0,555.0,item_price_point,0.0,0.0,,,119.0,1,25,1,3,North Indian,1,5.521460917862246,6.320768294250582,250.0,0.24380165289256198
2026-09-19 21:12:19,Chennai,Tambaram,12.9249,80.1,737914,ZAZA Mughal Biryani,Mudichur Road,Tambaram,₹250 for two,Biryani|North Indian|Awadhi,4.2,1.7K+,25,0.4,True,False,70% OFF,UPTO ₹140,,22473,250.0,1700.0,percent,70.0,0.0,140.0,,,1,26,1,3,Biryani,1,5.521460917862246,7.438971592395862,250.0,0.24380165289256198
2026-09-19 21:12:19,Chennai,Tambaram,12.9249,80.1,737919,LeanCrust Pizza- ThinCrust Experts,Mudichur Road,Tambaram,₹300 for two,Pizzas|Italian|Desserts,4.5,1.5K+,25,0.4,True,False,ITEMS,AT ₹149,,11216,300.0,1500.0,item_price_point,0.0,0.0,,,149.0,1,25,1,3,Pizzas,1,5.703782474656201,7.313886831633462,300.0,0.4049586776859504
2026-09-19 21:12:19,Chennai,Tambaram,12.9249,80.1,737920,MOJO Pizza - 2X Toppings,Mudichur Road,Tambaram,₹250 for two,Pizzas|Italian|Fast Food|Desserts,4.6,1.1K+,25,0.4,True,False,ITEMS,AT ₹99,,11329,250.0,1100.0,item_price_point,0.0,0.0,,,99.0,1,21,1,4,Pizzas,1,5.521460917862246,7.00397413672268,250.0,0.24380165289256198
2026-09-19 21:12:19,Mumbai,Vashi,19.0771,72.9986,737923,KFC,Vashi,Vashi,₹400 for two,Burgers|Fast Food|Rolls & Wraps,4.3,3.3K+,35,2.7,True,False,50% OFF,,FLAT DEAL,547,400.0,3300.0,percent,50.0,0.0,,,,1,58,1,3,Burgers,1,5.991464547107982,8.101980731853192,400.0,0.7193308550185874
2026-09-19 21:12:19,Delhi,Saket,28.5245,77.2066,738332,The Belgian Waffle Co.,SAKET DISTRICT CENTRE,MY SQUARE,₹200 for two,Desserts|Waffle|Coffee,4.7,455,46,2.4,True,True,30% OFF,UPTO ₹60,,2233,200.0,455.0,percent,30.0,0.0,60.0,,,1,47,1,3,Desserts,1,5.298317366548036,6.1224928095143865,200.0,0.08968609865470852
2026-09-19 21:12:19,Kolkata,New Town,22.58,88.46,738733,Food Bay,"AXIS MALL,WONDERLAN PARK",Rajarhat,₹350 for two,Snacks|Chinese|Fast Food,4.3,426,27,,True,False,,,,80975,350.0,426.0,none,0.0,0.0,,,,1,2,0,3,Snacks,0,5.857933154483459,6.056784013228625,350.0,0.5550660792951542
2026-09-19 21:12:19,Hyderabad,Secunderabad,17.4399,78.4983,738913,Telangana Spice Kitchen,SD Road,Secunderabad,₹500 for two,Chinese|Beverages,4.3,3.4K+,36,1.1,True,False,₹200 OFF,ABOVE ₹1199,FLAT DEAL,764740,500.0,3400.0,flat,0.0,200.0,,1199.0,,1,1,0,2,Chinese,1,6.214608098422191,8.131824785007195,500.0,0.8528138528138528
2026-09-19 21:12:19,Chennai,Nungambakkam,13.0569,80.2425,738938,Mani's Dum Biryani,jawaharlal nehru street,Vadapalani,₹500 for two,Andhra|Biryani|North Indian,4.6,12K+,29,4.5,True,False,ITEMS,AT ₹40,,623,500.0,12000.0,item_price_point,0.0,0.0,,,40.0,1,9,1,3,Andhra,1,6.214608098422191,9.392745258631441,500.0,0.9070247933884298
2026-09-19 21:12:19,Hyderabad,Kondapur,17.4615,78.3639,742304,Al Taza,Kothaguda,Kondapur,₹399 for two,Arabian|Beverages|Juices,4.4,3.5K+,23,0.9,True,False,ITEMS,AT ₹120,,405299,399.0,3500.0,item_price_point,0.0,0.0,,,120.0,1,1,0,3,Arabian,1,5.988961416889864,8.160803920954665,399.0,0.6320346320346321
2026-09-19 21:12:19,Bengaluru,Electronic City,12.8452,77.6602,744072,Boba Bhai - Bubble Tea & Korean Street Food,"2nd Cross, Phase 1",Electronic City,₹200 for two,Bubble Tea|Burger|Korean|Beverages|Fast Food|Juice and shake,4.0,1.4K+,35,0.7,True,False,ITEMS,AT ₹49,,361235,200.0,1400.0,item_price_point,0.0,0.0,,,49.0,1,1,0,6,Bubble Tea,1,5.298317366548036,7.244941546337007,200.0,0.08498023715415019
2026-09-19 21:12:19,Delhi,Mayur Vihar,28.6092,77.2952,744442,NIC Ice Creams,Shashi Garden,Mayur Vihar,₹120 for two,Ice Cream|Desserts,4.7,1.3K+,19,2.1,True,True,70% OFF,UPTO ₹140,,6249,120.0,1300.0,percent,70.0,0.0,140.0,,,1,35,1,2,Ice Cream,1,4.787491742782046,7.170888478512505,120.0,0.013452914798206279
2026-09-19 21:12:19,Pune,Wakad,18.5985,73.7625,745485,Hotel Varhadi,Wakad,Wakad,₹300 for two,North Indian|Maharashtrian|Biryani,3.9,599,19,0.7,True,False,ITEMS,AT ₹56,,378161,300.0,599.0,item_price_point,0.0,0.0,,,56.0,1,1,0,3,North Indian,1,5.703782474656201,6.396929655216146,300.0,0.42323651452282157
2026-09-19 21:12:19,Pune,Hinjewadi,18.5913,73.7389,745868,Olio - The Wood Fired Pizzeria,Hinjawadi,Haveli,₹300 for two,Pizzas|Pastas|Italian|Fast Food|Snacks|Beverages|Desserts,4.1,4.4K+,20,0.3,True,False,70% OFF,UPTO ₹140,,11633,300.0,4400.0,percent,70.0,0.0,140.0,,,1,12,1,7,Pizzas,1,5.703782474656201,8.38958706681109,300.0,0.42323651452282157
2026-09-19 21:12:19,Mumbai,Bandra West,19.0596,72.8295,746101,Bombay Sweet Shop,Darvesh Royale,Bandra West,₹700 for two,Sweets|Desserts|Snacks,4.6,2.7K+,20,,True,True,30% OFF,,FLAT DEAL,48883,700.0,2700.0,percent,30.0,0.0,,,,1,2,0,3,Sweets,1,6.551080335043404,7.901377353792616,700.0,0.9628252788104089
2026-09-19 21:12:19,Kolkata,Tollygunge,22.495,88.345,747678,KFC,Netaji Subhas Chandra Bose Road,Tollygunge,₹400 for two,Burgers|Fast Food|Rolls & Wraps,4.4,9.7K+,26,0.5,True,False,70% OFF,UPTO ₹140,,547,400.0,9700.0,percent,70.0,0.0,140.0,,,1,58,1,3,Burgers,1,5.991464547107982,9.179984251961283,400.0,0.6938325991189427
2026-09-19 21:12:19,Mumbai,Vashi,19.0771,72.9986,748076,Pizza Hut,Vashi,Vashi,₹350 for two,Pizzas,3.9,1.0K+,43,1.8,True,False,50% OFF,,FLAT DEAL,721,350.0,1000.0,percent,50.0,0.0,,,,1,46,1,1,Pizzas,1,5.857933154483459,6.90875477931522,350.0,0.5353159851301115
2026-09-19 21:12:19,Hyderabad,Begumpet,17.4435,78.4645,748258,Popeyes,Balkampet Road,Asian Satyam Mall,₹350 for two,Burgers|American|Roll,4.5,4.2K+,30,5.0,True,False,50% OFF,,FLAT DEAL,397044,350.0,4200.0,percent,50.0,0.0,,,,2,2,0,3,Burgers,1,5.857933154483459,8.343077871169383,350.0,0.6060606060606061
2026-09-19 21:12:19,Pune,Koregaon Park,18.5362,73.8939,749079,"Nourishing Farms - Salads, Sandwiches & Wraps",Viman Nagar,Viman Nagar,₹350 for two,Salads|Healthy Food|Snacks|Juices,4.2,1.5K+,34,5.0,True,False,ITEMS,AT ₹149,,764229,350.0,1500.0,item_price_point,0.0,0.0,,,149.0,2,2,0,4,Salads,1,5.857933154483459,7.313886831633462,350.0,0.549792531120332
2026-09-19 21:12:19,Mumbai,Borivali,19.2307,72.8567,749675,Chaayos Chai+Snacks=Relax,Shimpoli Road,Borivali,₹250 for two,Beverages|Chaat|Bakery|Snacks|Street Food|healthy|Home Food|Maharashtrian|Italian|Desserts,4.6,1.7K+,27,1.6,True,False,51% OFF,,FLAT DEAL,281782,250.0,1700.0,percent,51.0,0.0,,,,1,16,1,10,Beverages,1,5.521460917862246,7.438971592395862,250.0,0.2695167286245353
2026-09-19 21:12:19,Bengaluru,Whitefield,12.9698,77.75,750224,Daily Kitchen - Everyday Homely Meals,Opp.Post Office,Kadugodi,₹250 for two,Home Food|Indian|North Indian|Thalis,4.6,1.3K+,25,0.3,True,False,ITEMS,AT ₹139,,444382,250.0,1300.0,item_price_point,0.0,0.0,,,139.0,1,3,1,4,Home Food,1,5.521460917862246,7.170888478512505,250.0,0.25296442687747034
2026-09-19 21:12:19,Hyderabad,Begumpet,17.4435,78.4645,750351,Daily Kitchen - Everyday Homely Meals,TARA TOWERS AMEERPET,Khairatabad Circle No.17,₹250 for two,Home Food|Indian|North Indian|Thalis,4.6,1.8K+,25,4.3,True,False,ITEMS,AT ₹139,,444382,250.0,1800.0,item_price_point,0.0,0.0,,,139.0,1,3,1,4,Home Food,1,5.521460917862246,7.496097345175956,250.0,0.25757575757575757
2026-09-19 21:12:19,Bengaluru,Malleshwaram,13.0035,77.5647,750388,Daily Kitchen - Everyday Homely Meals,Jai Bheema Nagar,Race Course,₹250 for two,Home Food|Indian|North Indian|Thalis,4.5,588,25,2.5,True,False,ITEMS,AT ₹139,,444382,250.0,588.0,item_price_point,0.0,0.0,,,139.0,1,3,1,4,Home Food,1,5.521460917862246,6.3784261836515865,250.0,0.25296442687747034
2026-09-19 21:12:19,Delhi,Mayur Vihar,28.6092,77.2952,750690,Natural Ice Cream,Vikash Marg Rd,PREET VIHAR,₹150 for two,Ice Cream|Desserts,4.8,2.1K+,34,5.5,True,True,20% OFF,UPTO ₹50,,2093,150.0,2100.0,percent,20.0,0.0,50.0,,,1,22,1,2,Ice Cream,1,5.0106352940962555,7.650168700845001,150.0,0.03587443946188341
2026-09-19 21:12:19,Delhi,Mayur Vihar,28.6092,77.2952,751396,The Belgian Waffle Co.,PANDAV NAGAR,PATPARGANJ,₹200 for two,Desserts|Waffle|Coffee,4.6,1.5K+,24,0.7,True,True,ITEMS,AT ₹72,,2233,200.0,1500.0,item_price_point,0.0,0.0,,,72.0,1,47,1,3,Desserts,1,5.298317366548036,7.313886831633462,200.0,0.08968609865470852
2026-09-19 21:12:19,Chennai,Porur,13.0359,80.1567,752292,Namo Andhra,Moulivakkam,Kundrathur Main Road,₹350 for two,South Indian,4.1,1.1K+,23,2.6,True,True,ITEMS,AT ₹99,,507121,350.0,1100.0,item_price_point,0.0,0.0,,,99.0,1,9,1,1,South Indian,1,5.857933154483459,7.00397413672268,350.0,0.5516528925619835
2026-09-19 21:12:19,Delhi,Karol Bagh,28.6519,77.1909,752411,Olio - The Wood Fired Pizzeria,Payara Lal Road,Karol Bagh,₹300 for two,Pizzas|Pastas|Italian|Fast Food|Snacks|Beverages|Desserts,4.2,4.7K+,22,0.4,True,False,70% OFF,UPTO ₹140,,11633,300.0,4700.0,percent,70.0,0.0,140.0,,,1,12,1,7,Pizzas,1,5.703782474656201,8.45553053102413,300.0,0.3991031390134529
2026-09-19 21:12:19,Pune,Kothrud,18.5074,73.8077,752534,KFC,Karishma CHS,Kothrud,₹400 for two,Burgers|Fast Food|Rolls & Wraps,3.9,3.4K+,22,1.7,True,False,50% OFF,,FLAT DEAL,547,400.0,3400.0,percent,50.0,0.0,,,,1,58,1,3,Burgers,1,5.991464547107982,8.131824785007195,400.0,0.7365145228215768
2026-09-19 21:12:19,Delhi,Karol Bagh,28.6519,77.1909,753312,The Belgian Waffle Co.,Connaught Place,Connaught Place,₹200 for two,Desserts|Waffle|Coffee,4.7,1.5K+,30,3.9,True,True,ITEMS,AT ₹72,,2233,200.0,1500.0,item_price_point,0.0,0.0,,,72.0,2,47,1,3,Desserts,1,5.298317366548036,7.313886831633462,200.0,0.08968609865470852
2026-09-19 21:12:19,Hyderabad,Kukatpally,17.4849,78.4138,754375,Wendy's Burgers,Jayanagar Colony Kaman,Venkat Nagar Colony,₹200 for two,Burgers|Fast Food|wrap,3.8,5.1K+,35,2.3,True,False,ITEMS,AT ₹59,,972,200.0,5100.0,item_price_point,0.0,0.0,,,59.0,1,23,1,3,Burgers,1,5.298317366548036,8.537191877922927,200.0,0.09523809523809523
2026-09-19 21:12:19,Pune,Kharadi,18.5515,73.947,754377,Wendy's Burgers,PUNE NAGAR ROAD & SANGAMWADI,Kharadi,₹200 for two,Burgers|Fast Food|wrap,4.2,3.6K+,23,1.9,True,False,70% OFF,UPTO ₹140,,972,200.0,3600.0,percent,70.0,0.0,140.0,,,2,23,1,3,Burgers,1,5.298317366548036,8.188966863648876,200.0,0.12863070539419086
2026-09-19 21:12:19,Delhi,Pitampura,28.6942,77.1317,754966,Natural Ice Cream,SECTOR-7,Rohini,₹150 for two,Ice Cream|Desserts,4.7,1.7K+,20,2.4,True,True,20% OFF,UPTO ₹50,,2093,150.0,1700.0,percent,20.0,0.0,50.0,,,1,22,1,2,Ice Cream,1,5.0106352940962555,7.438971592395862,150.0,0.03587443946188341
2026-09-19 21:12:19,Pune,Wakad,18.5985,73.7625,755021,Wow! China,Wakad,Shankar kalat nagar,₹300 for two,Chinese|Asian|fastfood|Beverages|Snacks,3.5,717,32,0.9,True,False,70% OFF,UPTO ₹140,,226836,300.0,717.0,percent,70.0,0.0,140.0,,,1,20,1,5,Chinese,1,5.703782474656201,6.576469569048224,300.0,0.42323651452282157
2026-09-19 21:12:19,Mumbai,Borivali,19.2307,72.8567,755240,Louis Burger,ST. THOMAS CHURCH ROAD,BORIVALI WEST,₹600 for two,Burgers|American|Fast Food,4.2,1.8K+,48,2.8,True,False,ITEMS,AT ₹194,,22485,600.0,1800.0,item_price_point,0.0,0.0,,,194.0,1,5,1,3,Burgers,1,6.396929655216146,7.496097345175956,600.0,0.9405204460966543
2026-09-19 21:12:19,Mumbai,Vashi,19.0771,72.9986,757975,Punjab Se,Vashi,Vashi,₹300 for two,Indian|Punjabi|Chinese,4.2,1.7K+,29,1.2,True,True,₹75 OFF,ABOVE ₹399,FLAT DEAL,447755,300.0,1700.0,flat,0.0,75.0,,399.0,,1,1,0,3,Indian,1,5.703782474656201,7.438971592395862,300.0,0.4312267657992565
2026-09-19 21:12:19,Kolkata,Shyambazar,22.599,88.37,759237,Natural Ice Cream,LAKE TOWN,BANGUR,₹150 for two,Ice Cream|Desserts,4.8,2.8K+,34,4.7,True,True,20% OFF,UPTO ₹50,,2093,150.0,2800.0,percent,20.0,0.0,50.0,,,2,22,1,2,Ice Cream,1,5.0106352940962555,7.937731775260109,150.0,0.10572687224669604
2026-09-19 21:12:19,Pune,Aundh,18.559,73.8077,759846,Wendy's Burgers,Aundh,BANER,₹400 for two,Burgers|Fast Food|wrap,4.2,4.0K+,28,5.5,True,False,ITEMS,AT ₹59,,972,400.0,4000.0,item_price_point,0.0,0.0,,,59.0,1,23,1,3,Burgers,1,5.991464547107982,8.294299608857235,400.0,0.7365145228215768
2026-09-19 21:12:19,Hyderabad,Gachibowli,17.4401,78.3489,760536,Shree Balaji Family Dhaba.,Serlingampally,Nanakramguda,₹300 for two,Snacks|Chinese|Biryani,3.9,1.5K+,30,3.6,True,True,70% OFF,UPTO ₹140,,424869,300.0,1500.0,percent,70.0,0.0,140.0,,,1,1,0,3,Snacks,1,5.703782474656201,7.313886831633462,300.0,0.48484848484848486
2026-09-19 21:12:19,Bengaluru,Electronic City,12.8452,77.6602,760621,Namo Andhra,Dodda thoguru,Electronic City,₹350 for two,Andhra|Biryani|South Indian,4.2,397,37,1.6,True,True,₹100 OFF,ABOVE ₹449,FLAT DEAL,507121,350.0,397.0,flat,0.0,100.0,,449.0,,1,9,1,3,Andhra,1,5.857933154483459,5.986452005284438,350.0,0.6106719367588933
2026-09-19 21:12:19,Delhi,Vasant Kunj,28.52,77.1591,760635,Olio - The Wood Fired Pizzeria,MASOODPUR,Vasanth Kunj,₹300 for two,Pizzas|Pastas|Italian|Fast Food|Snacks|Beverages|Desserts,4.4,2.9K+,27,2.0,True,False,70% OFF,UPTO ₹140,,11633,300.0,2900.0,percent,70.0,0.0,140.0,,,1,12,1,7,Pizzas,1,5.703782474656201,7.972810784121404,300.0,0.3991031390134529
2026-09-19 21:12:19,Chennai,Adyar,13.0012,80.2565,762164,Pizza Hut,Adyar,Adyar,₹350 for two,Pizzas,4.2,3.4K+,27,1.2,True,False,50% OFF,,FLAT DEAL,721,350.0,3400.0,percent,50.0,0.0,,,,1,46,1,1,Pizzas,1,5.857933154483459,8.131824785007195,350.0,0.5516528925619835
2026-09-19 21:12:19,Bengaluru,Hebbal,13.0358,77.597,762378,Namo Andhra,Manorampalya,RT Nagar,₹350 for two,Andhra|Biryani|South Indian,4.6,606,30,1.8,True,True,₹100 OFF,ABOVE ₹449,FLAT DEAL,507121,350.0,606.0,flat,0.0,100.0,,449.0,,1,9,1,3,Andhra,1,5.857933154483459,6.408528791059498,350.0,0.6106719367588933
2026-09-19 21:12:19,Chennai,Velachery,12.9756,80.2207,762451,Namo Andhra,Mahatma Gandhi Road,OMR Perungudi,₹350 for two,Andhra|Biryani|South Indian,4.2,1.1K+,33,7.4,True,True,ITEMS,AT ₹99,,507121,350.0,1100.0,item_price_point,0.0,0.0,,,99.0,2,9,1,3,Andhra,1,5.857933154483459,7.00397413672268,350.0,0.5516528925619835
2026-09-19 21:12:19,Chennai,Tambaram,12.9249,80.1,762487,Namo Andhra,Indira Nagar,Tambaram,₹350 for two,South Indian,4.1,721,34,6.0,True,True,ITEMS,AT ₹99,,507121,350.0,721.0,item_price_point,0.0,0.0,,,99.0,1,9,1,1,South Indian,1,5.857933154483459,6.582025138892826,350.0,0.5516528925619835
2026-09-19 21:12:19,Bengaluru,HSR Layout,12.9116,77.6446,762490,Namo Andhra,Sector 2,HSR Layout,₹350 for two,South Indian,4.2,360,23,0.5,True,True,₹100 OFF,ABOVE ₹449,FLAT DEAL,507121,350.0,360.0,flat,0.0,100.0,,449.0,,1,9,1,1,South Indian,1,5.857933154483459,5.8888779583328805,350.0,0.6106719367588933
2026-09-19 21:12:19,Bengaluru,Whitefield,12.9698,77.75,762494,Namo Andhra,KR Puram,Whitefield,₹350 for two,South Indian,4.0,511,29,0.1,True,True,ITEMS,AT ₹209,,507121,350.0,511.0,item_price_point,0.0,0.0,,,209.0,1,9,1,1,South Indian,1,5.857933154483459,6.238324625039508,350.0,0.6106719367588933
2026-09-19 21:12:19,Pune,Koregaon Park,18.5362,73.8939,763016,The Belgian Waffle Co.,MUNDHWA ROAD,LAKE SHORE MALL,₹200 for two,Waffle|Desserts|Ice Cream,4.7,447,29,2.3,True,True,30% OFF,UPTO ₹60,,2233,200.0,447.0,percent,30.0,0.0,60.0,,,1,47,1,3,Waffle,1,5.298317366548036,6.104793232414985,200.0,0.12863070539419086
2026-09-19 21:12:19,Chennai,Anna Nagar,13.085,80.2101,765424,Namo Andhra,MOGAPPAIR WEST,Mogappair,₹350 for two,Andhra|Biryani|South Indian,4.1,706,32,4.9,True,True,ITEMS,AT ₹99,,507121,350.0,706.0,item_price_point,0.0,0.0,,,99.0,1,9,1,3,Andhra,1,5.857933154483459,6.561030665896573,350.0,0.5516528925619835
2026-09-19 21:12:19,Mumbai,Andheri West,19.1364,72.8296,766744,Cremure,S V Road,Jog Gor West,₹400 for two,Bakery|Desserts|Waffle|Beverages,4.6,8.7K+,30,2.2,True,False,ITEMS,AT ₹139,,351103,400.0,8700.0,item_price_point,0.0,0.0,,,139.0,1,3,1,4,Bakery,1,5.991464547107982,9.071193240566025,400.0,0.7193308550185874
2026-09-19 21:12:19,Chennai,Tambaram,12.9249,80.1,767212,KFC,Mudichur Road,West Tambaram,₹400 for two,Burgers|Fast Food|Rolls & Wraps,4.1,8.2K+,24,0.8,True,False,50% OFF,,FLAT DEAL,547,400.0,8200.0,percent,50.0,0.0,,,,1,58,1,3,Burgers,1,5.991464547107982,9.012011377036412,400.0,0.7396694214876033
2026-09-19 21:12:19,Pune,Hinjewadi,18.5913,73.7389,767765,Baskin Robbins - Ice Cream Desserts,Wakad,Phoenix Mall of Millennium,₹250 for two,Desserts|Ice Cream,4.4,71,25,3.0,True,True,ITEMS,AT ₹15,,5588,250.0,71.0,item_price_point,0.0,0.0,,,15.0,1,59,1,2,Desserts,1,5.521460917862246,4.276666119016055,250.0,0.2821576763485477
2026-09-19 21:12:19,Delhi,Janakpuri,28.6219,77.0878,767777,Bakingo,RAJOURI GARDEN,JANAKPURI,₹300 for two,Bakery|Desserts|Beverages|Snacks,4.5,5.5K+,18,1.1,True,False,70% OFF,UPTO ₹140,,3818,300.0,5500.0,percent,70.0,0.0,140.0,,,1,39,1,4,Bakery,1,5.703782474656201,8.612685172875459,300.0,0.3991031390134529
2026-09-19 21:12:19,Delhi,Saket,28.5245,77.2066,768470,Wendy's Burgers,Guru Gobind Singh Marg,Malviya Nagar,₹400 for two,Burgers|Fast Food|wrap,4.2,3.9K+,33,2.2,True,False,ITEMS,AT ₹59,,972,400.0,3900.0,item_price_point,0.0,0.0,,,59.0,1,23,1,3,Burgers,1,5.991464547107982,8.268988209506656,400.0,0.7511210762331838
2026-09-19 21:12:19,Hyderabad,Madhapur,17.4483,78.3915,768473,Wendy's Burgers,L&T E GALLERIA MALL,Hitech City,₹400 for two,Burgers|Fast Food|wrap,4.2,4.5K+,29,1.2,True,False,ITEMS,AT ₹59,,972,400.0,4500.0,item_price_point,0.0,0.0,,,59.0,1,23,1,3,Burgers,1,5.991464547107982,8.412054873292933,400.0,0.696969696969697
2026-09-19 21:12:19,Mumbai,Andheri West,19.1364,72.8296,768474,Wendy's Burgers,SMGK Associate Residency,Hill Park Complex,₹400 for two,Burgers|Fast Food|wrap,4.1,2.1K+,35,1.9,True,False,ITEMS,AT ₹59,,972,400.0,2100.0,item_price_point,0.0,0.0,,,59.0,1,23,1,3,Burgers,1,5.991464547107982,7.650168700845001,400.0,0.7193308550185874
2026-09-19 21:12:19,Bengaluru,Indiranagar,12.9784,77.6408,768475,Wendy's Burgers,Below Indirangar metro station,Indiranagar,₹400 for two,Burgers|Fast Food|wrap,4.1,4.1K+,30,0.3,True,False,ITEMS,AT ₹59,,972,400.0,4100.0,item_price_point,0.0,0.0,,,59.0,1,23,1,3,Burgers,1,5.991464547107982,8.31898612539206,400.0,0.7628458498023716
2026-09-19 21:12:19,Delhi,Lajpat Nagar,28.5677,77.2433,769069,California Burrito,East of Kailash,East of Kailash,₹250 for two,Mexican|American|Salads|Continental|Keto|Healthy Food|Beverages|Snacks|Desserts|Fast Food,4.6,8.8K+,30,2.4,True,False,,,,1252,250.0,8800.0,none,0.0,0.0,,,,1,15,1,10,Mexican,0,5.521460917862246,9.082620630373812,250.0,0.21973094170403587
2026-09-19 21:12:19,Chennai,Anna Nagar,13.085,80.2101,769574,Mani's Dum Biryani,Bazaar Road,Mogappair,₹500 for two,Indian,4.6,11K+,26,2.8,True,False,ITEMS,AT ₹40,,623,500.0,11000.0,item_price_point,0.0,0.0,,,40.0,1,9,1,1,Indian,1,6.214608098422191,9.305741456739435,500.0,0.9070247933884298
2026-09-19 21:12:19,Bengaluru,Koramangala,12.9352,77.6245,770707,Namo Andhra,Above Apollo Pharmacy,Koramangala,₹350 for two,South Indian,4.4,525,25,0.3,True,True,ITEMS,AT ₹209,,507121,350.0,525.0,item_price_point,0.0,0.0,,,209.0,1,9,1,1,South Indian,1,5.857933154483459,6.26530121273771,350.0,0.6106719367588933
2026-09-19 21:12:19,Kolkata,New Town,22.58,88.46,772029,McDonald's,Sector 5,Salt Lake,₹400 for two,American|Fast Food|Beverages,4.4,4.7K+,35,4.1,True,False,ITEMS,AT ₹58,,630,400.0,4700.0,item_price_point,0.0,0.0,,,58.0,1,55,1,3,American,1,5.991464547107982,8.45553053102413,400.0,0.6938325991189427
2026-09-19 21:12:19,Pune,Wakad,18.5985,73.7625,772299,McDonald's,W Biz,Wakad,₹400 for two,Burgers|Beverages|Cafe|Desserts,4.3,4.9K+,18,2.3,True,False,ITEMS,AT ₹64,,630,400.0,4900.0,item_price_point,0.0,0.0,,,64.0,1,55,1,4,Burgers,1,5.991464547107982,8.497194544909547,400.0,0.7365145228215768
2026-09-19 21:12:19,Chennai,Mylapore,13.0339,80.2698,775571,Theobroma,Alwarpet,Alwarpet,₹400 for two,Bakery|Desserts,4.6,5.2K+,19,2.7,True,False,ITEMS,AT ₹37,,1040,400.0,5200.0,item_price_point,0.0,0.0,,,37.0,1,44,1,2,Bakery,1,5.991464547107982,8.556606193773073,400.0,0.7396694214876033
2026-09-19 21:12:19,Mumbai,Dadar,19.0178,72.8478,775579,Sweet County Cake Shop,Matunga East,Matunga East,₹500 for two,Bakery|Cakes & Pastries,4.4,1.3K+,17,1.3,True,True,60% OFF,,FLAT DEAL,441853,500.0,1300.0,percent,60.0,0.0,,,,1,6,1,2,Bakery,1,6.214608098422191,7.170888478512505,500.0,0.8921933085501859
2026-09-19 21:12:19,Bengaluru,Marathahalli,12.9591,77.6974,775697,La Milano Pizzeria,Marathahalli,Marathahalli,₹299 for two,Pizzas|Italian|Desserts|Pastas|Mexican|Fast Food|Beverages|Salad,4.1,2.2K+,35,1.0,True,False,40% OFF,UPTO ₹80,,22533,299.0,2200.0,percent,40.0,0.0,80.0,,,1,1,0,8,Pizzas,1,5.700443573390687,7.696667081526462,299.0,0.3932806324110672
2026-09-19 21:12:19,Bengaluru,Malleshwaram,13.0035,77.5647,776939,The Belgian Waffle Co.,KODHANDARAMAPURAM,MALLESHWARM,₹200 for two,Waffle|Desserts|Ice Cream|Beverages,4.4,1.2K+,24,0.9,True,True,30% OFF,UPTO ₹60,,2233,200.0,1200.0,percent,30.0,0.0,60.0,,,1,47,1,4,Waffle,1,5.298317366548036,7.0909098220799835,200.0,0.08498023715415019
2026-09-19 21:12:19,Pune,Hinjewadi,18.5913,73.7389,777334,Central Khichdi,Mukai Nagar,Hinjewadi,₹139 for two,North Indian|Indian|Snacks|Beverages,4.2,1.6K+,12,1.2,True,True,ITEMS,AT ₹112,,463210,139.0,1600.0,item_price_point,0.0,0.0,,,112.0,1,1,0,4,North Indian,1,4.9344739331306915,7.3783837129967145,139.0,0.024896265560165973
2026-09-19 21:12:19,Bengaluru,Whitefield,12.9698,77.75,779830,Wendy's Burgers,HAGDUR ROAD,WHITEFIELD,₹400 for two,Burgers|Fast Food|wrap,4.1,2.6K+,29,1.1,True,False,ITEMS,AT ₹59,,972,400.0,2600.0,item_price_point,0.0,0.0,,,59.0,1,23,1,3,Burgers,1,5.991464547107982,7.8636512654486515,400.0,0.7628458498023716
2026-09-19 21:12:19,Kolkata,Salt Lake,22.58,88.42,781587,NH1 Bowls - Highway To North,SECTOR V,Salt Lake,₹250 for two,Punjabi|Home Food,4.7,1.7K+,25,2.7,True,False,ITEMS,AT ₹119,,22452,250.0,1700.0,item_price_point,0.0,0.0,,,119.0,1,25,1,2,Punjabi,1,5.521460917862246,7.438971592395862,250.0,0.2841409691629956
2026-09-19 21:12:19,Kolkata,Salt Lake,22.58,88.42,781588,ZAZA Mughal Biryani,SECTOR V,Salt Lake,₹250 for two,Biryani|Awadhi,4.6,1.7K+,25,2.7,True,False,70% OFF,UPTO ₹140,,22473,250.0,1700.0,percent,70.0,0.0,140.0,,,1,26,1,2,Biryani,1,5.521460917862246,7.438971592395862,250.0,0.2841409691629956
2026-09-19 21:12:19,Kolkata,Salt Lake,22.58,88.42,781593,LeanCrust Pizza- ThinCrust Experts,SECTOR V,Salt Lake,₹300 for two,Pizzas|Italian|Desserts,4.6,988,25,2.7,True,False,ITEMS,AT ₹149,,11216,300.0,988.0,item_price_point,0.0,0.0,,,149.0,1,25,1,3,Pizzas,1,5.703782474656201,6.8966943316227125,300.0,0.42290748898678415
2026-09-19 21:12:19,Kolkata,Salt Lake,22.58,88.42,781594,MOJO Pizza - 2X Toppings,SECTOR V,Salt Lake,₹250 for two,Pizzas|Italian|Fast Food|Desserts,4.7,1.0K+,25,2.7,True,False,ITEMS,AT ₹99,,11329,250.0,1000.0,item_price_point,0.0,0.0,,,99.0,1,21,1,4,Pizzas,1,5.521460917862246,6.90875477931522,250.0,0.2841409691629956
2026-09-19 21:12:19,Chennai,Adyar,13.0012,80.2565,782368,KFC,Gandhi Nagar,Adyar,₹400 for two,Burgers|Fast Food|Rolls & Wraps,4.0,4.1K+,15,1.2,True,False,50% OFF,,FLAT DEAL,547,400.0,4100.0,percent,50.0,0.0,,,,1,58,1,3,Burgers,1,5.991464547107982,8.31898612539206,400.0,0.7396694214876033
2026-09-19 21:12:19,Kolkata,New Town,22.58,88.46,785282,Wow! China,Newtown,Rajarhat,₹400 for two,Chinese|Asian|fastfood|Beverages|Snacks,4.0,2.8K+,27,,True,False,70% OFF,UPTO ₹140,,226836,400.0,2800.0,percent,70.0,0.0,140.0,,,1,20,1,5,Chinese,1,5.991464547107982,7.937731775260109,400.0,0.6938325991189427
2026-09-19 21:12:19,Mumbai,Chembur,19.0522,72.9005,785563,Cafe Irani Chaii,Hemu Kalani Marg,Chembur,₹300 for two,Parsi|Cafe|Indian|Snacks,4.5,2.5K+,26,1.4,True,False,₹550 OFF,ABOVE ₹2499,FLAT DEAL,53360,300.0,2500.0,flat,0.0,550.0,,2499.0,,1,1,0,4,Parsi,1,5.703782474656201,7.824445930877619,300.0,0.4312267657992565
2026-09-19 21:12:19,Hyderabad,Secunderabad,17.4399,78.4983,788229,Baskin Robbins - Ice Cream Desserts,ASHA APARTMENT,PRENDERGHAST ROAD,₹250 for two,Desserts|Ice Cream,4.7,339,30,2.0,True,True,ITEMS,AT ₹15,,5588,250.0,339.0,item_price_point,0.0,0.0,,,15.0,2,59,1,2,Desserts,1,5.521460917862246,5.8289456176102075,250.0,0.25757575757575757
2026-09-19 21:12:19,Chennai,Nungambakkam,13.0569,80.2425,789332,Bask by Coffee,Teynampet,Teynampet,₹800 for two,Beverages|Italian|Snacks|Thai,4.5,2.1K+,39,2.9,True,False,,,,469054,800.0,2100.0,none,0.0,0.0,,,,3,2,0,4,Beverages,0,6.684611727667927,7.650168700845001,800.0,0.993801652892562
2026-09-19 21:12:19,Mumbai,Malad West,19.1868,72.8484,790135,The Belgian Waffle Co.,UNITY HEIGHTS,MALAD,₹200 for two,Waffle|Desserts|Ice Cream,4.4,1.0K+,32,0.9,True,True,30% OFF,UPTO ₹60,,2233,200.0,1000.0,percent,30.0,0.0,60.0,,,1,47,1,3,Waffle,1,5.298317366548036,6.90875477931522,200.0,0.13382899628252787
2026-09-19 21:12:19,Hyderabad,Kondapur,17.4615,78.3639,794531,AnTeRa Kitchen and Bar,Konstruct Building 1,Gachibowli,₹650 for two,Chinese|Tandoor|Indian|Beverages,4.3,8.3K+,34,4.1,True,False,ITEMS,AT ₹112,,237768,650.0,8300.0,item_price_point,0.0,0.0,,,112.0,2,2,0,4,Chinese,1,6.476972362889683,9.024131268455035,650.0,0.9264069264069265
2026-09-19 21:12:19,Chennai,Adyar,13.0012,80.2565,795118,The Belgian Waffle Co.,URUR VILLAGE,Besant Nagar,₹200 for two,Waffle|Desserts|Ice Cream,4.6,1.2K+,26,2.8,True,True,30% OFF,UPTO ₹60,,2233,200.0,1200.0,percent,30.0,0.0,60.0,,,1,47,1,3,Waffle,1,5.298317366548036,7.0909098220799835,200.0,0.10950413223140495
2026-09-19 21:12:19,Kolkata,Park Street,22.553,88.352,795338,Taco Bell,Park Street Area,Park Street,₹300 for two,Mexican|Fast Food|Snacks,4.4,3.5K+,20,0.3,True,False,65% OFF,UPTO ₹125,,1557,300.0,3500.0,percent,65.0,0.0,125.0,,,1,20,1,3,Mexican,1,5.703782474656201,8.160803920954665,300.0,0.42290748898678415
2026-09-19 21:12:19,Delhi,Mayur Vihar,28.6092,77.2952,798794,Bakingo,Patpargangj,MAYUR VIHAR,₹299 for two,Bakery|Desserts|Beverages|Snacks,4.6,4.2K+,16,0.5,True,False,ITEMS,AT ₹69,,3818,299.0,4200.0,item_price_point,0.0,0.0,,,69.0,1,39,1,4,Bakery,1,5.700443573390687,8.343077871169383,299.0,0.32286995515695066
2026-09-19 21:12:19,Hyderabad,Kukatpally,17.4849,78.4138,798842,Harley's Fine Baking,Nahar chowk,Kukatpally,₹500 for two,Bakery|Desserts,4.5,1.4K+,31,2.5,True,True,ITEMS,AT ₹199,,11126,500.0,1400.0,item_price_point,0.0,0.0,,,199.0,1,2,0,2,Bakery,1,6.214608098422191,7.244941546337007,500.0,0.8528138528138528
2026-09-19 21:12:19,Pune,Viman Nagar,18.5679,73.9143,799649,RushHrs,Nehrunagar,Viman Nagar,₹250 for two,Burgers|American|Rolls & Wraps|Beverages|Fast Food|Salads|Desserts,4.4,1.4K+,19,0.9,True,False,70% OFF,UPTO ₹140,,791,250.0,1400.0,percent,70.0,0.0,140.0,,,2,4,1,7,Burgers,1,5.521460917862246,7.244941546337007,250.0,0.2821576763485477
2026-09-19 21:12:19,Mumbai,Bandra West,19.0596,72.8295,799856,Magnolia Bakery,Panchasheel Nagar,Bandra West,₹600 for two,Bakery|Desserts,4.6,4.5K+,21,0.1,True,False,70% OFF,UPTO ₹140,,267303,600.0,4500.0,percent,70.0,0.0,140.0,,,1,2,0,2,Bakery,1,6.396929655216146,8.412054873292933,600.0,0.9405204460966543
2026-09-19 21:12:19,Kolkata,Garia,22.465,88.39,801428,"Makhani Darbar: Curries, Breads & Beyond",Garia Station Road,ANUKUL CHANDRA ROAD,₹500 for two,Biryani|North Indian|Kebabs|Mughlai|Beverages|Desserts,4.2,278,27,1.3,True,False,ITEMS,AT ₹89,,478595,500.0,278.0,item_price_point,0.0,0.0,,,89.0,1,1,0,6,Biryani,1,6.214608098422191,5.631211781821365,500.0,0.8744493392070485
2026-09-19 21:12:19,Mumbai,Thane West,19.2183,72.9781,803407,La Pino'z Pizza,Kolshet Road,Ganu Gurav Chawl,₹250 for two,Pizzas|Italian|Pastas|Mexican|Desserts|Beverages|Snacks|Combos|Fast Food,4.0,3.3K+,26,0.9,True,False,50% OFF,,FLAT DEAL,4961,250.0,3300.0,percent,50.0,0.0,,,,1,24,1,9,Pizzas,1,5.521460917862246,8.101980731853192,250.0,0.2695167286245353
2026-09-19 21:12:19,Mumbai,Vashi,19.0771,72.9986,803481,"House of Biryan- Biryani, Kepsa and More (HOB)",Navi Mumbai,Vashi,₹300 for two,Biryani|Kebabs|Rolls|North Indian|Mughlai|Indian|Hyderabadi|Tandoor|Desserts|Beverages,4.1,2.0K+,19,1.3,True,False,50% OFF,,FLAT DEAL,788613,300.0,2000.0,percent,50.0,0.0,,,,1,5,1,10,Biryani,1,5.703782474656201,7.601402334583733,300.0,0.4312267657992565
2026-09-19 21:12:19,Pune,Aundh,18.559,73.8077,804128,Good Flippin' Burgers,Shroff Suyash,Baner,₹600 for two,Burgers|American|Fast Food|Beverages|Wraps|Coffee,4.5,4.3K+,26,4.4,True,False,ITEMS,AT ₹195,,11748,600.0,4300.0,item_price_point,0.0,0.0,,,195.0,1,4,1,6,Burgers,1,6.396929655216146,8.366602832783736,600.0,0.966804979253112
2026-09-19 21:12:19,Kolkata,Tollygunge,22.495,88.345,804248,McDonald's,Rash Behari Avenue,Lake Mall,₹400 for two,American|Fast Food|Beverages,4.4,6.3K+,50,3.0,True,False,ITEMS,AT ₹58,,630,400.0,6300.0,item_price_point,0.0,0.0,,,58.0,1,55,1,3,American,1,5.991464547107982,8.748463629942055,400.0,0.6938325991189427
2026-09-19 21:12:19,Kolkata,New Town,22.58,88.46,805284,Burger King,Axis Mall,Rajarhat,₹350 for two,Burgers|American,4.3,9.0K+,26,,True,False,ITEMS,AT ₹59,,166,350.0,9000.0,item_price_point,0.0,0.0,,,59.0,1,44,1,2,Burgers,1,5.857933154483459,9.105090961257085,350.0,0.5550660792951542
2026-09-19 21:12:19,Chennai,Perambur,13.1143,80.233,806605,Wow! China,Konnur High Road,Ayanavaram,₹400 for two,Chinese|Asian|fastfood|Beverages|Snacks,3.6,1.3K+,33,3.0,True,False,70% OFF,UPTO ₹140,,226836,400.0,1300.0,percent,70.0,0.0,140.0,,,1,20,1,5,Chinese,1,5.991464547107982,7.170888478512505,400.0,0.7396694214876033
2026-09-19 21:12:19,Delhi,Lajpat Nagar,28.5677,77.2433,807782,Burger King,Delhi,Lajpat Nagar2,₹350 for two,Burgers|American,4.3,9.9K+,18,0.1,True,False,ITEMS,AT ₹39,,166,350.0,9900.0,item_price_point,0.0,0.0,,,39.0,1,44,1,2,Burgers,1,5.857933154483459,9.200391041122515,350.0,0.5381165919282511
2026-09-19 21:12:19,Chennai,Mylapore,13.0339,80.2698,808104,Burger King,Gandhi Nagar,Adyar,₹350 for two,Burgers|American,4.3,9.1K+,33,5.0,True,False,ITEMS,AT ₹39,,166,350.0,9100.0,item_price_point,0.0,0.0,,,39.0,2,44,1,2,Burgers,1,5.857933154483459,9.116139576577355,350.0,0.5516528925619835
2026-09-19 21:12:19,Chennai,OMR Thoraipakkam,12.94,80.234,808105,Burger King,Nehru Nagar,OMR Thoraipakam,₹350 for two,Burgers|American,4.3,6.6K+,21,4.0,True,False,ITEMS,AT ₹39,,166,350.0,6600.0,item_price_point,0.0,0.0,,,39.0,1,44,1,2,Burgers,1,5.857933154483459,8.79497643168877,350.0,0.5516528925619835
2026-09-19 21:12:19,Kolkata,Behala,22.4989,88.318,810457,FNP Cakes By Ferns N Petals,New Alipore,WARD NO. 081,₹499 for two,Desserts|Bakery|Sweets|Ice Cream|Beverages|North Indian|Chinese,4.1,261,30,1.9,True,True,,,,339638,499.0,261.0,none,0.0,0.0,,,,1,1,0,7,Desserts,0,6.212606095751519,5.568344503761097,499.0,0.8281938325991189
2026-09-19 21:12:19,Pune,Camp,18.5158,73.8785,810708,Pind Punjab,Camp,Camp,₹400 for two,North Indian| Biryani| Mughlai| Punjabi| Indian|Kebabs|Thalis|Chinese|Beverages|Desserts,4.0,4.0K+,23,0.7,True,False,70% OFF,UPTO ₹140,,4196,400.0,4000.0,percent,70.0,0.0,140.0,,,1,4,1,10,North Indian,1,5.991464547107982,8.294299608857235,400.0,0.7365145228215768
2026-09-19 21:12:19,Kolkata,New Town,22.58,88.46,810765,NH1 Bowls - Highway To North,Street Number 352,Rajarhat,₹250 for two,Punjabi|Home Food,4.7,1.6K+,25,0.6,True,False,ITEMS,AT ₹119,,22452,250.0,1600.0,item_price_point,0.0,0.0,,,119.0,1,25,1,2,Punjabi,1,5.521460917862246,7.3783837129967145,250.0,0.2841409691629956
2026-09-19 21:12:19,Kolkata,New Town,22.58,88.46,810766,ZAZA Mughal Biryani,Street Number 352,Rajarhat,₹250 for two,Biryani|Awadhi,4.7,1.8K+,25,0.6,True,False,70% OFF,UPTO ₹140,,22473,250.0,1800.0,percent,70.0,0.0,140.0,,,1,26,1,2,Biryani,1,5.521460917862246,7.496097345175956,250.0,0.2841409691629956
2026-09-19 21:12:19,Kolkata,New Town,22.58,88.46,810771,LeanCrust Pizza- ThinCrust Experts,Street Number 352,Rajarhat,₹300 for two,Pizzas|Italian|Desserts,4.6,1.2K+,25,0.6,True,False,ITEMS,AT ₹149,,11216,300.0,1200.0,item_price_point,0.0,0.0,,,149.0,1,25,1,3,Pizzas,1,5.703782474656201,7.0909098220799835,300.0,0.42290748898678415
2026-09-19 21:12:19,Kolkata,New Town,22.58,88.46,810772,MOJO Pizza - 2X Toppings,Street Number 352,Rajarhat,₹250 for two,Pizzas|Italian|Fast Food|Desserts,4.7,1.2K+,25,0.6,True,False,ITEMS,AT ₹99,,11329,250.0,1200.0,item_price_point,0.0,0.0,,,99.0,1,21,1,4,Pizzas,1,5.521460917862246,7.0909098220799835,250.0,0.2841409691629956
2026-09-19 21:12:19,Pune,Aundh,18.559,73.8077,814793,Barbeque Nation,Wireless Colony,Harmony Society,₹600 for two,North Indian|Barbecue|Kebabs|Biryani|Street Food|Snacks,3.8,513,28,0.9,True,False,ITEMS,AT ₹149,,2438,600.0,513.0,item_price_point,0.0,0.0,,,149.0,1,8,1,6,North Indian,1,6.396929655216146,6.2422232654551655,600.0,0.966804979253112
2026-09-19 21:12:19,Chennai,Velachery,12.9756,80.2207,815923,Olio - The Wood Fired Pizzeria,Gopal Street,Taramani,₹300 for two,Pizzas|Pastas|Italian|Fast Food|Snacks|Beverages|Desserts,4.1,1.7K+,28,0.8,True,False,70% OFF,UPTO ₹140,,11633,300.0,1700.0,percent,70.0,0.0,140.0,,,1,12,1,7,Pizzas,1,5.703782474656201,7.438971592395862,300.0,0.4049586776859504
2026-09-19 21:12:19,Bengaluru,Electronic City,12.8452,77.6602,816059,Salad Days,Electronic City,Electronic city,₹500 for two,Salads|healthy|food|Snacks,4.5,2.7K+,27,1.4,True,False,ITEMS,AT ₹129,,796,500.0,2700.0,item_price_point,0.0,0.0,,,129.0,1,2,0,4,Salads,1,6.214608098422191,7.901377353792616,500.0,0.9387351778656127
2026-09-19 21:12:19,Mumbai,Bandra West,19.0596,72.8295,816077,Cremure,Bandra West,Bandra West,₹400 for two,Bakery|Desserts|Waffle|Beverages,4.5,4.3K+,19,0.9,True,False,ITEMS,AT ₹129,,351103,400.0,4300.0,item_price_point,0.0,0.0,,,129.0,1,3,1,4,Bakery,1,5.991464547107982,8.366602832783736,400.0,0.7193308550185874
2026-09-19 21:12:19,Mumbai,Vashi,19.0771,72.9986,818333,The Kerala Table,Vashi,Vashi,₹400 for two,Kerala|South Indian|Chinese|Indian,4.3,2.2K+,31,1.6,True,False,ITEMS,AT ₹39,,487679,400.0,2200.0,item_price_point,0.0,0.0,,,39.0,1,1,0,4,Kerala,1,5.991464547107982,7.696667081526462,400.0,0.7193308550185874
2026-09-19 21:12:19,Pune,Kharadi,18.5515,73.947,818595,Olio - The Wood Fired Pizzeria,Wadgaon Sheri,Ganesh Nagar,₹300 for two,Pizzas|Pastas|Italian|Fast Food|Snacks|Beverages|Desserts,4.0,2.2K+,32,3.0,True,False,70% OFF,UPTO ₹140,,11633,300.0,2200.0,percent,70.0,0.0,140.0,,,1,12,1,7,Pizzas,1,5.703782474656201,7.696667081526462,300.0,0.42323651452282157
2026-09-19 21:12:19,Delhi,Karol Bagh,28.6519,77.1909,820621,Snowberry Artisanal Desserts,Connaught Place,Connaught Place,₹400 for two,Desserts|Cakes|Waffle|Beverages,4.4,387,33,4.3,True,True,₹50 OFF,ABOVE ₹349,FLAT DEAL,585765,400.0,387.0,flat,0.0,50.0,,349.0,,2,2,0,4,Desserts,1,5.991464547107982,5.961005339623274,400.0,0.7511210762331838
2026-09-19 21:12:19,Kolkata,Dumdum,22.642,88.422,824577,Olio - The Wood Fired Pizzeria,Mayurakshi Apartment,Kalindi Housing,₹300 for two,Pizzas|Pastas|Italian|Fast Food|Snacks|Beverages|Desserts,4.3,2.8K+,53,4.9,True,False,70% OFF,UPTO ₹140,,11633,300.0,2800.0,percent,70.0,0.0,140.0,,,1,12,1,7,Pizzas,1,5.703782474656201,7.937731775260109,300.0,0.42290748898678415
2026-09-19 21:12:19,Kolkata,Garia,22.465,88.39,824870,Tea Chai,Jadavpur,Jadavpur,₹200 for two,Beverages|Snacks,4.6,2.5K+,46,5.0,True,False,₹125 OFF,ABOVE ₹199,FLAT DEAL,202657,200.0,2500.0,flat,0.0,125.0,,199.0,,1,2,0,2,Beverages,1,5.298317366548036,7.824445930877619,200.0,0.19162995594713655
2026-09-19 21:12:19,Kolkata,New Town,22.58,88.46,824957,The Belgian Waffle Co.,NEWTOWN,Rajarhat,₹200 for two,Waffle|Desserts|Ice Cream,4.6,1.6K+,21,,True,True,ITEMS,AT ₹72,,2233,200.0,1600.0,item_price_point,0.0,0.0,,,72.0,1,47,1,3,Waffle,1,5.298317366548036,7.3783837129967145,200.0,0.19162995594713655
2026-09-19 21:12:19,Chennai,OMR Thoraipakkam,12.94,80.234,825599,Theobroma,Perungudi,Chromepet,₹300 for two,Bakery|Desserts|Beverages,4.5,3.3K+,32,5.6,True,False,ITEMS,AT ₹37,,1040,300.0,3300.0,item_price_point,0.0,0.0,,,37.0,2,44,1,3,Bakery,1,5.703782474656201,8.101980731853192,300.0,0.4049586776859504
2026-09-19 21:12:19,Kolkata,Howrah,22.5958,88.2636,826316,The Belgian Waffle Co.,HOWRAH,AVANI REVERSIDE MALL,₹200 for two,Waffle|Desserts|Ice Cream,4.7,652,77,9.6,True,True,10% OFF,,FLAT DEAL,2233,200.0,652.0,percent,10.0,0.0,,,,1,47,1,3,Waffle,1,5.298317366548036,6.481577129276431,200.0,0.19162995594713655
2026-09-19 21:12:19,Chennai,Porur,13.0359,80.1567,826377,Baskin Robbins - Ice Cream Desserts,Karambakkam,Mahalakshmi Nagar,₹250 for two,Desserts|Ice Cream,4.5,1.0K+,15,0.2,True,True,ITEMS,AT ₹15,,5588,250.0,1000.0,item_price_point,0.0,0.0,,,15.0,1,59,1,2,Desserts,1,5.521460917862246,6.90875477931522,250.0,0.24380165289256198
2026-09-19 21:12:19,Delhi,Mayur Vihar,28.6092,77.2952,828372,Theobroma,Mayur Vihar Phase 1,Mayur Vihar Phase - 1,₹300 for two,Bakery|Desserts|Beverages,4.5,1.6K+,19,2.3,True,False,ITEMS,AT ₹36,,1040,300.0,1600.0,item_price_point,0.0,0.0,,,36.0,1,44,1,3,Bakery,1,5.703782474656201,7.3783837129967145,300.0,0.3991031390134529
2026-09-19 21:12:19,Hyderabad,Kukatpally,17.4849,78.4138,832054,Grameen Kulfi,Bagh Ameer,Kukatpally,₹120 for two,Ice Cream|Desserts,4.7,366,21,1.0,True,True,ITEMS,AT ₹59,,12175,120.0,366.0,item_price_point,0.0,0.0,,,59.0,1,10,1,2,Ice Cream,1,4.787491742782046,5.905361848054571,120.0,0.023809523809523808
2026-09-19 21:12:19,Hyderabad,Madhapur,17.4483,78.3915,833925,Olio - The Wood Fired Pizzeria,ANDRA BASTI,BHAGYALAKSHMI TOWRS,₹300 for two,Pizzas|Pastas|Italian|Fast Food|Snacks|Beverages|Desserts,4.2,3.7K+,24,0.6,True,False,70% OFF,UPTO ₹140,,11633,300.0,3700.0,percent,70.0,0.0,140.0,,,1,12,1,7,Pizzas,1,5.703782474656201,8.216358332386156,300.0,0.48484848484848486
2026-09-19 21:12:19,Delhi,Karol Bagh,28.6519,77.1909,834246,Andhra Kodi Pulao,WEA,Karol Bagh,₹350 for two,Andhra| Biryani| Hyderabadi| Desserts|Beverages,4.1,488,24,0.8,True,False,ITEMS,AT ₹129,,11064,350.0,488.0,item_price_point,0.0,0.0,,,129.0,1,1,0,5,Andhra,1,5.857933154483459,6.192362489474872,350.0,0.5381165919282511
2026-09-19 21:12:19,Bengaluru,HSR Layout,12.9116,77.6446,834576,Koriken,HSR Layout,HSR Layout,₹500 for two,Korean,4.3,2.7K+,31,0.9,True,False,70% OFF,UPTO ₹140,,305814,500.0,2700.0,percent,70.0,0.0,140.0,,,1,1,0,1,Korean,1,6.214608098422191,7.901377353792616,500.0,0.9387351778656127
2026-09-19 21:12:19,Pune,Kothrud,18.5074,73.8077,834978,Good Flippin' Burgers,Senapati Bapat Road,Pavilion Mall,₹600 for two,Burgers|American|Fast Food|Beverages|Wraps|Coffee,4.5,2.2K+,31,5.8,True,False,ITEMS,AT ₹195,,11748,600.0,2200.0,item_price_point,0.0,0.0,,,195.0,1,4,1,6,Burgers,1,6.396929655216146,7.696667081526462,600.0,0.966804979253112
2026-09-19 21:12:19,Delhi,Connaught Place,28.6315,77.2167,836075,California Burrito,Karol Bagh,Karol Bagh,₹250 for two,Mexican|American|Salads|Continental|Keto|Healthy Food|Beverages|Snacks|Desserts|Fast Food,4.6,7.3K+,31,3.9,True,False,ITEMS,AT ₹89,,1252,250.0,7300.0,item_price_point,0.0,0.0,,,89.0,2,15,1,10,Mexican,1,5.521460917862246,8.895766604056085,250.0,0.21973094170403587
2026-09-19 21:12:19,Chennai,OMR Thoraipakkam,12.94,80.234,836309,NH1 Bowls - Highway To North,OMR,Nehru Nagar,₹250 for two,Punjabi|Home Food,4.5,739,25,0.3,True,False,ITEMS,AT ₹119,,22452,250.0,739.0,item_price_point,0.0,0.0,,,119.0,1,25,1,2,Punjabi,1,5.521460917862246,6.606650186198215,250.0,0.24380165289256198
2026-09-19 21:12:19,Chennai,OMR Thoraipakkam,12.94,80.234,836310,ZAZA Mughal Biryani,OMR,Nehru Nagar,₹250 for two,Biryani|Awadhi,4.2,1.1K+,25,0.3,True,False,70% OFF,UPTO ₹140,,22473,250.0,1100.0,percent,70.0,0.0,140.0,,,1,26,1,2,Biryani,1,5.521460917862246,7.00397413672268,250.0,0.24380165289256198
2026-09-19 21:12:19,Chennai,OMR Thoraipakkam,12.94,80.234,836312,"WeFit - Protein Bowls, Salads & Sandwiches",OMR,Nehru Nagar,₹250 for two,Healthy Food|Salads|Keto|Snacks,4.6,1.8K+,25,0.3,True,False,ITEMS,AT ₹119,,355285,250.0,1800.0,item_price_point,0.0,0.0,,,119.0,1,22,1,4,Healthy Food,1,5.521460917862246,7.496097345175956,250.0,0.24380165289256198
2026-09-19 21:12:19,Kolkata,Salt Lake,22.58,88.42,836578,Bakingo,Golaghata VIP road,Salt Lake,₹299 for two,Bakery|Desserts|Beverages|Snacks,4.6,5.1K+,40,4.9,True,False,ITEMS,AT ₹649,,3818,299.0,5100.0,item_price_point,0.0,0.0,,,649.0,2,39,1,4,Bakery,1,5.700443573390687,8.537191877922927,299.0,0.33480176211453744
2026-09-19 21:12:19,Hyderabad,Miyapur,17.4968,78.3577,837814,The Pizza Project by Oven Story,Hafeezpet,Hafeezpet,₹400 for two,Pizzas|Italian|Desserts|Beverages,4.4,210,35,1.7,True,False,ITEMS,AT ₹139,,497031,400.0,210.0,item_price_point,0.0,0.0,,,139.0,1,2,0,4,Pizzas,1,5.991464547107982,5.351858133476067,400.0,0.696969696969697
2026-09-19 21:12:19,Kolkata,Garia,22.465,88.39,837988,The Pizza Project by Oven Story,ANUKUL CHANDRA ROAD,Garia,₹400 for two,Pizzas|Italian|Desserts|Beverages,4.3,441,27,1.3,True,False,ITEMS,AT ₹139,,497031,400.0,441.0,item_price_point,0.0,0.0,,,139.0,1,2,0,4,Pizzas,1,5.991464547107982,6.091309882077698,400.0,0.6938325991189427
2026-09-19 21:12:19,Mumbai,Borivali,19.2307,72.8567,840354,MM Mithaiwala,Chinchpada,Borivali,₹200 for two,Sweets|Indian|South Indian,4.4,3.8K+,34,2.7,True,True,₹200 OFF,ABOVE ₹849,FLAT DEAL,137415,200.0,3800.0,flat,0.0,200.0,,849.0,,1,1,0,3,Sweets,1,5.298317366548036,8.24301946898925,200.0,0.13382899628252787
2026-09-19 21:12:19,Kolkata,Salt Lake,22.58,88.42,841018,CakeZone Patisserie,96TH STREET,NEWTOWN,₹200 for two,Bakery|Desserts|Sweets|Ice Cream,4.5,2.4K+,28,5.0,True,False,70% OFF,UPTO ₹140,,7003,200.0,2400.0,percent,70.0,0.0,140.0,,,1,11,1,4,Bakery,1,5.298317366548036,7.783640596221253,200.0,0.19162995594713655
2026-09-19 21:12:19,Delhi,Janakpuri,28.6219,77.0878,841150,The Belgian Waffle Co.,WEST METRO STATION COMPLEX,Janakpuri,₹200 for two,Desserts|Waffle|Coffee,4.5,1.6K+,29,1.9,True,True,30% OFF,UPTO ₹60,,2233,200.0,1600.0,percent,30.0,0.0,60.0,,,1,47,1,3,Desserts,1,5.298317366548036,7.3783837129967145,200.0,0.08968609865470852
2026-09-19 21:12:19,Chennai,Velachery,12.9756,80.2207,841478,California Burrito,Vijaya Nagar,Velachery,₹250 for two,Mexican|American|Salads|Continental|Keto|Healthy Food|Beverages|Snacks|Desserts|Fast Food,4.6,9.6K+,17,0.3,True,False,,,,1252,250.0,9600.0,none,0.0,0.0,,,,1,15,1,10,Mexican,0,5.521460917862246,9.169622538697624,250.0,0.24380165289256198
2026-09-19 21:12:19,Hyderabad,Miyapur,17.4968,78.3577,843575,Go Zero Ice Creams & Desserts,Madinaguda,Miyapur,₹150 for two,Ice Cream|Desserts|Healthy Food,4.2,280,26,1.6,True,True,70% OFF,UPTO ₹140,,343689,150.0,280.0,percent,70.0,0.0,140.0,,,1,1,0,3,Ice Cream,1,5.0106352940962555,5.638354669333745,150.0,0.05194805194805195
2026-09-19 21:12:19,Delhi,Janakpuri,28.6219,77.0878,846389,Creme Castle - Cakes And Desserts,DWARKA,Cblock Janakpuri,₹400 for two,Bakery|Desserts|Cakes,4.6,2.9K+,14,0.4,True,False,70% OFF,UPTO ₹140,,567576,400.0,2900.0,percent,70.0,0.0,140.0,,,1,3,1,3,Bakery,1,5.991464547107982,7.972810784121404,400.0,0.7511210762331838
2026-09-19 21:12:19,Pune,Hinjewadi,18.5913,73.7389,846892,Vishwanath Palace,Pashan,Wakad,₹300 for two,Indian|Chinese|South Indian|Juices|Beverages|Snacks,4.3,2.4K+,23,2.6,True,True,70% OFF,UPTO ₹140,,500343,300.0,2400.0,percent,70.0,0.0,140.0,,,2,1,0,6,Indian,1,5.703782474656201,7.783640596221253,300.0,0.42323651452282157
2026-09-19 21:12:19,Chennai,Perambur,13.1143,80.233,848520,KFC,MTH Road,Villivakkam,₹400 for two,Burgers|Fast Food|Rolls & Wraps,4.1,4.2K+,28,4.5,True,False,70% OFF,UPTO ₹140,,547,400.0,4200.0,percent,70.0,0.0,140.0,,,1,58,1,3,Burgers,1,5.991464547107982,8.343077871169383,400.0,0.7396694214876033
2026-09-19 21:12:19,Hyderabad,Gachibowli,17.4401,78.3489,850057,AnTeRa Courtyard,Vattinagulapally,Nanakramguda,₹700 for two,Biryani|Indian|Andhra,4.3,7.3K+,25,4.1,True,False,ITEMS,AT ₹112,,500482,700.0,7300.0,item_price_point,0.0,0.0,,,112.0,1,1,0,3,Biryani,1,6.551080335043404,8.895766604056085,700.0,0.9307359307359307
2026-09-19 21:12:19,Delhi,Rohini,28.7495,77.0565,850492,The Belgian Waffle Co.,Rohini,Unity Mall,₹200 for two,Desserts|Waffle|Coffee,4.4,1.6K+,41,7.4,True,True,ITEMS,AT ₹72,,2233,200.0,1600.0,item_price_point,0.0,0.0,,,72.0,1,47,1,3,Desserts,1,5.298317366548036,7.3783837129967145,200.0,0.08968609865470852
2026-09-19 21:12:19,Kolkata,Howrah,22.5958,88.2636,851810,Kwality Wall's Ice Cream And More,Kashinath Chatterjee Lane,Howrah,₹200 for two,Ice Cream|Desserts|Ice Cream Cakes,4.8,609,58,7.2,True,True,,,,582,200.0,609.0,none,0.0,0.0,,,,1,3,1,3,Ice Cream,0,5.298317366548036,6.413458957167357,200.0,0.19162995594713655
2026-09-19 21:12:19,Kolkata,Howrah,22.5958,88.2636,851852,Wow! Kulfi,Jagacha,Ramrajtala,₹120 for two,Ice Cream|Desserts,4.3,81,56,5.7,True,True,70% OFF,UPTO ₹140,,501088,120.0,81.0,percent,70.0,0.0,140.0,,,1,3,1,2,Ice Cream,1,4.787491742782046,4.406719247264253,120.0,0.03524229074889868
2026-09-19 21:12:19,Kolkata,Dumdum,22.642,88.422,851870,Wow! Kulfi,VIP Road,Kaikhali,₹120 for two,Ice Cream|Desserts,4.3,133,29,2.3,True,True,70% OFF,UPTO ₹140,,501088,120.0,133.0,percent,70.0,0.0,140.0,,,1,3,1,2,Ice Cream,1,4.787491742782046,4.897839799950911,120.0,0.03524229074889868
2026-09-19 21:12:19,Kolkata,Ballygunge,22.529,88.365,851880,Wow! Kulfi,Dover Terrace,Ballygunge,₹120 for two,Ice Cream|Desserts,4.5,92,24,0.4,True,True,70% OFF,UPTO ₹140,,501088,120.0,92.0,percent,70.0,0.0,140.0,,,1,3,1,2,Ice Cream,1,4.787491742782046,4.532599493153256,120.0,0.03524229074889868
2026-09-19 21:12:19,Bengaluru,Whitefield,12.9698,77.75,853141,ITC Master Chef Creations,Whitefield Main Road,"Pattandur, Agrahara",₹650 for two,North Indian|Biryani|Kebabs|rolls|Desserts,4.1,1.7K+,36,1.2,True,False,50% OFF,,FLAT DEAL,11992,650.0,1700.0,percent,50.0,0.0,,,,1,1,0,5,North Indian,1,6.476972362889683,7.438971592395862,650.0,0.9762845849802372
2026-09-19 21:12:19,Mumbai,Lower Parel,18.996,72.8258,853379,Subway,JUPITER TEXTILE MILLS,OWC (One world centre),₹350 for two,sandwich|Salads|wrap|Healthy Food,4.3,1.3K+,33,2.6,True,False,ITEMS,AT ₹69,,2,350.0,1300.0,item_price_point,0.0,0.0,,,69.0,1,51,1,4,sandwich,1,5.857933154483459,7.170888478512505,350.0,0.5353159851301115
2026-09-19 21:12:19,Chennai,Adyar,13.0012,80.2565,855292,Olio - The Wood Fired Pizzeria,Mahatma Gandhi Road,Thiruvanmiyur,₹300 for two,Pizzas|Pastas|Italian|Fast Food|Snacks|Beverages|Desserts,4.1,1.6K+,25,1.1,True,False,70% OFF,UPTO ₹140,,11633,300.0,1600.0,percent,70.0,0.0,140.0,,,1,12,1,7,Pizzas,1,5.703782474656201,7.3783837129967145,300.0,0.4049586776859504
2026-09-19 21:12:19,Bengaluru,Marathahalli,12.9591,77.6974,856700,"Frozen Bottle - Milkshakes, Desserts And Ice Cream",KEMPAPURA,YEMALURU POST,₹250 for two,Beverages|Ice Cream|Desserts,4.3,139,39,3.8,True,True,₹550 OFF,ABOVE ₹2499,FLAT DEAL,5655,250.0,139.0,flat,0.0,550.0,,2499.0,,1,12,1,3,Beverages,1,5.521460917862246,4.941642422609304,250.0,0.25296442687747034
2026-09-19 21:12:19,Pune,Aundh,18.559,73.8077,857414,Bakingo,Aundhgoan,Wing Laxmi Palace Apartment Condominium,₹299 for two,Bakery|Desserts|Beverages|Snacks,4.4,4.0K+,15,0.9,True,False,ITEMS,AT ₹79,,3818,299.0,4000.0,item_price_point,0.0,0.0,,,79.0,2,39,1,4,Bakery,1,5.700443573390687,8.294299608857235,299.0,0.3630705394190871
2026-09-19 21:12:19,Hyderabad,Dilsukhnagar,17.3687,78.5247,860947,McDonald's,Sagar Road,Champapet,₹400 for two,Burgers|Beverages|Cafe|Desserts,4.3,3.4K+,41,4.5,True,False,ITEMS,AT ₹64,,630,400.0,3400.0,item_price_point,0.0,0.0,,,64.0,1,55,1,4,Burgers,1,5.991464547107982,8.131824785007195,400.0,0.696969696969697
2026-09-19 21:12:19,Bengaluru,Whitefield,12.9698,77.75,863130,Hyderabad Chefs,Vijayanagar,Whitefield,₹450 for two,Chinese|Biryani|Hyderabadi,4.2,2.2K+,38,3.0,True,False,,,,486,450.0,2200.0,none,0.0,0.0,,,,1,1,0,3,Chinese,0,6.1092475827643655,7.696667081526462,450.0,0.8873517786561265
2026-09-19 21:12:19,Mumbai,Dadar,19.0178,72.8478,863279,Bikkgane Biryani,SHREE RAM MILL,"M D College, Parel",₹350 for two,Biryani|Hyderabadi|Andhra|Lucknowi|Kolkata|Desserts|Beverages,4.3,2.7K+,31,2.5,True,False,65% OFF,UPTO ₹125,,5070,350.0,2700.0,percent,65.0,0.0,125.0,,,1,13,1,7,Biryani,1,5.857933154483459,7.901377353792616,350.0,0.5353159851301115
2026-09-19 21:12:19,Pune,Hadapsar,18.5089,73.926,864947,Bakingo,Galande Nagar,"Wadagaon Sheri, Haveli",₹299 for two,Bakery|Desserts|Beverages|Snacks,4.4,5.1K+,26,4.9,True,False,ITEMS,AT ₹79,,3818,299.0,5100.0,item_price_point,0.0,0.0,,,79.0,4,39,1,4,Bakery,1,5.700443573390687,8.537191877922927,299.0,0.3630705394190871
2026-09-19 21:12:19,Delhi,Mayur Vihar,28.6092,77.2952,866575,Biryani By Kilo,Patparganj,Mayur Vihar,₹700 for two,Biryani|Hyderabadi|Kebabs|Mughlai|Desserts,4.2,2.0K+,27,0.9,True,False,ITEMS,AT ₹149,,130,700.0,2000.0,item_price_point,0.0,0.0,,,149.0,1,11,1,5,Biryani,1,6.551080335043404,7.601402334583733,700.0,0.9820627802690582
2026-09-19 21:12:19,Delhi,Mayur Vihar,28.6092,77.2952,866577,Goila Butter Chicken,Patparganj,Mayur Vihar,₹600 for two,Biryani|Kebabs|Desserts,4.1,794,32,0.9,True,False,ITEMS,AT ₹149,,322587,600.0,794.0,item_price_point,0.0,0.0,,,149.0,1,3,1,3,Biryani,1,6.396929655216146,6.678342114654332,600.0,0.9596412556053812
2026-09-19 21:12:19,Mumbai,Chembur,19.0522,72.9005,866739,Bikkgane Biryani,STATION ROAD,Chembur,₹350 for two,Biryani| Hyderabadi| Andhra| Lucknowi| Kolkata| Desserts|Beverages,4.2,3.0K+,30,2.4,True,False,15% OFF,ABOVE ₹2000,FLAT DEAL,5070,350.0,3000.0,percent,15.0,0.0,,2000.0,,1,13,1,7,Biryani,1,5.857933154483459,8.006700845440367,350.0,0.5353159851301115
2026-09-19 21:12:19,Bengaluru,Jayanagar,12.925,77.5938,867850,Witty Litti,BTM Layout,BTM Layout,₹250 for two,Bihari,4.4,878,38,2.6,True,True,20% OFF,UPTO ₹50,,508965,250.0,878.0,percent,20.0,0.0,50.0,,,1,1,0,1,Bihari,1,5.521460917862246,6.778784897685177,250.0,0.25296442687747034
2026-09-19 21:12:19,Kolkata,Tollygunge,22.495,88.345,868787,Bakingo,"2/2, Vivekananda Pally","Arya Pally, Behala",₹299 for two,Bakery|Desserts|Beverages|Snacks,4.7,4.9K+,28,2.6,True,False,70% OFF,UPTO ₹140,,3818,299.0,4900.0,percent,70.0,0.0,140.0,,,1,39,1,4,Bakery,1,5.700443573390687,8.497194544909547,299.0,0.33480176211453744
2026-09-19 21:12:19,Mumbai,Borivali,19.2307,72.8567,869081,Deliure & The Eatrium,IC COLONY,Borivali,₹450 for two,Desserts|Chaat|Bakery|Snacks,4.6,3.8K+,28,2.5,True,False,ITEMS,AT ₹40,,70641,450.0,3800.0,item_price_point,0.0,0.0,,,40.0,1,5,1,4,Desserts,1,6.1092475827643655,8.24301946898925,450.0,0.8568773234200744
2026-09-19 21:12:19,Kolkata,Garia,22.465,88.39,872978,Olio - The Wood Fired Pizzeria,Garia,Basana Kali Bari,₹300 for two,Pizzas|Pastas|Italian|Fast Food|Snacks|Beverages|Desserts,4.3,2.9K+,36,1.6,True,False,70% OFF,UPTO ₹140,,11633,300.0,2900.0,percent,70.0,0.0,140.0,,,1,12,1,7,Pizzas,1,5.703782474656201,7.972810784121404,300.0,0.42290748898678415
2026-09-19 21:12:19,Kolkata,Behala,22.4989,88.318,873066,Blue Tokai Coffee Roasters,Lahiri Road,Alipore,₹600 for two,Beverages|Cafe,4.7,1.2K+,34,2.0,True,False,ITEMS,AT ₹99,,2682,600.0,1200.0,item_price_point,0.0,0.0,,,99.0,1,2,0,2,Beverages,1,6.396929655216146,7.0909098220799835,600.0,0.9361233480176211
2026-09-19 21:12:19,Bengaluru,BTM Layout,12.9166,77.6101,873313,The Bihari Kitchen,B.B.M.P South,BTM 2nd Stage,₹400 for two,Bihari|Snacks|Home Food,4.2,3.0K+,33,0.7,True,False,ITEMS,AT ₹149,,492522,400.0,3000.0,item_price_point,0.0,0.0,,,149.0,2,1,0,3,Bihari,1,5.991464547107982,8.006700845440367,400.0,0.7628458498023716
2026-09-19 21:12:19,Bengaluru,HSR Layout,12.9116,77.6446,875705,The Pizza Bakery - Wood Fired Sourdough,HSR,HSR,₹1500 for two,Pizzas|Italian|Pastas|Salads|Desserts|Continental,4.3,3.7K+,29,0.3,True,False,ITEMS,AT ₹219,,522292,1500.0,3700.0,item_price_point,0.0,0.0,,,219.0,1,2,0,6,Pizzas,1,7.313220387090301,8.216358332386156,900.0,1.0
2026-09-19 21:12:19,Bengaluru,HSR Layout,12.9116,77.6446,875710,Paris Panini - Gourmet Sandwiches & Wraps,HSR,HSR,₹700 for two,sandwich|wrap|Fast Food|Pastas|Italian|Salads|Healthy Food|Desserts|Continental,4.5,5.5K+,27,0.3,True,False,ITEMS,AT ₹161,,21019,700.0,5500.0,item_price_point,0.0,0.0,,,161.0,1,1,0,9,sandwich,1,6.551080335043404,8.612685172875459,700.0,0.9822134387351779
2026-09-19 21:12:19,Hyderabad,Banjara Hills,17.4126,78.4392,876015,Manam Chocolate,Banjara Hills,Banjara Hills,₹800 for two,Chocolate|Cakes & Pastries|Coffee,4.5,1.4K+,34,1.2,True,False,₹550 OFF,ABOVE ₹2499,FLAT DEAL,513251,800.0,1400.0,flat,0.0,550.0,,2499.0,,1,1,0,3,Chocolate,1,6.684611727667927,7.244941546337007,800.0,0.9502164502164502
2026-09-19 21:12:19,Chennai,T. Nagar,13.0418,80.2341,878004,Olio - The Wood Fired Pizzeria,Gopalakrishnan Street,T Nagar,₹300 for two,Pizzas|Pastas|Italian|Fast Food|Snacks|Beverages|Desserts,4.0,1.2K+,29,1.8,True,False,70% OFF,UPTO ₹140,,11633,300.0,1200.0,percent,70.0,0.0,140.0,,,1,12,1,7,Pizzas,1,5.703782474656201,7.0909098220799835,300.0,0.4049586776859504
2026-09-19 21:12:19,Delhi,Lajpat Nagar,28.5677,77.2433,881316,Galaxy Pizza,Lajpat Nagar I,Greater Kailash - 2,₹1200 for two,Pizzas|Italian-American|Pastas,4.6,1.3K+,35,2.0,True,False,,,,85747,1200.0,1300.0,none,0.0,0.0,,,,1,1,0,3,Pizzas,0,7.090076835776092,7.170888478512505,900.0,1.0
2026-09-19 21:12:19,Kolkata,Behala,22.4989,88.318,883841,Olio - The Wood Fired Pizzeria,Bidhu Bhushan,Behala,₹300 for two,Pizzas|Pastas|Italian|Fast Food|Snacks|Beverages|Desserts,4.3,2.1K+,30,2.3,True,False,70% OFF,UPTO ₹140,,11633,300.0,2100.0,percent,70.0,0.0,140.0,,,1,12,1,7,Pizzas,1,5.703782474656201,7.650168700845001,300.0,0.42290748898678415
2026-09-19 21:12:19,Pune,Wakad,18.5985,73.7625,884157,Good Flippin' Burgers,Chinchwad,PCMC,₹600 for two,Burgers|American|Fast Food|Beverages|Wraps|Coffee,4.5,3.2K+,27,4.7,True,False,ITEMS,AT ₹195,,11748,600.0,3200.0,item_price_point,0.0,0.0,,,195.0,1,4,1,6,Burgers,1,6.396929655216146,8.071218539969863,600.0,0.966804979253112
2026-09-19 21:12:19,Chennai,Porur,13.0359,80.1567,884496,Theobroma,Porur,Porur,₹300 for two,Bakery|Desserts|Beverages,4.5,4.4K+,14,0.9,True,False,ITEMS,AT ₹37,,1040,300.0,4400.0,item_price_point,0.0,0.0,,,37.0,1,44,1,3,Bakery,1,5.703782474656201,8.38958706681109,300.0,0.4049586776859504
2026-09-19 21:12:19,Mumbai,Vashi,19.0771,72.9986,895963,Bikkgane Biryani,SECTOR 19C,Vashi,₹350 for two,Biryani| Hyderabadi| Andhra| Lucknowi| Kolkata| Desserts|Beverages,4.4,2.9K+,25,1.5,True,False,,,,5070,350.0,2900.0,none,0.0,0.0,,,,1,13,1,7,Biryani,0,5.857933154483459,7.972810784121404,350.0,0.5353159851301115
2026-09-19 21:12:19,Pune,Baner,18.559,73.7868,901005,"Nourishing Farms - Salads, Sandwiches & Wraps",Baner,Baner,₹400 for two,Salads|Healthy Food|sandwich|Beverages|Juices,4.1,1.0K+,17,1.4,True,False,70% OFF,UPTO ₹140,,764229,400.0,1000.0,percent,70.0,0.0,140.0,,,1,2,0,5,Salads,1,5.991464547107982,6.90875477931522,400.0,0.7365145228215768
2026-09-19 21:12:19,Kolkata,New Town,22.58,88.46,902814,Aashirvaad,"Bidhannagar, New Town",Rajarhat,₹200 for two,Chinese|Biryani|Tibetan|Desserts|Indian|Kebabs|Snacks,,,33,3.0,True,False,,,,468190,200.0,,none,0.0,0.0,,,,1,1,0,7,Chinese,0,5.298317366548036,0.0,200.0,0.19162995594713655
2026-09-19 21:12:19,Mumbai,Andheri West,19.1364,72.8296,903368,Salad Days, Enclave Premises Co-Operative Society,Andheri West,₹500 for two,Salads|healthy|food|Snacks,4.4,2.7K+,23,0.5,True,False,ITEMS,AT ₹129,,796,500.0,2700.0,item_price_point,0.0,0.0,,,129.0,1,2,0,4,Salads,1,6.214608098422191,7.901377353792616,500.0,0.8921933085501859
2026-09-19 21:12:19,Chennai,T. Nagar,13.0418,80.2341,906690,Narmada Chain of Restaurant,Rajiv Gandhi Salai,Nungambakkam,₹500 for two,Andhra|Biryani,4.5,7.0K+,33,3.8,True,False,,,,410569,500.0,7000.0,none,0.0,0.0,,,,3,2,0,2,Andhra,0,6.214608098422191,8.853808274977197,500.0,0.9070247933884298
2026-09-19 21:12:19,Chennai,Velachery,12.9756,80.2207,909785,Mani's Dum Biryani, Barathi Street,Velachery,₹400 for two,Biryani|South Indian|South American,4.6,9.5K+,22,1.7,True,False,ITEMS,AT ₹40,,623,400.0,9500.0,item_price_point,0.0,0.0,,,40.0,1,9,1,3,Biryani,1,5.991464547107982,9.15915233520675,400.0,0.7396694214876033
2026-09-19 21:12:19,Delhi,Lajpat Nagar,28.5677,77.2433,909996,"House of Biryan- Biryani, Kepsa and More (HOB)",ZAMRUDPUR,Greater Kailash New,₹300 for two,Biryani|Kebabs|Rolls|North Indian|Mughlai|Indian|Hyderabadi|Tandoor|Desserts|Beverages,4.2,1.4K+,33,3.0,True,False,50% OFF,,FLAT DEAL,788613,300.0,1400.0,percent,50.0,0.0,,,,1,5,1,10,Biryani,1,5.703782474656201,7.244941546337007,300.0,0.3991031390134529
2026-09-19 21:12:19,Mumbai,Thane West,19.2183,72.9781,915462,Homely and Healthy Appetite,Bhavani Nagar,Thane,₹200 for two,Rajasthani|Thalis|Gujarati|Home Food|Healthy Food,4.4,614,36,2.5,True,True,50% OFF,,FLAT DEAL,415436,200.0,614.0,percent,50.0,0.0,,,,1,1,0,5,Rajasthani,1,5.298317366548036,6.421622267806518,200.0,0.13382899628252787
2026-09-19 21:12:19,Bengaluru,Electronic City,12.8452,77.6602,917327,McDonald's,Electronic City Phase 1,Velankani,₹400 for two,Burgers|Beverages|Cafe|Desserts,4.3,2.5K+,32,1.6,True,False,ITEMS,AT ₹64,,630,400.0,2500.0,item_price_point,0.0,0.0,,,64.0,1,55,1,4,Burgers,1,5.991464547107982,7.824445930877619,400.0,0.7628458498023716
2026-09-19 21:12:19,Hyderabad,Begumpet,17.4435,78.4645,920068,Raju Gari Biryani,Punjagutta Officers Colony,Ameerpet,₹300 for two,Chinese|Biryani|Desserts|Beverages|Tandoor,3.8,11K+,34,4.1,True,False,70% OFF,UPTO ₹140,,165947,300.0,11000.0,percent,70.0,0.0,140.0,,,1,6,1,5,Chinese,1,5.703782474656201,9.305741456739435,300.0,0.48484848484848486
2026-09-19 21:12:19,Chennai,Perambur,13.1143,80.233,926611,Mani's Dum Biryani,Jawahar Nagar,Perambur,₹400 for two,South Indian,4.5,6.1K+,34,3.6,True,False,ITEMS,AT ₹40,,623,400.0,6100.0,item_price_point,0.0,0.0,,,40.0,1,9,1,1,South Indian,1,5.991464547107982,8.716207971151853,400.0,0.7396694214876033
2026-09-19 21:12:19,Kolkata,Howrah,22.5958,88.2636,934072,Olio - The Wood Fired Pizzeria,Narasingha Dutta,Kadamtala,₹300 for two,Pizzas|Pastas|Italian|Fast Food|Snacks|Beverages|Desserts,4.2,764,75,8.5,True,False,65% OFF,UPTO ₹130,,11633,300.0,764.0,percent,65.0,0.0,130.0,,,1,12,1,7,Pizzas,1,5.703782474656201,6.639875833826536,300.0,0.42290748898678415
2026-09-19 21:12:19,Delhi,Dwarka,28.5921,77.046,935698,"House of Biryan- Biryani, Kepsa and More (HOB)",Dwarka,Sector-7,₹300 for two,Biryani|Kebabs|Rolls|North Indian|Mughlai|Indian|Hyderabadi|Tandoor|Desserts|Beverages,4.1,1.1K+,38,3.8,True,False,50% OFF,,FLAT DEAL,788613,300.0,1100.0,percent,50.0,0.0,,,,1,5,1,10,Biryani,1,5.703782474656201,7.00397413672268,300.0,0.3991031390134529
2026-09-19 21:12:19,Pune,Kothrud,18.5074,73.8077,936930,Delhi Chaap & Curries,Kothrud,Kothrud,₹400 for two,North Indian|Rolls & Wraps|Fast Food|Snacks|Street Food|Punjabi,4.3,1.2K+,23,1.7,True,True,10% OFF,UPTO ₹40,,549588,400.0,1200.0,percent,10.0,0.0,40.0,,,1,1,0,6,North Indian,1,5.991464547107982,7.0909098220799835,400.0,0.7365145228215768
2026-09-19 21:12:19,Bengaluru,Indiranagar,12.9784,77.6408,950218,Sendhoor Coffee,Indiranagar,Indiranagar,₹150 for two,South Indian,4.1,1.3K+,28,0.6,True,True,₹75 OFF,ABOVE ₹399,FLAT DEAL,634843,150.0,1300.0,flat,0.0,75.0,,399.0,,1,1,0,1,South Indian,1,5.0106352940962555,7.170888478512505,150.0,0.03162055335968379
2026-09-19 21:12:19,Delhi,Rohini,28.7495,77.0565,950785,Theobroma,Rohini,Rohini,₹400 for two,Bakery|Desserts,4.3,1.5K+,33,7.2,True,False,ITEMS,AT ₹36,,1040,400.0,1500.0,item_price_point,0.0,0.0,,,36.0,1,44,1,2,Bakery,1,5.991464547107982,7.313886831633462,400.0,0.7511210762331838
2026-09-19 21:12:19,Chennai,Nungambakkam,13.0569,80.2425,963432,California Burrito,Nungambakkam,Nungambakkam,₹250 for two,Mexican|American|Salads|Continental|Keto|Healthy Food|Beverages|Snacks|Desserts|Fast Food,4.6,10K+,19,0.8,True,False,,,,1252,250.0,10000.0,none,0.0,0.0,,,,1,15,1,10,Mexican,0,5.521460917862246,9.210440366976517,250.0,0.24380165289256198
2026-09-19 21:12:19,Pune,Hadapsar,18.5089,73.926,964372,Aha! Baangali,Magarpatta,Magarpatta,₹400 for two,Bengali,4.3,766,20,0.8,True,False,ITEMS,AT ₹149,,22183,400.0,766.0,item_price_point,0.0,0.0,,,149.0,1,2,0,1,Bengali,1,5.991464547107982,6.642486801367256,400.0,0.7365145228215768
2026-09-19 21:12:19,Hyderabad,Ameerpet,17.4374,78.4487,968180,The Homely Bowls,Ameerpet,Ameerpet,₹200 for two,Biryani|South Indian,4.1,1.7K+,25,1.7,True,False,ITEMS,AT ₹59,,566928,200.0,1700.0,item_price_point,0.0,0.0,,,59.0,1,4,1,2,Biryani,1,5.298317366548036,7.438971592395862,200.0,0.09523809523809523
2026-09-19 21:12:19,Hyderabad,Madhapur,17.4483,78.3915,968221,The Homely Bowls,Jubilee Hills,Jubilee Hills,₹200 for two,Biryani|South Indian,4.0,876,23,0.8,True,False,70% OFF,UPTO ₹140,,566928,200.0,876.0,percent,70.0,0.0,140.0,,,1,4,1,2,Biryani,1,5.298317366548036,6.776506992372183,200.0,0.09523809523809523
2026-09-19 21:12:19,Chennai,Adyar,13.0012,80.2565,972880,Bakingo,Nehru Nagar,Kottivakkam,₹299 for two,Bakery|Desserts|Beverages|Snacks,4.6,3.0K+,20,3.8,True,False,ITEMS,AT ₹649,,3818,299.0,3000.0,item_price_point,0.0,0.0,,,649.0,1,39,1,4,Bakery,1,5.700443573390687,8.006700845440367,299.0,0.3243801652892562
2026-09-19 21:12:19,Chennai,Perambur,13.1143,80.233,973192,California Burrito,Siva Elango Salai,Perambur,₹250 for two,Mexican|American|Salads|Continental|Keto|Healthy Food|Beverages|Snacks|Desserts|Fast Food,4.6,4.0K+,14,0.7,True,False,ITEMS,AT ₹65,,1252,250.0,4000.0,item_price_point,0.0,0.0,,,65.0,1,15,1,10,Mexican,1,5.521460917862246,8.294299608857235,250.0,0.24380165289256198
2026-09-19 21:12:19,Chennai,Mylapore,13.0339,80.2698,974916,A2B - Adyar Ananda Bhavan,Alwarpet,Mylapore,₹300 for two,Chinese|South Indian,4.5,6.8K+,17,0.2,True,True,ITEMS,AT ₹59,,22,300.0,6800.0,item_price_point,0.0,0.0,,,59.0,1,11,1,2,Chinese,1,5.703782474656201,8.824824939175638,300.0,0.4049586776859504
2026-09-19 21:12:19,Bengaluru,Malleshwaram,13.0035,77.5647,976547,Sadda Punjabi Dhaba,Nagapura,Rajajinagar,₹600 for two,Chinese|Tandoor,4.0,432,46,3.5,True,False,,,,174199,600.0,432.0,none,0.0,0.0,,,,1,1,0,2,Chinese,0,6.396929655216146,6.07073772800249,600.0,0.9683794466403162
2026-09-19 21:12:19,Pune,Baner,18.559,73.7868,978531,Sattva Pure Veg Restaurant,Baner,Baner,₹350 for two,North Indian|Beverages|Juices|Desserts|Chinese|Salads|Snacks|Pizzas|Pastas|South Indian,3.9,226,18,0.6,True,True,70% OFF,UPTO ₹140,,572101,350.0,226.0,percent,70.0,0.0,140.0,,,2,1,0,10,North Indian,1,5.857933154483459,5.424950017481403,350.0,0.549792531120332
2026-09-19 21:12:19,Delhi,Connaught Place,28.6315,77.2167,979735,Nashville Fried Chicken - NFC,School Block,Shakarpur,₹350 for two,American|Burgers|Fast Food,4.0,849,58,7.5,True,False,50% OFF,,FLAT DEAL,464434,350.0,849.0,percent,50.0,0.0,,,,2,4,1,3,American,1,5.857933154483459,6.745236349484363,350.0,0.5381165919282511
2026-09-19 21:12:19,Delhi,Janakpuri,28.6219,77.0878,979885,Nashville Fried Chicken - NFC,Tatar Pur,Rajouri Garden,₹350 for two,American|Burgers|Fast Food,3.8,1.0K+,57,4.9,True,False,70% OFF,UPTO ₹130,,464434,350.0,1000.0,percent,70.0,0.0,130.0,,,1,4,1,3,American,1,5.857933154483459,6.90875477931522,350.0,0.5381165919282511
2026-09-19 21:12:19,Chennai,Tambaram,12.9249,80.1,981298,Sukkubhai Biryani,West Tambaram,West Tambaram,₹600 for two,Chinese|Biryani|Desserts|Beverages,4.3,6.1K+,36,7.4,True,False,,,,461727,600.0,6100.0,none,0.0,0.0,,,,1,1,0,4,Chinese,0,6.396929655216146,8.716207971151853,600.0,0.9586776859504132
2026-09-19 21:12:19,Chennai,Adyar,13.0012,80.2565,986368,California Burrito,Adyar,Taramani,₹300 for two,Mexican|American|Salads|Continental|Keto|Healthy Food|Beverages|Snacks|Desserts|Fast Food,4.6,2.5K+,33,3.8,True,False,ITEMS,AT ₹65,,1252,300.0,2500.0,item_price_point,0.0,0.0,,,65.0,1,15,1,10,Mexican,1,5.703782474656201,7.824445930877619,300.0,0.4049586776859504
2026-09-19 21:12:19,Mumbai,Lower Parel,18.996,72.8258,989760,Sadak Chaap,Lower Parel Worli,Lower Parel,₹400 for two,North Indian|Biryani|Tandoor|Punjabi|rolls|Mughlai|Kebabs,4.3,980,36,1.6,True,False,ITEMS,AT ₹190,,22110,400.0,980.0,item_price_point,0.0,0.0,,,190.0,1,4,1,7,North Indian,1,5.991464547107982,6.8885724595653635,400.0,0.7193308550185874
2026-09-19 21:12:19,Kolkata,Howrah,22.5958,88.2636,990784,Subway,Alipore,Judges Court Road,₹350 for two,sandwich|Salads|wrap|Healthy Food,4.3,1.6K+,65,13.8,True,False,ITEMS,AT ₹69,,2,350.0,1600.0,item_price_point,0.0,0.0,,,69.0,1,51,1,4,sandwich,1,5.857933154483459,7.3783837129967145,350.0,0.5550660792951542
2026-09-19 21:12:19,Bengaluru,Jayanagar,12.925,77.5938,991066,"Gwalia - Sweets, Snacks & Eatery - Since 1994",JP Nagar,Jayanagar,₹250 for two,Thalis|North Indian|Chaat|Fast Food|Sweets|Beverages,4.2,1.1K+,36,2.6,True,True,₹100 OFF,ABOVE ₹299,FLAT DEAL,819594,250.0,1100.0,flat,0.0,100.0,,299.0,,1,1,0,6,Thalis,1,5.521460917862246,7.00397413672268,250.0,0.25296442687747034
2026-09-19 21:12:19,Hyderabad,Dilsukhnagar,17.3687,78.5247,991080,Raju Gari Biryani,Kothapet & Dilsukhnagar,Kothapet & Dilsukhnagar,₹300 for two,Chinese|Biryani,3.7,14K+,24,2.0,True,False,70% OFF,UPTO ₹140,,165947,300.0,14000.0,percent,70.0,0.0,140.0,,,1,6,1,2,Chinese,1,5.703782474656201,9.546884034617925,300.0,0.48484848484848486
2026-09-19 21:12:19,Chennai,Porur,13.0359,80.1567,996472,California Burrito,Porur,Porur,₹300 for two,Mexican|American|Salads|Continental|Keto|Healthy Food|Beverages|Snacks|Desserts|Fast Food,4.6,6.7K+,28,2.6,True,False,ITEMS,AT ₹79,,1252,300.0,6700.0,item_price_point,0.0,0.0,,,79.0,1,15,1,10,Mexican,1,5.703782474656201,8.81001204797317,300.0,0.4049586776859504
2026-09-19 21:12:19,Delhi,Mayur Vihar,28.6092,77.2952,1014776,California Burrito,Vinod Nagar,Mayur Vihar,₹250 for two,Mexican|American|Salads|Continental|Keto|Healthy Food|Beverages|Snacks|Desserts|Fast Food,4.7,4.6K+,28,4.0,True,False,ITEMS,AT ₹89,,1252,250.0,4600.0,item_price_point,0.0,0.0,,,89.0,1,15,1,10,Mexican,1,5.521460917862246,8.434028950155469,250.0,0.21973094170403587
2026-09-19 21:12:19,Chennai,Perambur,13.1143,80.233,1022798,"Faasos - Wraps, Rolls & Shawarma",Brickkiln Road,Purusaiwalkam,₹200 for two,Wraps|rolls|Fast Food|Burger|shawarma|Rice Bowls,4.3,724,39,4.9,True,False,ITEMS,AT ₹39,,21809,200.0,724.0,item_price_point,0.0,0.0,,,39.0,1,15,1,6,Wraps,1,5.298317366548036,6.586171654854675,200.0,0.10950413223140495
2026-09-19 21:12:19,Pune,Aundh,18.559,73.8077,1023186,Gurudatta mess,Swargate,Baner,₹250 for two,Maharashtrian,4.4,543,23,3.9,True,False,ITEMS,AT ₹119,,598029,250.0,543.0,item_price_point,0.0,0.0,,,119.0,2,1,0,1,Maharashtrian,1,5.521460917862246,6.298949246855942,250.0,0.2821576763485477
2026-09-19 21:12:19,Pune,Baner,18.559,73.7868,1029575,Nashville Fried Chicken - NFC,GAYATRI APPARTMENT,BANER,₹350 for two,American|Burgers|Fast Food,4.1,221,30,1.1,True,False,ITEMS,AT ₹395,,464434,350.0,221.0,item_price_point,0.0,0.0,,,395.0,1,4,1,3,American,1,5.857933154483459,5.402677381872279,350.0,0.549792531120332
2026-09-19 21:12:19,Hyderabad,Kondapur,17.4615,78.3639,1037385,Yummy Bee,Gachibowli,Kondapur,₹800 for two,Cakes|Desserts|Bakery|Pizzas|Pastas|Healthy,4.2,2.1K+,32,3.0,True,False,55% OFF,UPTO ₹110,,358572,800.0,2100.0,percent,55.0,0.0,110.0,,,1,5,1,6,Cakes,1,6.684611727667927,7.650168700845001,800.0,0.9502164502164502
2026-09-19 21:12:19,Hyderabad,Banjara Hills,17.4126,78.4392,1037718,Biryani Souq,Jubilee Hills,Jubilee Hills,₹600 for two,Biryani|Hyderabadi|Kebabs|North Indian|Tandoor|Starters,4.1,4.1K+,35,3.5,True,False,ITEMS,AT ₹79,,603972,600.0,4100.0,item_price_point,0.0,0.0,,,79.0,2,2,0,6,Biryani,1,6.396929655216146,8.31898612539206,600.0,0.9069264069264069
2026-09-19 21:12:19,Hyderabad,Kondapur,17.4615,78.3639,1037882,Broadway,Jubilee Hills,Kondapur,₹2000 for two,Italian|Chinese|Indian,4.3,751,41,1.4,True,False,,,,19188,2000.0,751.0,none,0.0,0.0,,,,2,1,0,3,Italian,0,7.600902459542082,6.62273632394984,900.0,0.9848484848484849
2026-09-19 21:12:19,Mumbai,Lower Parel,18.996,72.8258,1037912,Evorea,Byculla,Byculla,₹400 for two,Bakery|Desserts|Cakes,4.4,907,29,4.2,True,False,FREE ITEM,,,604083,400.0,907.0,other,0.0,0.0,,,,1,2,0,3,Bakery,1,5.991464547107982,6.811244378601294,400.0,0.7193308550185874
2026-09-19 21:12:19,Chennai,Anna Nagar,13.085,80.2101,1042983,Geetham Veg Restaurant,Annanagar,Anna Nagar,₹350 for two,South Indian,4.5,14K+,29,1.9,True,True,₹100 OFF,ABOVE ₹299,FLAT DEAL,335557,350.0,14000.0,flat,0.0,100.0,,299.0,,1,4,1,1,South Indian,1,5.857933154483459,9.546884034617925,350.0,0.5516528925619835
2026-09-19 21:12:19,Chennai,Porur,13.0359,80.1567,1050280,Mani's Dum Biryani,Guindy,Guindy,₹400 for two,South Indian,4.5,4.2K+,29,5.0,True,False,ITEMS,AT ₹40,,623,400.0,4200.0,item_price_point,0.0,0.0,,,40.0,1,9,1,1,South Indian,1,5.991464547107982,8.343077871169383,400.0,0.7396694214876033
2026-09-19 21:12:19,Pune,Kothrud,18.5074,73.8077,1057681,Nashville Fried Chicken - NFC,VENTURE IT PARK,KOTHRUD,₹350 for two,American|Burgers|Fast Food,4.2,342,27,1.2,True,False,ITEMS,AT ₹395,,464434,350.0,342.0,item_price_point,0.0,0.0,,,395.0,1,4,1,3,American,1,5.857933154483459,5.8377304471659395,350.0,0.549792531120332
2026-09-19 21:12:19,Hyderabad,Ameerpet,17.4374,78.4487,1061328,Crimson Chopsticks,Jubilee Hills,Jubilee Hills,₹400 for two,Chinese|Asian|Fast Food|Thai|Hyderabadi,4.1,1.6K+,52,7.1,True,False,ITEMS,AT ₹149,,616251,400.0,1600.0,item_price_point,0.0,0.0,,,149.0,1,2,0,5,Chinese,1,5.991464547107982,7.3783837129967145,400.0,0.696969696969697
2026-09-19 21:12:19,Mumbai,Borivali,19.2307,72.8567,1065796,"Rabdi Wala, Borivali (E)",Borivali East,Malad Kan East,₹400 for two,Sweets|Desserts|Snacks|indian snacks|Fast Food|Chaat,4.3,583,34,1.9,True,True,₹75 OFF,ABOVE ₹349,FLAT DEAL,623346,400.0,583.0,flat,0.0,75.0,,349.0,,1,1,0,6,Sweets,1,5.991464547107982,6.369900982828227,400.0,0.7193308550185874
2026-09-19 21:12:19,Delhi,Connaught Place,28.6315,77.2167,1072666,Punjabi Angithi (Vegorama Group),KAROL BAGH,Jhandewalan,₹300 for two,North Indian|Chinese|Tandoor|rolls,4.2,6.9K+,31,4.0,True,True,60% OFF,,FLAT DEAL,465050,300.0,6900.0,percent,60.0,0.0,,,,2,2,0,4,North Indian,1,5.703782474656201,8.839421607620602,300.0,0.3991031390134529
2026-09-19 21:12:19,Kolkata,Shyambazar,22.599,88.37,1072878,Golbari,BHUPENDRA BOSE AVENUE,Hatiabagan,₹400 for two,Punjabi|Tandoor|North Indian,4.2,890,22,0.4,True,False,ITEMS,AT ₹39,,473731,400.0,890.0,item_price_point,0.0,0.0,,,39.0,1,1,0,3,Punjabi,1,5.991464547107982,6.792344427470809,400.0,0.6938325991189427
2026-09-19 21:12:19,Delhi,Vasant Kunj,28.52,77.1591,1073857,Creme Castle - Cakes And Desserts,Chattarpur,Chattarpur,₹500 for two,Bakery|Desserts|Cakes,4.6,1.4K+,22,1.4,True,False,60% OFF,UPTO ₹120,,567576,500.0,1400.0,percent,60.0,0.0,120.0,,,1,3,1,3,Bakery,1,6.214608098422191,7.244941546337007,500.0,0.9349775784753364
2026-09-19 21:12:19,Hyderabad,Kukatpally,17.4849,78.4138,1075988,The Homely Bowls,Kukatpally,Kukatpally,₹300 for two,North Indian,3.8,662,23,1.1,True,False,55% OFF,UPTO ₹110,,566928,300.0,662.0,percent,55.0,0.0,110.0,,,1,4,1,1,North Indian,1,5.703782474656201,6.4967749901858625,300.0,0.48484848484848486
2026-09-19 21:12:19,Mumbai,Bandra West,19.0596,72.8295,1077307,Zaatar W Zeit,Bandra West,Bandra West,₹800 for two,Lebanese|Middle Eastern|shawarma|Salads,4.4,577,22,0.3,True,False,₹200 OFF,ABOVE ₹849,FLAT DEAL,626615,800.0,577.0,flat,0.0,200.0,,849.0,,1,1,0,4,Lebanese,1,6.684611727667927,6.359573868672378,800.0,0.9739776951672863
2026-09-19 21:12:19,Mumbai,Bandra West,19.0596,72.8295,1079928,Stand By Coffee,Bandra West,Bandra West,₹500 for two,Desserts|Cafe,4.5,388,30,0.5,True,False,70% OFF,UPTO ₹140,,503174,500.0,388.0,percent,70.0,0.0,140.0,,,1,1,0,2,Desserts,1,6.214608098422191,5.963579343618446,500.0,0.8921933085501859
2026-09-19 21:12:19,Delhi,Rohini,28.7495,77.0565,1085139,Snowberry Artisanal Desserts,Rohini,Rohini,₹300 for two,Waffle|Cakes|Desserts|Beverages,4.3,290,46,8.1,True,False,₹300 OFF,ABOVE ₹1149,FLAT DEAL,585765,300.0,290.0,flat,0.0,300.0,,1149.0,,2,2,0,4,Waffle,1,5.703782474656201,5.673323267171493,300.0,0.3991031390134529
2026-09-19 21:12:19,Mumbai,Andheri West,19.1364,72.8296,1094896,Sigdi,Andheri West,Andheri West,₹300 for two,Chinese|Mughlai|Grill|Tandoor|Kebabs|North Indian,4.0,155,32,,True,False,70% OFF,UPTO ₹140,,4267,300.0,155.0,percent,70.0,0.0,140.0,,,1,1,0,6,Chinese,1,5.703782474656201,5.049856007249537,300.0,0.4312267657992565
2026-09-19 21:12:19,Mumbai,Dadar,19.0178,72.8478,1099488,Raju Ki Chai,Matunga Wadala,Matunga Wadala,₹300 for two,Tea|Snacks|Beverages,4.6,670,26,1.4,True,True,70% OFF,UPTO ₹140,,165969,300.0,670.0,percent,70.0,0.0,140.0,,,1,1,0,3,Tea,1,5.703782474656201,6.508769136971682,300.0,0.4312267657992565
2026-09-19 21:12:19,Pune,Camp,18.5158,73.8785,1101338,Hotel Subhanallah,Kondhwa,Kondhwa,₹400 for two,Biryani|North Indian|Mughlai,4.3,760,32,5.0,True,False,ITEMS,AT ₹89,,639774,400.0,760.0,item_price_point,0.0,0.0,,,89.0,1,1,0,3,Biryani,1,5.991464547107982,6.634633357861686,400.0,0.7365145228215768
2026-09-19 21:12:19,Chennai,Mylapore,13.0339,80.2698,1104944,Mani'S Dum Biryani,WALLAJAH ROAD,Triplicane,₹400 for two,South Indian,4.6,3.1K+,30,4.8,True,False,ITEMS,AT ₹40,,623,400.0,3100.0,item_price_point,0.0,0.0,,,40.0,1,9,1,1,South Indian,1,5.991464547107982,8.03947991910045,400.0,0.7396694214876033
2026-09-19 21:12:19,Delhi,Janakpuri,28.6219,77.0878,1109025,Biryani By Kilo,Som Bazar Road  Uttam Nagar,Janakpuri,₹700 for two,Biryani|Hyderabadi|Kebabs|Mughlai|Desserts,4.2,990,35,2.2,True,False,70% OFF,UPTO ₹140,,130,700.0,990.0,percent,70.0,0.0,140.0,,,1,11,1,5,Biryani,1,6.551080335043404,6.898714534329988,700.0,0.9820627802690582
2026-09-19 21:12:19,Mumbai,Powai,19.1176,72.906,1109860,Northwala - Swaad Uttar Ka,Marol Sakinaka,Marol Sakinaka,₹399 for two,Mughlai|North Indian,4.3,353,34,2.5,True,False,70% OFF,UPTO ₹140,,643708,399.0,353.0,percent,70.0,0.0,140.0,,,1,1,0,2,Mughlai,1,5.988961416889864,5.869296913133774,399.0,0.5892193308550185
2026-09-19 21:12:19,Delhi,Rohini,28.7495,77.0565,1111775,La Pino'z Pizza,Sector-24,Rohini,₹300 for two,Italian|Pizzas,3.9,1.2K+,32,4.2,True,False,70% OFF,UPTO ₹140,,4961,300.0,1200.0,percent,70.0,0.0,140.0,,,1,24,1,2,Italian,1,5.703782474656201,7.0909098220799835,300.0,0.3991031390134529
2026-09-19 21:12:19,Chennai,Porur,13.0359,80.1567,1115785,Geetham Veg Restaurant,Iyyapanthangal,Iyyapanthangal,₹380 for two,South Indian,4.4,14K+,24,2.3,True,True,₹100 OFF,ABOVE ₹299,FLAT DEAL,335557,380.0,14000.0,flat,0.0,100.0,,299.0,,1,4,1,1,South Indian,1,5.940171252720432,9.546884034617925,380.0,0.628099173553719
2026-09-19 21:12:19,Kolkata,Ballygunge,22.529,88.365,1133406,La Pino'z Pizza,Kasba,Kasba,₹300 for two,Pizzas|Fast Food|Chinese,4.0,1.9K+,57,3.0,True,False,50% OFF,,FLAT DEAL,4961,300.0,1900.0,percent,50.0,0.0,,,,1,24,1,3,Pizzas,1,5.703782474656201,7.550135342488429,300.0,0.42290748898678415
2026-09-19 21:12:19,Chennai,Porur,13.0359,80.1567,1134723,Bakingo,Porur,Thiravian Street,₹299 for two,Bakery|Desserts|Beverages|Snacks,4.6,1.5K+,16,1.1,True,False,ITEMS,AT ₹649,,3818,299.0,1500.0,item_price_point,0.0,0.0,,,649.0,1,39,1,4,Bakery,1,5.700443573390687,7.313886831633462,299.0,0.3243801652892562
2026-09-19 21:12:19,Chennai,Mylapore,13.0339,80.2698,1134967,Bakingo,V.C Garden,"R.A, Puram",₹299 for two,Bakery|Desserts|Beverages|Snacks,4.6,921,12,1.1,True,False,ITEMS,AT ₹649,,3818,299.0,921.0,item_price_point,0.0,0.0,,,649.0,1,39,1,4,Bakery,1,5.700443573390687,6.826545223556594,299.0,0.3243801652892562
2026-09-19 21:12:19,Hyderabad,Kondapur,17.4615,78.3639,1139325,Special 9,Gachibowli,Gachibowli,₹1000 for two,Biryani,4.3,1.7K+,26,1.4,True,False,10% OFF,UPTO ₹40,,655893,1000.0,1700.0,percent,10.0,0.0,40.0,,,1,1,0,1,Biryani,1,6.907755278982137,7.438971592395862,900.0,0.9848484848484849
2026-09-19 21:12:19,Hyderabad,Ameerpet,17.4374,78.4487,1140766,Marhaba Shawarma - Yalla Habibi !,Jubilee Hills,Jubilee Hills,₹300 for two,shawarma|Arabian|Lebanese|Kebabs|Biryani,4.0,1.0K+,50,7.1,True,False,70% OFF,UPTO ₹140,,687921,300.0,1000.0,percent,70.0,0.0,140.0,,,1,2,0,5,shawarma,1,5.703782474656201,6.90875477931522,300.0,0.48484848484848486
2026-09-19 21:12:19,Pune,Hadapsar,18.5089,73.926,1141251,Aroma's Hyderabad House,Magarpatta,Magarpatta,₹500 for two,Chinese|Biryani|Mughlai|Hyderabadi,4.3,2.4K+,28,3.0,True,False,ITEMS,AT ₹69,,71,500.0,2400.0,item_price_point,0.0,0.0,,,69.0,1,4,1,4,Chinese,1,6.214608098422191,7.783640596221253,500.0,0.9149377593360996
2026-09-19 21:12:19,Bengaluru,Koramangala,12.9352,77.6245,1143060,Al Daaz,Koramangala,Koramangala,₹400 for two,North Indian|Chinese|Mughlai|Barbecue|Seafood|Fast Food|Biryani|Beverages,4.4,2.7K+,30,1.0,True,False,,,,21640,400.0,2700.0,none,0.0,0.0,,,,1,1,0,8,North Indian,0,5.991464547107982,7.901377353792616,400.0,0.7628458498023716
2026-09-19 21:12:19,Hyderabad,Secunderabad,17.4399,78.4983,1148881,Raju Gari Biryani,Kharkhana & Trimulgherry,Kharkhana & Trimulgherry,₹200 for two,Biryani,3.7,8.0K+,20,1.3,True,False,70% OFF,UPTO ₹140,,165947,200.0,8000.0,percent,70.0,0.0,140.0,,,1,6,1,1,Biryani,1,5.298317366548036,8.987321812850125,200.0,0.09523809523809523
2026-09-19 21:12:19,Chennai,OMR Thoraipakkam,12.94,80.234,1158820,Bask by Coffee,INJAMBAKKAM,Palavakkam,₹800 for two,Beverages,4.6,631,36,5.0,True,False,,,,469054,800.0,631.0,none,0.0,0.0,,,,3,2,0,1,Beverages,0,6.684611727667927,6.448889394146858,800.0,0.993801652892562
2026-09-19 21:12:19,Hyderabad,Kondapur,17.4615,78.3639,1161763,Jalapenos Mexican Kitchen,Kondapur,Kondapur,₹470 for two,American|Mexican|Salads|Healthy Food,4.3,1.1K+,23,0.4,True,False,ITEMS,AT ₹139,,666289,470.0,1100.0,item_price_point,0.0,0.0,,,139.0,2,3,1,4,American,1,6.152732694704104,7.00397413672268,470.0,0.8095238095238095
2026-09-19 21:12:19,Chennai,Nungambakkam,13.0569,80.2425,1162944,RNR Biryani - Taste Of 1953,Egmore,Egmore,₹500 for two,Biryani|South Indian,4.3,924,34,5.7,True,False,ITEMS,AT ₹40,,11620,500.0,924.0,item_price_point,0.0,0.0,,,40.0,1,2,0,2,Biryani,1,6.214608098422191,6.829793737512425,500.0,0.9070247933884298
2026-09-19 21:12:19,Hyderabad,Kukatpally,17.4849,78.4138,1165814,Polar Bear,Kukatpally,Kukatpally,₹350 for two,Ice Cream,4.3,145,32,2.6,True,True,ITEMS,AT ₹89,,726,350.0,145.0,item_price_point,0.0,0.0,,,89.0,1,7,1,1,Ice Cream,1,5.857933154483459,4.983606621708336,350.0,0.6060606060606061
2026-09-19 21:12:19,Chennai,Perambur,13.1143,80.233,1173776,Ambur Star Briyani,Perambur,Perambur,₹500 for two,Biryani|South Indian|Indian|Chinese|Tandoor|Beverages,4.3,3.9K+,26,3.0,True,False,ITEMS,AT ₹199,,5455,500.0,3900.0,item_price_point,0.0,0.0,,,199.0,1,7,1,6,Biryani,1,6.214608098422191,8.268988209506656,500.0,0.9070247933884298
2026-09-19 21:12:19,Bengaluru,Whitefield,12.9698,77.75,1193813,Kanti Sweets,Whitefield,Whitefield,₹400 for two,Sweets|Snacks,4.4,813,20,0.7,True,True,,,,4700,400.0,813.0,none,0.0,0.0,,,,1,6,1,2,Sweets,0,5.991464547107982,6.70196036600254,400.0,0.7628458498023716
2026-09-19 21:12:19,Hyderabad,Dilsukhnagar,17.3687,78.5247,1196327,Yummy Bee,Saidabad,Kothapet & Dilsukhnagar,₹800 for two,Cakes|Desserts|Bakery|Pizzas|Pastas|Healthy,4.4,453,19,0.5,True,False,70% OFF,UPTO ₹140,,358572,800.0,453.0,percent,70.0,0.0,140.0,,,1,5,1,6,Cakes,1,6.684611727667927,6.118097198041348,800.0,0.9502164502164502
2026-09-19 21:12:19,Delhi,Rohini,28.7495,77.0565,1197717,Creme Castle - Cakes And Desserts,Rohini,NARELA,₹400 for two,Bakery|Desserts|Cakes,4.6,898,34,7.6,True,False,ITEMS,AT ₹79,,567576,400.0,898.0,item_price_point,0.0,0.0,,,79.0,1,3,1,3,Bakery,1,5.991464547107982,6.80128303447162,400.0,0.7511210762331838
2026-09-19 21:12:19,Mumbai,Bandra West,19.0596,72.8295,1204268,Bikkgane Biryani,S.V. Road,Bandra West,₹400 for two,Biryani| Hyderabadi| Andhra| Lucknowi| Kolkata| Desserts|Beverages,4.4,1.2K+,31,1.5,True,False,65% OFF,UPTO ₹125,,5070,400.0,1200.0,percent,65.0,0.0,125.0,,,1,13,1,7,Biryani,1,5.991464547107982,7.0909098220799835,400.0,0.7193308550185874
2026-09-19 21:12:19,Hyderabad,Dilsukhnagar,17.3687,78.5247,1218089,Venkateshwara Fast Food Pure Veg,Himayath Nagar,Himayath Nagar,₹300 for two,Chinese|South Indian|Indian|Fast Food,4.1,147,48,6.3,True,True,ITEMS,AT ₹89,,695703,300.0,147.0,item_price_point,0.0,0.0,,,89.0,1,1,0,4,Chinese,1,5.703782474656201,4.997212273764115,300.0,0.48484848484848486
2026-09-19 21:12:19,Delhi,Saket,28.5245,77.2066,1221492,Bakingo,Paryavaran complex,Saidulajab,₹299 for two,Bakery|Desserts|Beverages|Snacks,4.6,1.5K+,33,1.9,True,False,ITEMS,AT ₹69,,3818,299.0,1500.0,item_price_point,0.0,0.0,,,69.0,1,39,1,4,Bakery,1,5.700443573390687,7.313886831633462,299.0,0.32286995515695066
2026-09-19 21:12:19,Mumbai,Chembur,19.0522,72.9005,1222257,Faredoons,Chembur,Chembur,₹300 for two,Desserts|Bakery|Beverages|Snacks,4.6,906,18,0.4,True,False,50% OFF,,FLAT DEAL,704314,300.0,906.0,percent,50.0,0.0,,,,1,2,0,4,Desserts,1,5.703782474656201,6.810142450115136,300.0,0.4312267657992565
2026-09-19 21:12:19,Delhi,Dwarka,28.5921,77.046,1224070,McDonald's,SHOP NO. G-02,"GROUND FLOOR, PLOT NO. 4",₹400 for two,American|Fast Food|Beverages,4.3,541,23,0.7,True,False,ITEMS,AT ₹49,,630,400.0,541.0,item_price_point,0.0,0.0,,,49.0,1,55,1,3,American,1,5.991464547107982,6.295266001439646,400.0,0.7511210762331838
2026-09-19 21:12:19,Hyderabad,Secunderabad,17.4399,78.4983,1230431,Lucky MultiCuisine Restaurant,Kharkhana & Trimulgherry,Kharkhana & Trimulgherry,₹400 for two,Biryani,3.7,2.4K+,35,2.4,True,False,70% OFF,UPTO ₹140,,18963,400.0,2400.0,percent,70.0,0.0,140.0,,,1,3,1,1,Biryani,1,5.991464547107982,7.783640596221253,400.0,0.696969696969697
2026-09-19 21:12:19,Delhi,Pitampura,28.6942,77.1317,1238321,California Burrito,NSP,NSP,₹250 for two,American|Continental|Mexican|Beverages|Grill|Salads|Snacks|Healthy Food|Keto|Fast Food,4.7,529,29,3.0,True,False,40% OFF,UPTO ₹80,,1252,250.0,529.0,percent,40.0,0.0,80.0,,,1,15,1,10,American,1,5.521460917862246,6.272877006546167,250.0,0.21973094170403587
2026-09-19 21:12:19,Mumbai,Thane West,19.2183,72.9781,1248139,SNS Mexican Shack,Thane,Thane,₹650 for two,Biryani|Tandoor|Kebabs|Tex-Mex|North Indian,4.7,132,34,1.7,True,False,₹550 OFF,ABOVE ₹2499,FLAT DEAL,453875,650.0,132.0,flat,0.0,550.0,,2499.0,,1,1,0,5,Biryani,1,6.476972362889683,4.890349128221754,650.0,0.9553903345724907
2026-09-19 21:12:19,Hyderabad,Kondapur,17.4615,78.3639,1262787,The Homely bowls,Gachibowli,Kothaguda,₹300 for two,Biryani,3.8,279,22,0.8,True,False,70% OFF,UPTO ₹140,,566928,300.0,279.0,percent,70.0,0.0,140.0,,,1,4,1,1,Biryani,1,5.703782474656201,5.634789603169249,300.0,0.48484848484848486
2026-09-19 21:12:19,Delhi,Karol Bagh,28.6519,77.1909,1280830,Domino's Pizza,"Beadonpura, Karol Bagh",Ajmal Khan Road,₹400 for two,Pizza,4.7,594,25,0.4,True,False,50% OFF,,FLAT DEAL,2456,400.0,594.0,percent,50.0,0.0,,,,1,51,1,1,Pizza,1,5.991464547107982,6.38856140554563,400.0,0.7511210762331838
2026-09-19 21:12:19,Hyderabad,Gachibowli,17.4401,78.3489,1287858,Jalapenos Mexican Kitchen,Rajendra Nagar Circle No 11,Nanakramguda,₹350 for two,Mexican,4.3,356,28,3.0,True,False,ITEMS,AT ₹89,,666289,350.0,356.0,item_price_point,0.0,0.0,,,89.0,1,3,1,1,Mexican,1,5.857933154483459,5.877735781779639,350.0,0.6060606060606061
2026-09-19 21:12:19,Mumbai,Thane West,19.2183,72.9781,1288508,Sweet County Cake Shop,Thane Hiranandani Estate,Thane Hiranandani Estate,₹200 for two,Bakery|Cakes & Pastries,4.4,190,24,2.1,True,True,60% OFF,,FLAT DEAL,441853,200.0,190.0,percent,60.0,0.0,,,,1,6,1,2,Bakery,1,5.298317366548036,5.25227342804663,200.0,0.13382899628252787
2026-09-19 21:12:19,Mumbai,Lower Parel,18.996,72.8258,1289853,Cravin By Andy,Babaji Jamsandekar Marg,Lower Parel Worli,₹800 for two,Bakery|Healthy Food|Coffee,4.6,416,28,1.9,True,False,,,,593052,800.0,416.0,none,0.0,0.0,,,,1,1,0,3,Bakery,0,6.684611727667927,6.0330862217988015,800.0,0.9739776951672863
2026-09-19 21:12:19,Hyderabad,Begumpet,17.4435,78.4645,1310370,Jalapenos Mexican Kitchen,Banjara Hills,Banjara Hills,₹400 for two,Italian-American,4.3,210,49,4.1,True,False,ITEMS,AT ₹149,,666289,400.0,210.0,item_price_point,0.0,0.0,,,149.0,2,3,1,1,Italian-American,1,5.991464547107982,5.351858133476067,400.0,0.696969696969697
2026-09-19 21:12:19,Hyderabad,Miyapur,17.4968,78.3577,1318020,Crimson Chopsticks,Lingampally & Nallagandla,Gachibowli,₹300 for two,Chinese|Bakery|Desserts|Sweets,4.1,341,49,8.2,True,False,70% OFF,UPTO ₹140,,616251,300.0,341.0,percent,70.0,0.0,140.0,,,1,2,0,4,Chinese,1,5.703782474656201,5.834810737062605,300.0,0.48484848484848486
2026-09-19 21:12:19,Pune,Koregaon Park,18.5362,73.8939,1322574,Grameen Kulfi,SAI BABA MANDIR,Koregaon Park,₹120 for two,Ice Cream|Desserts,4.7,8,16,1.4,True,True,,,,12175,120.0,8.0,none,0.0,0.0,,,,1,10,1,2,Ice Cream,0,4.787491742782046,2.1972245773362196,120.0,0.012448132780082987
2026-09-19 21:12:19,Hyderabad,Gachibowli,17.4401,78.3489,1325622,Marhaba Shawarma - Yalla Habibi !,Gachibowli,Kondapur,₹500 for two,Rolls & Wraps|Middle Eastern|Kebabs|Mediterranean,4.0,455,35,4.7,True,False,70% OFF,UPTO ₹140,,687921,500.0,455.0,percent,70.0,0.0,140.0,,,2,2,0,4,Rolls & Wraps,1,6.214608098422191,6.1224928095143865,500.0,0.8528138528138528
2026-09-19 21:12:19,Hyderabad,Gachibowli,17.4401,78.3489,1325632,Biryani Souq,Gachibowli,Kondapur,₹600 for two,Biryani|Hyderabadi,3.9,523,33,4.7,True,False,70% OFF,UPTO ₹140,,603972,600.0,523.0,percent,70.0,0.0,140.0,,,2,2,0,2,Biryani,1,6.396929655216146,6.261491684321042,600.0,0.9069264069264069
2026-09-19 21:12:19,Mumbai,Dadar,19.0178,72.8478,1339414,Deliure & The Eatrium,Matunga Wadala,Matunga Wadala,₹450 for two,Desserts|Chaat|Snacks|Biryani|South Indian|Indian,4.7,569,23,1.9,True,True,ITEMS,AT ₹29,,70641,450.0,569.0,item_price_point,0.0,0.0,,,29.0,1,5,1,6,Desserts,1,6.1092475827643655,6.345636360828596,450.0,0.8568773234200744
2026-09-19 21:12:19,Mumbai,Malad West,19.1868,72.8484,1363871,Faredoons,Malad Kan West,Malad Kan West,₹300 for two,Bakery|Snacks|Desserts|Beverages,4.4,133,33,2.2,True,False,50% OFF,,FLAT DEAL,704314,300.0,133.0,percent,50.0,0.0,,,,1,2,0,4,Bakery,1,5.703782474656201,4.897839799950911,300.0,0.4312267657992565
2026-09-19 21:12:19,Hyderabad,Gachibowli,17.4401,78.3489,1366370,Peni Ice Candy,Gachibowli,Gachibowli,₹100 for two,Ice Cream Cakes|Indian|Desserts|Beverages,4.6,20,28,2.2,True,True,₹550 OFF,ABOVE ₹2499,FLAT DEAL,301179,100.0,20.0,flat,0.0,550.0,,2499.0,,1,1,0,4,Ice Cream Cakes,1,4.605170185988092,3.044522437723423,120.0,0.023809523809523808
2026-09-19 21:12:19,Hyderabad,Banjara Hills,17.4126,78.4392,1370018,Seasons Xprs,Banjara Hills,Banjara Hills,₹200 for two,Lebanese|Arabian,4.1,150,38,3.0,True,False,50% OFF,,FLAT DEAL,19636,200.0,150.0,percent,50.0,0.0,,,,1,1,0,2,Lebanese,1,5.298317366548036,5.017279836814924,200.0,0.09523809523809523
2026-09-19 21:12:19,Chennai,Perambur,13.1143,80.233,1376682,Theobroma,Paper Mills Road,Perambur,₹300 for two,Bakery|Desserts|Beverages,4.3,271,15,0.1,True,False,ITEMS,AT ₹37,,1040,300.0,271.0,item_price_point,0.0,0.0,,,37.0,1,44,1,3,Bakery,1,5.703782474656201,5.605802066295998,300.0,0.4049586776859504
2026-09-19 21:12:19,Hyderabad,Kukatpally,17.4849,78.4138,1378282,Baskin Robbins - Ice Cream Desserts,MEDCHAL,KPHP COLONY,₹250 for two,Desserts|Ice Cream,4.5,78,34,3.7,True,True,ITEMS,AT ₹15,,5588,250.0,78.0,item_price_point,0.0,0.0,,,15.0,1,59,1,2,Desserts,1,5.521460917862246,4.3694478524670215,250.0,0.25757575757575757
2026-09-19 21:12:19,Chennai,Nungambakkam,13.0569,80.2425,1382194,Bakingo,"Thousand Lights, Chennai Corp",Gulam Alikhan X Street,₹299 for two,Bakery|Desserts|Beverages|Snacks,4.5,83,22,3.0,True,False,ITEMS,AT ₹649,,3818,299.0,83.0,item_price_point,0.0,0.0,,,649.0,1,39,1,4,Bakery,1,5.700443573390687,4.430816798843313,299.0,0.3243801652892562
2026-09-19 21:12:19,Mumbai,Lower Parel,18.996,72.8258,1392938,Tibb's Frankie,Lower Parel Worli,Lower Parel Worli,₹300 for two,Snacks|Fast Food|Rolls & Wraps|Biryani|South Indian|Indian,4.1,40,29,1.9,True,False,ITEMS,AT ₹159,,216056,300.0,40.0,item_price_point,0.0,0.0,,,159.0,1,4,1,6,Snacks,1,5.703782474656201,3.713572066704308,300.0,0.4312267657992565
2026-09-19 21:12:19,Kolkata,Garia,22.465,88.39,1402913,Bakingo,ramgarh Colony P.O Naktala P.S Netaji Nagar,Raja Subodh Chandra Mullick Road,₹299 for two,Bakery|Desserts|Beverages|Snacks,4.7,12,27,2.5,True,False,ITEMS,AT ₹79,,3818,299.0,12.0,item_price_point,0.0,0.0,,,79.0,1,39,1,4,Bakery,1,5.700443573390687,2.5649493574615367,299.0,0.33480176211453744
2026-09-19 21:12:19,Delhi,Dwarka,28.5921,77.046,1407866,California Burrito,Kakrola,Kakrola,₹250 for two,Mexican|American|Salads|Continental|Keto|Healthy Food|Beverages|Snacks|Desserts|Fast Food,4.3,79,31,1.3,True,False,40% OFF,UPTO ₹80,,1252,250.0,79.0,percent,40.0,0.0,80.0,,,1,15,1,10,Mexican,1,5.521460917862246,4.382026634673881,250.0,0.21973094170403587
2026-09-19 21:12:19,Hyderabad,Banjara Hills,17.4126,78.4392,1412687,Yummy Bee,Avenue 4,Banjara Hills,₹800 for two,Desserts|Continental|Bakery|Pizzas|Cafe|Cakes|Mexican|Rice Bowls,4.2,<3,31,2.1,True,False,60% OFF,UPTO ₹120,,358572,800.0,,percent,60.0,0.0,120.0,,,1,5,1,8,Desserts,1,6.684611727667927,0.0,800.0,0.9502164502164502
2026-09-19 21:12:19,Hyderabad,Madhapur,17.4483,78.3915,1414775,Yummy Bee,Banjara Hills,Jubilee Hills,₹800 for two,Continental|Bakery|Pizzas|Cafe|Cakes|Desserts|Mexican|Rice Bowls,4.2,6,36,3.0,True,False,60% OFF,UPTO ₹120,,358572,800.0,6.0,percent,60.0,0.0,120.0,,,1,5,1,8,Continental,1,6.684611727667927,1.9459101490553132,800.0,0.9502164502164502
2026-09-19 21:12:19,Delhi,Pitampura,28.6942,77.1317,1415055,Bakingo,"Rohini, New Delhi","Sec 7, Rohini",₹299 for two,Bakery|Desserts|Beverages|Snacks,4.3,74,21,2.4,True,False,ITEMS,AT ₹60,,3818,299.0,74.0,item_price_point,0.0,0.0,,,60.0,1,39,1,4,Bakery,1,5.700443573390687,4.31748811353631,299.0,0.32286995515695066
2026-09-19 21:12:19,Delhi,Saket,28.5245,77.2066,1415867,Dadi's Momos,SHALIMAR BHAG,Dakshinpuri ,₹450 for two,Chinese|Fast Food|Asian|Tibetan|Momos,,,49,4.9,True,False,10% OFF,UPTO ₹40,,806951,450.0,,percent,10.0,0.0,40.0,,,1,1,0,5,Chinese,1,6.1092475827643655,0.0,450.0,0.9013452914798207
2026-09-19 21:12:19,Bengaluru,Malleshwaram,13.0035,77.5647,1420747,Kanti Sweets,Malleshwaram,Malleshwaram,₹300 for two,Sweets|Snacks|Desserts,4.6,5,25,1.9,True,True,₹550 OFF,ABOVE ₹2499,FLAT DEAL,4700,300.0,5.0,flat,0.0,550.0,,2499.0,,1,6,1,3,Sweets,1,5.703782474656201,1.791759469228055,300.0,0.4782608695652174
2026-09-19 21:12:19,Bengaluru,Koramangala,12.9352,77.6245,1422303,Tealogy Cafe,Koramangala,Koramangala,₹400 for two,Cafe|Indian|North Indian|Snacks,,,34,1.3,True,True,,,,789708,400.0,,none,0.0,0.0,,,,1,1,0,4,Cafe,0,5.991464547107982,0.0,400.0,0.7628458498023716
2026-09-19 21:12:19,Delhi,Lajpat Nagar,28.5677,77.2433,1423869,Bakingo,NewDelhi,LajpatNagar-II,₹299 for two,Bakery|Desserts|Beverages|Snacks,4.5,8,15,0.5,True,False,ITEMS,AT ₹649,,3818,299.0,8.0,item_price_point,0.0,0.0,,,649.0,1,39,1,4,Bakery,1,5.700443573390687,2.1972245773362196,299.0,0.32286995515695066
