scrape_ts,city,probe_locality,probe_lat,probe_lng,restaurant_id,name,locality,area_name,cost_for_two_raw,cuisines,avg_rating,total_ratings_raw,delivery_time_min,last_mile_km,is_open,veg_only,offer_header,offer_subheader,offer_tag,chain_parent_id,listing_url
2026-09-19 21:12:19,Chennai,T. Nagar,13.0418,80.2341,53631,Ibaco,Thyagaraya Nagar,T Nagar,₹800 for two,Ice Cream|Desserts,4.7,6.6K+,22,1.3,True,True,,,,3481,https://www.swiggy.com/city/chennai/ibaco-thyagaraya-nagar-t-nagar-rest53631
2026-09-19 21:12:19,Chennai,T. Nagar,13.0418,80.2341,67596,"Faasos - Wraps, Rolls & Shawarma",Eldams Road,Mylapore,₹200 for two,Wraps|rolls|Fast Food|Burger|shawarma|Rice Bowls,4.2,11K+,30,2.1,True,False,65% OFF,UPTO ₹125,,21809,https://www.swiggy.com/city/chennai/faasos-wraps-rolls-and-shawarma-eldams-road-mylapore-rest67596
2026-09-19 21:12:19,Chennai,T. Nagar,13.0418,80.2341,93242,McDonald's,Pondy Bazzar,T. Nagar,₹400 for two,Burgers|Beverages|Cafe|Desserts,4.3,28K+,20,0.3,True,False,ITEMS,AT ₹64,,630,https://www.swiggy.com/city/chennai/mcdonalds-pondy-bazzar-t-nagar-rest93242
2026-09-19 21:12:19,Chennai,T. Nagar,13.0418,80.2341,735362,The Belgian Waffle Co.,ASHOK NAGAR,PHASE 1,₹200 for two,Waffle|Desserts|Ice Cream,4.4,2.0K+,29,3.6,True,True,30% OFF,UPTO ₹60,,2233,https://www.swiggy.com/city/chennai/the-belgian-waffle-co-ashok-nagar-phase-1-rest735362
2026-09-19 21:12:19,Chennai,T. Nagar,13.0418,80.2341,56863,Subway,North Boag Road,T. Nagar,₹350 for two,sandwich|Salads|wrap|Healthy Food,4.2,29K+,22,1.3,True,False,ITEMS,AT ₹69,,2,https://www.swiggy.com/city/chennai/subway-north-boag-road-t-nagar-rest56863
2026-09-19 21:12:19,Chennai,T. Nagar,13.0418,80.2341,18045,A2B - Adyar Ananda Bhavan,Thyagaraya Nagar,T Nagar,₹300 for two,South Indian|Sweets|Chinese,4.5,53K+,25,0.7,True,True,ITEMS,AT ₹39,,22,https://www.swiggy.com/city/chennai/a2b-adyar-ananda-bhavan-thyagaraya-nagar-t-nagar-rest18045
2026-09-19 21:12:19,Chennai,T. Nagar,13.0418,80.2341,15742,Sangeetha Veg Restaurant,Mylapore,South Mada Street,₹200 for two,Chinese|South Indian,4.7,84K+,29,4.7,True,True,ITEMS,AT ₹99,,1260,https://www.swiggy.com/city/chennai/sangeetha-veg-restaurant-mylapore-south-mada-street-rest15742
2026-09-19 21:12:19,Chennai,T. Nagar,13.0418,80.2341,17819,KFC,Thyagaraya Nagar,Thyagaraya Nagar,₹400 for two,Burgers|Fast Food|Rolls & Wraps,4.1,32K+,21,1.7,True,False,50% OFF,,FLAT DEAL,547,https://www.swiggy.com/city/chennai/kfc-thyagaraya-nagar-rest17819
2026-09-19 21:12:19,Chennai,T. Nagar,13.0418,80.2341,24353,Domino's Pizza,Thyagaraya Nagar,T Nagar,₹400 for two,Pizzas|Italian|Pastas|Desserts,4.4,18K+,25,1.5,True,False,50% OFF,,FLAT DEAL,2456,https://www.swiggy.com/city/chennai/dominos-pizza-thyagaraya-nagar-t-nagar-rest24353
2026-09-19 21:12:19,Chennai,T. Nagar,13.0418,80.2341,623724,Theobroma,Nungambakkam,Nungambakkam,₹400 for two,Bakery|Desserts,4.5,8.8K+,22,2.7,True,False,ITEMS,AT ₹37,,1040,https://www.swiggy.com/city/chennai/theobroma-nungambakkam-rest623724
2026-09-19 21:12:19,Chennai,T. Nagar,13.0418,80.2341,16229,Pizza Hut,Ashok Nagar,Ashok Nagar,₹400 for two,Pizzas,4.3,28K+,32,2.2,True,False,50% OFF,,FLAT DEAL,721,https://www.swiggy.com/city/chennai/pizza-hut-ashok-nagar-rest16229
2026-09-19 21:12:19,Chennai,T. Nagar,13.0418,80.2341,518646,Burger King,Ashok Nagar,Vadapalani,₹350 for two,Burgers|American,4.2,23K+,27,3.5,True,False,ITEMS,AT ₹39,,166,https://www.swiggy.com/city/chennai/burger-king-ashok-nagar-vadapalani-rest518646
2026-09-19 21:12:19,Chennai,T. Nagar,13.0418,80.2341,230595,Wow! Momo,Anna Salai,Teynampet,₹300 for two,Momos|Chinese|fastfood|Asian|Beverages,4.2,6.5K+,24,1.7,True,False,70% OFF,UPTO ₹140,,1776,https://www.swiggy.com/city/chennai/wow-momo-anna-salai-teynampet-rest230595
2026-09-19 21:12:19,Chennai,T. Nagar,13.0418,80.2341,204107,NIC Ice Creams,Luz church road,Mylapore,₹120 for two,Desserts|Ice Cream,4.6,8.6K+,24,4.1,True,True,70% OFF,UPTO ₹140,,6249,https://www.swiggy.com/city/chennai/nic-ice-creams-luz-church-road-mylapore-rest204107
2026-09-19 21:12:19,Chennai,T. Nagar,13.0418,80.2341,561071,Taco Bell,Ashok Nagar,Ashok Nagar,₹300 for two,Mexican|Fast Food|Snacks,4.2,5.8K+,31,3.7,True,False,65% OFF,UPTO ₹125,,1557,https://www.swiggy.com/city/chennai/taco-bell-ashok-nagar-rest561071
2026-09-19 21:12:19,Chennai,T. Nagar,13.0418,80.2341,307787,Barbeque Nation,The Grand Sweets,Thyagaraya Nagar,₹600 for two,North Indian|Barbecue|Kebabs|Biryani|Street Food|Snacks,3.9,1.5K+,27,1.4,True,False,ITEMS,AT ₹149,,2438,https://www.swiggy.com/city/chennai/barbeque-nation-the-grand-sweets-thyagaraya-nagar-rest307787
2026-09-19 21:12:19,Chennai,T. Nagar,13.0418,80.2341,12621,Baskin Robbins - Ice Cream Desserts,Thyagaraya Nagar,T Nagar,₹200 for two,Ice Cream,4.6,4.6K+,16,0.7,True,True,ITEMS,AT ₹15,,5588,https://www.swiggy.com/city/chennai/baskin-robbins-ice-cream-desserts-thyagaraya-nagar-t-nagar-rest12621
2026-09-19 21:12:19,Chennai,T. Nagar,13.0418,80.2341,141370,Starbucks Coffee,Thyagaraya Nagar,Thyagaraya Nagar,₹400 for two,Beverages|Cafe|Snacks|Desserts|Bakery|Ice Cream,4.5,4.0K+,14,,True,False,₹85 OFF,ABOVE ₹199,FLAT DEAL,195515,https://www.swiggy.com/city/chennai/starbucks-coffee-thyagaraya-nagar-rest141370
2026-09-19 21:12:19,Chennai,T. Nagar,13.0418,80.2341,412751,Wendy's Burgers,Teynampet,Teynampet,₹200 for two,Burgers|Fast Food|wrap,4,2.2K+,29,2.1,True,False,ITEMS,AT ₹59,,972,https://www.swiggy.com/city/chennai/wendys-burgers-teynampet-rest412751
2026-09-19 21:12:19,Chennai,T. Nagar,13.0418,80.2341,878004,Olio - The Wood Fired Pizzeria,Gopalakrishnan Street,T Nagar,₹300 for two,Pizzas|Pastas|Italian|Fast Food|Snacks|Beverages|Desserts,4,1.2K+,29,1.8,True,False,70% OFF,UPTO ₹140,,11633,https://www.swiggy.com/city/chennai/olio-the-wood-fired-pizzeria-gopalakrishnan-street-t-nagar-rest878004
2026-09-19 21:12:19,Chennai,T. Nagar,13.0418,80.2341,906690,Narmada Chain of Restaurant,Rajiv Gandhi Salai,Nungambakkam,₹500 for two,Andhra|Biryani,4.5,7.0K+,33,3.8,True,False,,,,410569,https://www.swiggy.com/city/chennai/narmada-chain-of-restaurant-rajiv-gandhi-salai-nungambakkam-rest906690
2026-09-19 21:12:19,Chennai,T. Nagar,13.0418,80.2341,789332,Bask by Coffee,Teynampet,Teynampet,₹800 for two,Beverages|Italian|Snacks|Thai,4.5,2.1K+,41,3.7,True,False,,,,469054,https://www.swiggy.com/city/chennai/bask-by-coffee-teynampet-rest789332
2026-09-19 21:12:19,Chennai,T. Nagar,13.0418,80.2341,631166,Mani's Dum Biryani,Ashok Nagar,Ashok Nagar,₹500 for two,Andhra|Biryani,4.6,18K+,25,3,True,False,ITEMS,AT ₹40,,623,https://www.swiggy.com/city/chennai/manis-dum-biryani-ashok-nagar-rest631166
2026-09-19 21:12:19,Chennai,T. Nagar,13.0418,80.2341,118749,Ambur Star Briyani,PONDY BAZZAR,T. Nagar,₹500 for two,Biryani|South Indian|Indian|Chinese|Tandoor|Beverages,4.4,26K+,14,0.3,True,False,ITEMS,AT ₹199,,5455,https://www.swiggy.com/city/chennai/ambur-star-briyani-pondy-bazzar-t-nagar-rest118749
2026-09-19 21:12:19,Chennai,T. Nagar,13.0418,80.2341,86724,Nasi And Mee,Nungambakkam,Nungambakkam,₹800 for two,Pan-Asian|Singaporean|Malaysian|Japanese|Thai,4.6,9.4K+,40,3.6,True,False,,,,19997,https://www.swiggy.com/city/chennai/nasi-and-mee-nungambakkam-rest86724
2026-09-19 21:12:19,Chennai,T. Nagar,13.0418,80.2341,15713,Palm Jumeira,Greams Road,Greams Road,₹400 for two,Mexican|Chinese|Biryani|Arabian|Afghani|Mughlai|Indian|South Indian|Grill|Tandoor,4.3,12K+,29,3.8,True,False,ITEMS,AT ₹39,,654507,https://www.swiggy.com/city/chennai/palm-jumeira-greams-road-rest15713
2026-09-19 21:12:19,Chennai,Adyar,13.0012,80.2565,39754,Zaitoon,Adyar,Adyar,₹500 for two,Arabian|Mughlai|Biryani|Juices|Indian|Kebabs,4.4,123K+,21,0.9,True,False,₹200 OFF,ABOVE ₹599,FLAT DEAL,4555,https://www.swiggy.com/city/chennai/zaitoon-adyar-rest39754
2026-09-19 21:12:19,Chennai,Adyar,13.0012,80.2565,782368,KFC,Gandhi Nagar,Adyar,₹400 for two,Burgers|Fast Food|Rolls & Wraps,4,4.1K+,15,1.2,True,False,50% OFF,,FLAT DEAL,547,https://www.swiggy.com/city/chennai/kfc-gandhi-nagar-adyar-rest782368
2026-09-19 21:12:19,Chennai,Adyar,13.0012,80.2565,732718,Theobroma,Besant Nagar,Besant Nagar,₹400 for two,Desserts,4.6,4.5K+,18,3,True,False,ITEMS,AT ₹37,,1040,https://www.swiggy.com/city/chennai/theobroma-besant-nagar-rest732718
2026-09-19 21:12:19,Chennai,Adyar,13.0012,80.2565,13480,A2B - Adyar Ananda Bhavan,Adyar,Adyar,₹300 for two,South Indian|Sweets|Chinese,4.6,114K+,21,0.9,True,True,ITEMS,AT ₹39,,22,https://www.swiggy.com/city/chennai/a2b-adyar-ananda-bhavan-adyar-rest13480
2026-09-19 21:12:19,Chennai,Adyar,13.0012,80.2565,23723,McDonald's,Adyar,Adyar,₹400 for two,Burgers|Beverages|Cafe|Desserts,4.3,57K+,22,1,True,False,ITEMS,AT ₹64,,630,https://www.swiggy.com/city/chennai/mcdonalds-adyar-rest23723
2026-09-19 21:12:19,Chennai,Adyar,13.0012,80.2565,762164,Pizza Hut,Adyar,Adyar,₹350 for two,Pizzas,4.2,3.4K+,27,1.2,True,False,50% OFF,,FLAT DEAL,721,https://www.swiggy.com/city/chennai/pizza-hut-adyar-rest762164
2026-09-19 21:12:19,Chennai,Adyar,13.0012,80.2565,6437,Subway,Near Mettur Transport,Adyar,₹350 for two,sandwich|Salads|wrap|Healthy Food,4.3,28K+,14,1.4,True,False,ITEMS,AT ₹49,,2,https://www.swiggy.com/city/chennai/subway-near-mettur-transport-adyar-rest6437
2026-09-19 21:12:19,Chennai,Adyar,13.0012,80.2565,808104,Burger King,Gandhi Nagar,Adyar,₹350 for two,Burgers|American,4.3,9.1K+,19,1.1,True,False,ITEMS,AT ₹39,,166,https://www.swiggy.com/city/chennai/burger-king-gandhi-nagar-adyar-rest808104
2026-09-19 21:12:19,Chennai,Adyar,13.0012,80.2565,14835,Sangeetha Veg Restaurant,Gandhi Nagar,Adyar,₹450 for two,North Indian|South Indian,4.7,178K+,21,1.5,True,True,ITEMS,AT ₹69,,1260,https://www.swiggy.com/city/chennai/sangeetha-veg-restaurant-gandhi-nagar-adyar-rest14835
2026-09-19 21:12:19,Chennai,Adyar,13.0012,80.2565,795118,The Belgian Waffle Co.,URUR VILLAGE,Besant Nagar,₹200 for two,Waffle|Desserts|Ice Cream,4.6,1.2K+,26,2.8,True,True,30% OFF,UPTO ₹60,,2233,https://www.swiggy.com/city/chennai/the-belgian-waffle-co-urur-village-besant-nagar-rest795118
2026-09-19 21:12:19,Chennai,Adyar,13.0012,80.2565,470493,Wendy's Burgers,Velachery,Velachery,₹200 for two,Burgers|Fast Food|wrap,4.2,4.7K+,42,5.5,True,False,ITEMS,AT ₹59,,972,https://www.swiggy.com/city/chennai/wendys-burgers-velachery-rest470493
2026-09-19 21:12:19,Chennai,Adyar,13.0012,80.2565,728871,Baskin Robbins - Ice Cream Desserts,BESANT AVENUE ROAD,ADYAR,₹250 for two,Desserts|Ice Cream,4.6,1.6K+,12,0.8,True,True,ITEMS,AT ₹15,,5588,https://www.swiggy.com/city/chennai/baskin-robbins-ice-cream-desserts-besant-avenue-road-adyar-rest728871
2026-09-19 21:12:19,Chennai,Adyar,13.0012,80.2565,6724,Dindigul Thalappakatti - Since 1957,Besant Nagar,Besant Nagar,₹650 for two,Biryani|Barbecue|South Indian|Chinese|North Indian,4.3,20K+,27,2.8,True,False,ITEMS,AT ₹209,,641506,https://www.swiggy.com/city/chennai/dindigul-thalappakatti-since-1957-besant-nagar-rest6724
2026-09-19 21:12:19,Chennai,Adyar,13.0012,80.2565,126189,Shree Mithai,Besant Avenue Road,Adyar,₹250 for two,Sweets|Desserts|Street Food|Chaat,4.7,66K+,21,1.2,True,True,ITEMS,AT ₹29,,6988,https://www.swiggy.com/city/chennai/shree-mithai-besant-avenue-road-adyar-rest126189
2026-09-19 21:12:19,Chennai,Adyar,13.0012,80.2565,234933,Wow! Momo,Adyar,Adyar,₹300 for two,Momos|Chinese|fastfood|Asian|Beverages,4.2,12K+,19,1.1,True,False,70% OFF,UPTO ₹140,,1776,https://www.swiggy.com/city/chennai/wow-momo-adyar-rest234933
2026-09-19 21:12:19,Chennai,Adyar,13.0012,80.2565,123481,NIC Ice Creams,Ellaimman Koil Street,Adyar,₹120 for two,Ice Cream|Desserts,4.6,11K+,11,1.4,True,True,70% OFF,UPTO ₹140,,6249,https://www.swiggy.com/city/chennai/nic-ice-creams-ellaimman-koil-street-adyar-rest123481
2026-09-19 21:12:19,Chennai,Adyar,13.0012,80.2565,62919,LunchBox - Meals and Thalis,Besant Nagar,Adyar,₹200 for two,Thalis|North Indian|Biryani|South Indian|Desserts|Beverages,4.4,14K+,15,0.6,True,False,ITEMS,AT ₹99,,4925,https://www.swiggy.com/city/chennai/lunchbox-meals-and-thalis-besant-nagar-adyar-rest62919
2026-09-19 21:12:19,Chennai,Adyar,13.0012,80.2565,35714,Sweet Truth - Cake and Desserts,Besant Nagar,Adyar,₹450 for two,Desserts|Ice Cream|Bakery|Beverages,4.1,2.9K+,11,0.6,True,False,ITEMS,AT ₹79,,4444,https://www.swiggy.com/city/chennai/sweet-truth-cake-and-desserts-besant-nagar-adyar-rest35714
2026-09-19 21:12:19,Chennai,Adyar,13.0012,80.2565,191366,The Biryani Life,Besant Nagar,Adyar,₹250 for two,Biryani|Mughlai|Lucknowi|Hyderabadi|Kebabs|Desserts|Beverages,4.1,2.2K+,13,0.6,True,False,70% OFF,UPTO ₹140,,8496,https://www.swiggy.com/city/chennai/the-biryani-life-besant-nagar-adyar-rest191366
2026-09-19 21:12:19,Chennai,Adyar,13.0012,80.2565,855292,Olio - The Wood Fired Pizzeria,Mahatma Gandhi Road,Thiruvanmiyur,₹300 for two,Pizzas|Pastas|Italian|Fast Food|Snacks|Beverages|Desserts,4.1,1.6K+,25,1.1,True,False,70% OFF,UPTO ₹140,,11633,https://www.swiggy.com/city/chennai/olio-the-wood-fired-pizzeria-mahatma-gandhi-road-thiruvanmiyur-rest855292
2026-09-19 21:12:19,Chennai,Adyar,13.0012,80.2565,1158820,Bask by Coffee,INJAMBAKKAM,Palavakkam,₹800 for two,Beverages,4.6,631,36,5,True,False,,,,469054,https://www.swiggy.com/city/chennai/bask-by-coffee-injambakkam-palavakkam-rest1158820
2026-09-19 21:12:19,Chennai,Adyar,13.0012,80.2565,355681,Madras Coffee House,Kasturi Bhai Nagar,Adyar,₹100 for two,Beverages|Snacks,4.2,1.9K+,15,0.8,True,True,50% OFF,UPTO ₹100,,1750,https://www.swiggy.com/city/chennai/madras-coffee-house-kasturi-bhai-nagar-adyar-rest355681
2026-09-19 21:12:19,Chennai,Adyar,13.0012,80.2565,17988,"Faasos - Wraps, Rolls & Shawarma",Besant Nagar,Adyar,₹200 for two,Wraps|rolls|Fast Food|Burger|shawarma|Rice Bowls,4.4,23K+,16,0.6,True,False,65% OFF,UPTO ₹125,,21809,https://www.swiggy.com/city/chennai/faasos-wraps-rolls-and-shawarma-besant-nagar-adyar-rest17988
2026-09-19 21:12:19,Chennai,Adyar,13.0012,80.2565,669060,Mani's Dum Biryani,MGR Road,OMR Navalur,₹400 for two,Andhra|Biryani|North Indian,4.6,16K+,26,4.3,True,False,ITEMS,AT ₹40,,623,https://www.swiggy.com/city/chennai/manis-dum-biryani-mgr-road-omr-navalur-rest669060
2026-09-19 21:12:19,Chennai,Adyar,13.0012,80.2565,986368,California Burrito,Adyar,Taramani,₹300 for two,Mexican|American|Salads|Continental|Keto|Healthy Food|Beverages|Snacks|Desserts|Fast Food,4.6,2.5K+,33,3.8,True,False,ITEMS,AT ₹65,,1252,https://www.swiggy.com/city/chennai/california-burrito-adyar-taramani-rest986368
2026-09-19 21:12:19,Chennai,Adyar,13.0012,80.2565,972880,Bakingo,Nehru Nagar,Kottivakkam,₹299 for two,Bakery|Desserts|Beverages|Snacks,4.6,3.0K+,20,3.8,True,False,ITEMS,AT ₹649,,3818,https://www.swiggy.com/city/chennai/bakingo-nehru-nagar-kottivakkam-rest972880
2026-09-19 21:12:19,Chennai,Adyar,13.0012,80.2565,62680,Ambur Star Briyani,Kottivakkam,Kottivakkam,₹500 for two,Biryani|South Indian|Indian|Chinese|Tandoor|Beverages,4.4,25K+,27,4.1,True,False,ITEMS,AT ₹199,,5455,https://www.swiggy.com/city/chennai/ambur-star-briyani-kottivakkam-rest62680
2026-09-19 21:12:19,Chennai,Anna Nagar,13.085,80.2101,10140,"Dindigul Thalappakatti - Since 1957
",Anna Nagar,Anna Nagar,₹600 for two,Biryani|Barbecue|South Indian|Chinese|North Indian,4.2,33K+,27,1.8,True,False,₹100 OFF,ABOVE ₹399,FLAT DEAL,641506,https://www.swiggy.com/city/chennai/dindigul-thalappakatti-since-1957-anna-nagar-rest10140
2026-09-19 21:12:19,Chennai,Anna Nagar,13.085,80.2101,48245,"Faasos - Wraps, Rolls & Shawarma",Navalar Nagar main road,Anna Nagar,₹200 for two,Wraps|rolls|Fast Food|Burger|shawarma|Rice Bowls,4,15K+,30,2.4,True,False,65% OFF,UPTO ₹125,,21809,https://www.swiggy.com/city/chennai/faasos-wraps-rolls-and-shawarma-navalar-nagar-main-road-anna-nagar-rest48245
2026-09-19 21:12:19,Chennai,Anna Nagar,13.085,80.2101,419786,Andhra Gunpowder,Reddypalyam Mogappair West Ambattur,Mogappair,₹350 for two,Andhra|Biryani|South Indian,4.4,7.4K+,36,4.9,True,False,ITEMS,AT ₹99,,10496,https://www.swiggy.com/city/chennai/andhra-gunpowder-reddypalyam-west-ambattur-mogappair-rest419786
2026-09-19 21:12:19,Chennai,Anna Nagar,13.085,80.2101,17816,KFC,Anna Nagar,Anna Nagar,₹400 for two,Burgers|Fast Food|Rolls & Wraps,4.1,34K+,23,0.6,True,False,50% OFF,,FLAT DEAL,547,https://www.swiggy.com/city/chennai/kfc-anna-nagar-rest17816
2026-09-19 21:12:19,Chennai,Anna Nagar,13.085,80.2101,131599,McDonald's,VR Mall,Anna Nagar,₹400 for two,Burgers|Beverages|Cafe|Desserts,4.3,18K+,30,1.8,True,False,ITEMS,AT ₹64,,630,https://www.swiggy.com/city/chennai/mcdonalds-vr-mall-anna-nagar-rest131599
2026-09-19 21:12:19,Chennai,Anna Nagar,13.085,80.2101,14673,A2B - Adyar Ananda Bhavan,Anna Salai,Anna Nagar,₹300 for two,South Indian|Sweets|Chinese,4.5,76K+,24,0.8,True,False,ITEMS,AT ₹39,,22,https://www.swiggy.com/city/chennai/a2b-adyar-ananda-bhavan-anna-salai-anna-nagar-rest14673
2026-09-19 21:12:19,Chennai,Anna Nagar,13.085,80.2101,24360,Domino's Pizza,Anna Nagar,Anna Nagar,₹400 for two,Pizzas|Italian|Pastas|Desserts,4.4,28K+,25,1.3,True,False,50% OFF,,FLAT DEAL,2456,https://www.swiggy.com/city/chennai/dominos-pizza-anna-nagar-rest24360
2026-09-19 21:12:19,Chennai,Anna Nagar,13.085,80.2101,623723,Theobroma,Anna Nagar,Anna Nagar,₹400 for two,Bakery|Desserts,4.6,10K+,18,0.6,True,False,ITEMS,AT ₹37,,1040,https://www.swiggy.com/city/chennai/theobroma-anna-nagar-rest623723
2026-09-19 21:12:19,Chennai,Anna Nagar,13.085,80.2101,668038,The Belgian Waffle Co.,IV AVENUE,SHANTHI COLONY,₹200 for two,Waffle|Desserts|Ice Cream|Beverages,4.5,1.8K+,27,1.3,True,True,30% OFF,UPTO ₹60,,2233,https://www.swiggy.com/city/chennai/the-belgian-waffle-co-iv-avenue-shanthi-colony-rest668038
2026-09-19 21:12:19,Chennai,Anna Nagar,13.085,80.2101,16227,Pizza Hut,Anna Nagar,Anna Nagar,₹400 for two,Pizzas,4.2,20K+,21,0.6,True,False,50% OFF,,FLAT DEAL,721,https://www.swiggy.com/city/chennai/pizza-hut-anna-nagar-rest16227
2026-09-19 21:12:19,Chennai,Anna Nagar,13.085,80.2101,74037,Burger King,Anna Nagar,Thirumangalam,₹350 for two,Burgers|American,4.2,36K+,27,1.9,True,False,ITEMS,AT ₹39,,166,https://www.swiggy.com/city/chennai/burger-king-anna-nagar-thirumangalam-rest74037
2026-09-19 21:12:19,Chennai,Anna Nagar,13.085,80.2101,16144,Subway,Anna Nagar,Anna Nagar,₹350 for two,sandwich|Salads|wrap|Healthy Food,4.2,30K+,22,1.6,True,False,ITEMS,AT ₹69,,2,https://www.swiggy.com/city/chennai/subway-anna-nagar-rest16144
2026-09-19 21:12:19,Chennai,Anna Nagar,13.085,80.2101,34539,Sangeetha Veg Restaurant,Koyembedu,Koyambedu,₹600 for two,South Indian|Chinese,4.6,67K+,31,3,True,True,ITEMS,AT ₹69,,1260,https://www.swiggy.com/city/chennai/sangeetha-veg-restaurant-koyembedu-koyambedu-rest34539
2026-09-19 21:12:19,Chennai,Anna Nagar,13.085,80.2101,633146,Wow! China,Railway Colony,Aminjikarai,₹300 for two,Chinese|Asian|fastfood|Beverages|Snacks,3.8,2.3K+,30,3,True,False,70% OFF,UPTO ₹140,,226836,https://www.swiggy.com/city/chennai/wow-china-railway-colony-aminjikarai-rest633146
2026-09-19 21:12:19,Chennai,Anna Nagar,13.085,80.2101,37630,Shree Mithai,Anna Nagar,Anna Nagar,₹250 for two,Desserts|Chaat|Street Food|Sweets,4.6,111K+,26,0.4,True,True,ITEMS,AT ₹29,,6988,https://www.swiggy.com/city/chennai/shree-mithai-anna-nagar-rest37630
2026-09-19 21:12:19,Chennai,Anna Nagar,13.085,80.2101,550055,Big Bowl,10th Main Road,Annanagar,₹250 for two,Chinese|Tibetan|Desserts,4.3,3.6K+,23,0.4,True,False,70% OFF,UPTO ₹140,,434792,https://www.swiggy.com/city/chennai/big-bowl-10th-main-road-annanagar-rest550055
2026-09-19 21:12:19,Chennai,Anna Nagar,13.085,80.2101,549855,Chinese Wok,10th Main Road,Annanagar,₹250 for two,Chinese|Asian|Tibetan|Desserts,4.3,4.3K+,25,0.4,True,False,70% OFF,UPTO ₹140,,61955,https://www.swiggy.com/city/chennai/chinese-wok-10th-main-road-annanagar-rest549855
2026-09-19 21:12:19,Chennai,Anna Nagar,13.085,80.2101,53893,"Frozen Bottle - Milkshakes, Desserts And Ice Cream",Anna Nagar,Anna Nagar,₹250 for two,Beverages|Ice Cream|Desserts,4.2,10K+,21,0.4,True,False,50% OFF,,FLAT DEAL,5655,https://www.swiggy.com/city/chennai/frozen-bottle-milkshakes-desserts-and-ice-cream-anna-nagar-rest53893
2026-09-19 21:12:19,Chennai,Anna Nagar,13.085,80.2101,123479,NIC Ice Creams,Anna Nagar,Anna Nagar,₹120 for two,Ice Cream|Desserts,4.7,15K+,19,1,True,False,70% OFF,UPTO ₹140,,6249,https://www.swiggy.com/city/chennai/nic-ice-creams-anna-nagar-rest123479
2026-09-19 21:12:19,Chennai,Anna Nagar,13.085,80.2101,620977,Wow! Momo,Kancheepuram,Anna Nagar,₹300 for two,Momos|Chinese|fastfood|Asian|Beverages,4.1,2.3K+,22,1,True,False,70% OFF,UPTO ₹140,,1776,https://www.swiggy.com/city/chennai/wow-momo-kancheepuram-anna-nagar-rest620977
2026-09-19 21:12:19,Chennai,Anna Nagar,13.085,80.2101,560029,PS4 Veg Restaurant (Perambur Sri Srinivasa),Mogappair,Mogappair,₹300 for two,Sweets|South Indian|Chinese|Juices|Chaat,4.5,17K+,35,4.8,True,True,20% OFF,UPTO ₹50,,560050,https://www.swiggy.com/city/chennai/ps4-veg-restaurant-perambur-sri-srinivasa-mogappair-rest560029
2026-09-19 21:12:19,Chennai,Anna Nagar,13.085,80.2101,765424,Namo Andhra,MOGAPPAIR WEST,Mogappair,₹350 for two,Andhra|Biryani|South Indian,4.1,706,32,4.9,True,True,ITEMS,AT ₹99,,507121,https://www.swiggy.com/city/chennai/namo-andhra-west-mogappair-rest765424
2026-09-19 21:12:19,Chennai,Anna Nagar,13.085,80.2101,769574,Mani's Dum Biryani,Bazaar Road,Mogappair,₹500 for two,Indian,4.6,11K+,26,2.8,True,False,ITEMS,AT ₹40,,623,https://www.swiggy.com/city/chennai/manis-dum-biryani-bazaar-road-mogappair-rest769574
2026-09-19 21:12:19,Chennai,Anna Nagar,13.085,80.2101,1042983,Geetham Veg Restaurant,Annanagar,Anna Nagar,₹350 for two,South Indian,4.5,14K+,29,1.9,True,True,₹100 OFF,ABOVE ₹299,FLAT DEAL,335557,https://www.swiggy.com/city/chennai/geetham-veg-restaurant-annanagar-anna-nagar-rest1042983
2026-09-19 21:12:19,Chennai,Anna Nagar,13.085,80.2101,62679,Ambur Star Briyani,Anna Nagar,Anna Nagar,₹500 for two,Biryani|South Indian|Indian|Chinese|Tandoor|Beverages,4.4,44K+,26,2.3,True,False,ITEMS,AT ₹199,,5455,https://www.swiggy.com/city/chennai/ambur-star-briyani-anna-nagar-rest62679
2026-09-19 21:12:19,Chennai,Velachery,12.9756,80.2207,48501,Subway,Velachery,100 Feet Bypass Road,₹350 for two,sandwich|Salads|wrap|Healthy Food,4.2,29K+,24,1.3,True,False,ITEMS,AT ₹69,,2,https://www.swiggy.com/city/chennai/subway-velachery-100-feet-bypass-road-rest48501
2026-09-19 21:12:19,Chennai,Velachery,12.9756,80.2207,15743,Sangeetha Veg Restaurant,Guindy,Guindy,₹200 for two,North Indian|Chinese|South Indian,4.7,51K+,32,6.4,True,True,ITEMS,AT ₹69,,1260,https://www.swiggy.com/city/chennai/sangeetha-veg-restaurant-guindy-rest15743
2026-09-19 21:12:19,Chennai,Velachery,12.9756,80.2207,17818,KFC,Vijaya Nagar,Velachery,₹400 for two,Burgers|Fast Food|Rolls & Wraps,3.8,37K+,20,1.5,True,False,50% OFF,,FLAT DEAL,547,https://www.swiggy.com/city/chennai/kfc-vijaya-nagar-velachery-rest17818
2026-09-19 21:12:19,Chennai,Velachery,12.9756,80.2207,38897,Domino's Pizza,Velachery,Velachery,₹400 for two,Pizzas|Italian|Pastas|Desserts,4.4,21K+,25,2,True,False,50% OFF,,FLAT DEAL,2456,https://www.swiggy.com/city/chennai/dominos-pizza-velachery-rest38897
2026-09-19 21:12:19,Chennai,Velachery,12.9756,80.2207,110529,The Belgian Waffle Co.,Seetaram Nagar,Velachery,₹200 for two,Waffle|Desserts|Ice Cream,4.6,8.6K+,24,1.6,True,True,30% OFF,UPTO ₹60,,2233,https://www.swiggy.com/city/chennai/the-belgian-waffle-co-seetaram-nagar-velachery-rest110529
2026-09-19 21:12:19,Chennai,Velachery,12.9756,80.2207,6448,A2B - Adyar Ananda Bhavan,Velachery,Velachery,₹300 for two,South Indian|Sweets|Chinese,4.5,98K+,33,1.6,True,False,ITEMS,AT ₹39,,22,https://www.swiggy.com/city/chennai/a2b-adyar-ananda-bhavan-velachery-rest6448
2026-09-19 21:12:19,Chennai,Velachery,12.9756,80.2207,34889,Pizza Hut,Velachery,Velachery,₹400 for two,Pizzas,4.1,27K+,23,1.5,True,False,50% OFF,,FLAT DEAL,721,https://www.swiggy.com/city/chennai/pizza-hut-velachery-rest34889
2026-09-19 21:12:19,Chennai,Velachery,12.9756,80.2207,23724,McDonald's,Velachery,Velachery,₹400 for two,Burgers|Beverages|Cafe|Desserts,4.2,67K+,30,3,True,False,ITEMS,AT ₹64,,630,https://www.swiggy.com/city/chennai/mcdonalds-velachery-rest23724
2026-09-19 21:12:19,Chennai,Velachery,12.9756,80.2207,825599,Theobroma,Perungudi,Chromepet,₹300 for two,Bakery|Desserts|Beverages,4.5,3.3K+,28,4.2,True,False,ITEMS,AT ₹37,,1040,https://www.swiggy.com/city/chennai/theobroma-perungudi-chromepet-rest825599
2026-09-19 21:12:19,Chennai,Velachery,12.9756,80.2207,9798,Burger King,Pheonix Marketcity,Velachery,₹350 for two,Burgers|American,4.1,51K+,41,1.9,True,False,ITEMS,AT ₹39,,166,https://www.swiggy.com/city/chennai/burger-king-pheonix-marketcity-velachery-rest9798
2026-09-19 21:12:19,Chennai,Velachery,12.9756,80.2207,470493,Wendy's Burgers,Velachery,Velachery,₹200 for two,Burgers|Fast Food|wrap,4.2,4.7K+,29,2,True,False,ITEMS,AT ₹59,,972,https://www.swiggy.com/city/chennai/wendys-burgers-velachery-rest470493
2026-09-19 21:12:19,Chennai,Velachery,12.9756,80.2207,613347,Baskin Robbins - Ice Cream Desserts,kings circle,Keelkattalai,₹250 for two,Desserts|Ice Cream,4.7,1.9K+,29,6.6,True,True,ITEMS,AT ₹15,,5588,https://www.swiggy.com/city/chennai/baskin-robbins-ice-cream-desserts-kings-circle-keelkattalai-rest613347
2026-09-19 21:12:19,Chennai,Velachery,12.9756,80.2207,8496,"Dindigul Thalappakatti - Since 1957
",Velachery,Velachery,₹600 for two,Biryani|Barbecue|South Indian|Chinese|North Indian,4.2,46K+,20,0.3,True,False,ITEMS,AT ₹209,,641506,https://www.swiggy.com/city/chennai/dindigul-thalappakatti-since-1957-velachery-rest8496
2026-09-19 21:12:19,Chennai,Velachery,12.9756,80.2207,407377,Wow! Momo,Srinivas Nagar,Velachery,₹300 for two,Momos|Chinese|fastfood|Asian|Beverages,4.2,3.6K+,33,3,True,False,70% OFF,UPTO ₹140,,1776,https://www.swiggy.com/city/chennai/wow-momo-srinivas-nagar-velachery-rest407377
2026-09-19 21:12:19,Chennai,Velachery,12.9756,80.2207,62924,LunchBox - Meals and Thalis,Velachery,Gandhi Road New Colony,₹200 for two,Thalis|North Indian|Biryani|South Indian|Desserts|Beverages,4.5,11K+,29,2.1,True,False,ITEMS,AT ₹99,,4925,https://www.swiggy.com/city/chennai/lunchbox-meals-and-thalis-velachery-gandhi-road-new-colony-rest62924
2026-09-19 21:12:19,Chennai,Velachery,12.9756,80.2207,25736,Paradise Biryani,Thiruvanmiyur,Thiruvanmiyur,₹400 for two,Biryani|Kebabs|North Indian|Hyderabadi,4.2,49K+,31,5.5,True,False,70% OFF,UPTO ₹140,,700,https://www.swiggy.com/city/chennai/paradise-biryani-thiruvanmiyur-rest25736
2026-09-19 21:12:19,Chennai,Velachery,12.9756,80.2207,338767,NIC Ice Creams,"Dr. Ambdgar Salai,Periyar Nagar",Madipakkam,₹120 for two,Ice Cream|Desserts,4.6,8.0K+,19,4.2,True,True,70% OFF,UPTO ₹140,,6249,https://www.swiggy.com/city/chennai/nic-ice-creams-dr-ambdgar-salai-periyar-nagar-madipakkam-rest338767
2026-09-19 21:12:19,Chennai,Velachery,12.9756,80.2207,815923,Olio - The Wood Fired Pizzeria,Gopal Street,Taramani,₹300 for two,Pizzas|Pastas|Italian|Fast Food|Snacks|Beverages|Desserts,4.1,1.7K+,28,0.8,True,False,70% OFF,UPTO ₹140,,11633,https://www.swiggy.com/city/chennai/olio-the-wood-fired-pizzeria-gopal-street-taramani-rest815923
2026-09-19 21:12:19,Chennai,Velachery,12.9756,80.2207,470708,Big Bowl,Near Gangai Nagar,Velachery,₹250 for two,Chinese|Tibetan|Desserts,4.1,4.0K+,29,1,True,False,70% OFF,UPTO ₹140,,434792,https://www.swiggy.com/city/chennai/big-bowl-near-gangai-nagar-velachery-rest470708
2026-09-19 21:12:19,Chennai,Velachery,12.9756,80.2207,350428,CakeZone Patisserie,VELACHERY,Pillaiyar Koil Street,₹200 for two,Bakery|Desserts|Sweets|Ice Cream,4.4,7.1K+,20,0.9,True,False,70% OFF,UPTO ₹140,,7003,https://www.swiggy.com/city/chennai/cakezone-patisserie-velachery-pillaiyar-koil-street-rest350428
2026-09-19 21:12:19,Chennai,Velachery,12.9756,80.2207,762451,Namo Andhra,Mahatma Gandhi Road,OMR Perungudi,₹350 for two,Andhra|Biryani|South Indian,4.2,1.1K+,33,7.4,True,True,ITEMS,AT ₹99,,507121,https://www.swiggy.com/city/chennai/namo-andhra-mahatma-gandhi-road-omr-perungudi-rest762451
2026-09-19 21:12:19,Chennai,Velachery,12.9756,80.2207,1158820,Bask by Coffee,INJAMBAKKAM,Palavakkam,₹800 for two,Beverages,4.6,631,42,7.6,True,False,,,,469054,https://www.swiggy.com/city/chennai/bask-by-coffee-injambakkam-palavakkam-rest1158820
2026-09-19 21:12:19,Chennai,Velachery,12.9756,80.2207,444674,Andhra Gunpowder,Thoraipakkam,OMR Perungudi,₹350 for two,Andhra|Biryani|South Indian,4.3,7.8K+,40,7.4,True,False,ITEMS,AT ₹99,,10496,https://www.swiggy.com/city/chennai/andhra-gunpowder-thoraipakkam-omr-perungudi-rest444674
2026-09-19 21:12:19,Chennai,Velachery,12.9756,80.2207,909785,Mani's Dum Biryani, Barathi Street,Velachery,₹400 for two,Biryani|South Indian|South American,4.6,9.5K+,22,1.7,True,False,ITEMS,AT ₹40,,623,https://www.swiggy.com/city/chennai/manis-dum-biryani-barathi-street-velachery-rest909785
2026-09-19 21:12:19,Chennai,Velachery,12.9756,80.2207,841478,California Burrito,Vijaya Nagar,Velachery,₹250 for two,Mexican|American|Salads|Continental|Keto|Healthy Food|Beverages|Snacks|Desserts|Fast Food,4.6,9.6K+,17,0.3,True,False,,,,1252,https://www.swiggy.com/city/chennai/california-burrito-vijaya-nagar-velachery-rest841478
2026-09-19 21:12:19,Chennai,Velachery,12.9756,80.2207,35172,Zaitoon,Velachery,Velachery,₹500 for two,Biryani|Juices|Chinese|Arabian|Mughlai,4.3,152K+,27,0.3,True,False,₹200 OFF,ABOVE ₹599,FLAT DEAL,4555,https://www.swiggy.com/city/chennai/zaitoon-velachery-rest35172
2026-09-19 21:12:19,Chennai,Velachery,12.9756,80.2207,62682,Ambur Star Briyani,Tansi Nagar,Velachery,₹500 for two,Biryani|South Indian|Indian|Chinese|Tandoor|Beverages,4.3,32K+,17,0.8,True,False,ITEMS,AT ₹199,,5455,https://www.swiggy.com/city/chennai/ambur-star-briyani-tansi-nagar-velachery-rest62682
2026-09-19 21:12:19,Chennai,Velachery,12.9756,80.2207,557740,Geetham Veg restaurant,Velachery,Velachery,₹250 for two,Indian,4.5,71K+,27,1.7,True,True,₹100 OFF,ABOVE ₹299,FLAT DEAL,335557,https://www.swiggy.com/city/chennai/geetham-veg-restaurant-velachery-rest557740
2026-09-19 21:12:19,Chennai,Nungambakkam,13.0569,80.2425,67596,"Faasos - Wraps, Rolls & Shawarma",Eldams Road,Mylapore,₹200 for two,Wraps|rolls|Fast Food|Burger|shawarma|Rice Bowls,4.2,11K+,33,3,True,False,65% OFF,UPTO ₹125,,21809,https://www.swiggy.com/city/chennai/faasos-wraps-rolls-and-shawarma-eldams-road-mylapore-rest67596
2026-09-19 21:12:19,Chennai,Nungambakkam,13.0569,80.2425,86724,Nasi And Mee,Nungambakkam,Nungambakkam,₹800 for two,Pan-Asian|Singaporean|Malaysian|Japanese|Thai,4.6,9.4K+,32,1.5,True,False,,,,19997,https://www.swiggy.com/city/chennai/nasi-and-mee-nungambakkam-rest86724
2026-09-19 21:12:19,Chennai,Nungambakkam,13.0569,80.2425,623724,Theobroma,Nungambakkam,Nungambakkam,₹400 for two,Bakery|Desserts,4.5,8.8K+,17,1.4,True,False,ITEMS,AT ₹37,,1040,https://www.swiggy.com/city/chennai/theobroma-nungambakkam-rest623724
2026-09-19 21:12:19,Chennai,Nungambakkam,13.0569,80.2425,24343,Domino's Pizza,Nungambakam,Nungambakkam,₹400 for two,Pizzas|Italian|Pastas|Desserts,4.5,16K+,25,1.2,True,False,50% OFF,,FLAT DEAL,2456,https://www.swiggy.com/city/chennai/dominos-pizza-nungambakam-nungambakkam-rest24343
2026-09-19 21:12:19,Chennai,Nungambakkam,13.0569,80.2425,17817,KFC,Nungambakkam,Nungambakkam,₹400 for two,Burgers|Fast Food|Rolls & Wraps,4.2,32K+,21,1.4,True,False,50% OFF,,FLAT DEAL,547,https://www.swiggy.com/city/chennai/kfc-nungambakkam-rest17817
2026-09-19 21:12:19,Chennai,Nungambakkam,13.0569,80.2425,14097,Sangeetha Veg Restaurant,Egmore,Egmore,₹400 for two,Chinese|South Indian,4.7,58K+,29,4.2,True,True,ITEMS,AT ₹119,,1260,https://www.swiggy.com/city/chennai/sangeetha-veg-restaurant-egmore-rest14097
2026-09-19 21:12:19,Chennai,Nungambakkam,13.0569,80.2425,9358,Subway,Nungambakkam,Nungambakkam,₹350 for two,sandwich|Salads|wrap|Healthy Food,4.1,41K+,24,2.2,True,False,ITEMS,AT ₹69,,2,https://www.swiggy.com/city/chennai/subway-nungambakkam-rest9358
2026-09-19 21:12:19,Chennai,Nungambakkam,13.0569,80.2425,410398,McDonald's,Thousand Lights,Nungambakkam,₹400 for two,Burgers|Beverages|Cafe|Desserts,4.3,7.0K+,25,1.9,True,False,ITEMS,AT ₹64,,630,https://www.swiggy.com/city/chennai/mcdonalds-thousand-lights-nungambakkam-rest410398
2026-09-19 21:12:19,Chennai,Nungambakkam,13.0569,80.2425,18045,A2B - Adyar Ananda Bhavan,Thyagaraya Nagar,T Nagar,₹300 for two,South Indian|Sweets|Chinese,4.5,53K+,31,2.3,True,True,ITEMS,AT ₹39,,22,https://www.swiggy.com/city/chennai/a2b-adyar-ananda-bhavan-thyagaraya-nagar-t-nagar-rest18045
2026-09-19 21:12:19,Chennai,Nungambakkam,13.0569,80.2425,47812,The Belgian Waffle Co.,KNK Road,Nungambakkam,₹200 for two,Waffle|Desserts|Ice Cream,4.4,11K+,26,1.7,True,True,30% OFF,UPTO ₹60,,2233,https://www.swiggy.com/city/chennai/the-belgian-waffle-co-knk-road-nungambakkam-rest47812
2026-09-19 21:12:19,Chennai,Nungambakkam,13.0569,80.2425,16237,Pizza Hut,R.K.Salai,Mylapore,₹400 for two,Pizzas,4.2,22K+,28,3.5,True,False,50% OFF,,FLAT DEAL,721,https://www.swiggy.com/city/chennai/pizza-hut-r-k-salai-mylapore-rest16237
2026-09-19 21:12:19,Chennai,Nungambakkam,13.0569,80.2425,107139,NIC Ice Creams,Shilver Park Apartment,T. Nagar,₹120 for two,Ice Cream|Desserts,4.7,16K+,23,3.6,True,True,70% OFF,UPTO ₹140,,6249,https://www.swiggy.com/city/chennai/nic-ice-creams-shilver-park-apartment-t-nagar-rest107139
2026-09-19 21:12:19,Chennai,Nungambakkam,13.0569,80.2425,67601,LunchBox - Meals and Thalis,Eldams Road,Teynanpet,₹200 for two,Thalis|North Indian|Biryani|South Indian|Desserts|Beverages,4.4,12K+,28,3,True,False,ITEMS,AT ₹99,,4925,https://www.swiggy.com/city/chennai/lunchbox-meals-and-thalis-eldams-road-teynanpet-rest67601
2026-09-19 21:12:19,Chennai,Nungambakkam,13.0569,80.2425,229925,Wow! China,Rangarajapuram,Kodambakkam,₹350 for two,Chinese|Asian|fastfood|Beverages|Snacks,3.8,4.7K+,23,2.5,True,False,70% OFF,UPTO ₹140,,226836,https://www.swiggy.com/city/chennai/wow-china-rangarajapuram-kodambakkam-rest229925
2026-09-19 21:12:19,Chennai,Nungambakkam,13.0569,80.2425,681655,LeanCrust Pizza- ThinCrust Experts,Nungabakkam,Nungambakkam,₹250 for two,Pizzas|Italian|Desserts,4.4,1.7K+,25,0.8,True,False,ITEMS,AT ₹149,,11216,https://www.swiggy.com/city/chennai/leancrust-pizza-thincrust-experts-nungabakkam-nungambakkam-rest681655
2026-09-19 21:12:19,Chennai,Nungambakkam,13.0569,80.2425,693194,MOJO Pizza - 2X Toppings,Nungabakkam,Shenoy Road,₹250 for two,Pizzas|Italian|Fast Food|Desserts,4.4,878,25,0.8,True,False,ITEMS,AT ₹99,,11329,https://www.swiggy.com/city/chennai/mojo-pizza-2x-toppings-nungabakkam-shenoy-road-rest693194
2026-09-19 21:12:19,Chennai,Nungambakkam,13.0569,80.2425,698678,"WeFit - Protein Bowls, Salads & Sandwiches",Shenoy Road,Nungambakkam,₹250 for two,Healthy Food|Salads|Keto|Snacks,4.6,2.7K+,25,0.8,True,False,ITEMS,AT ₹119,,355285,https://www.swiggy.com/city/chennai/wefit-protein-bowls-salads-and-sandwiches-shenoy-road-nungambakkam-rest698678
2026-09-19 21:12:19,Chennai,Nungambakkam,13.0569,80.2425,614538,NH1 Bowls - Highway To North,Nungabakkam,Nungambakkam,₹250 for two,Punjabi|Home Food,4.7,2.0K+,25,0.8,True,False,ITEMS,AT ₹119,,22452,https://www.swiggy.com/city/chennai/nh1-bowls-highway-to-north-nungabakkam-nungambakkam-rest614538
2026-09-19 21:12:19,Chennai,Nungambakkam,13.0569,80.2425,614539,ZAZA Mughal Biryani,Nungabakkam,Nungambakkam,₹250 for two,Biryani|Awadhi,4.4,1.4K+,25,0.8,True,False,70% OFF,UPTO ₹140,,22473,https://www.swiggy.com/city/chennai/zaza-mughal-biryani-nungabakkam-nungambakkam-rest614539
2026-09-19 21:12:19,Chennai,Nungambakkam,13.0569,80.2425,146402,"Frozen Bottle - Milkshakes, Desserts And Ice Cream",Sivashanmugam Street,Nungambakkam,₹250 for two,Beverages|Ice Cream|Desserts,4.1,3.4K+,17,1.4,True,True,70% OFF,UPTO ₹140,,5655,https://www.swiggy.com/city/chennai/frozen-bottle-milkshakes-desserts-and-ice-cream-sivashanmugam-street-nungambakkam-rest146402
2026-09-19 21:12:19,Chennai,Nungambakkam,13.0569,80.2425,906690,Narmada Chain of Restaurant,Rajiv Gandhi Salai,Nungambakkam,₹500 for two,Andhra|Biryani,4.5,7.0K+,27,2.5,True,False,,,,410569,https://www.swiggy.com/city/chennai/narmada-chain-of-restaurant-rajiv-gandhi-salai-nungambakkam-rest906690
2026-09-19 21:12:19,Chennai,Nungambakkam,13.0569,80.2425,789332,Bask by Coffee,Teynampet,Teynampet,₹800 for two,Beverages|Italian|Snacks|Thai,4.5,2.1K+,39,2.9,True,False,,,,469054,https://www.swiggy.com/city/chennai/bask-by-coffee-teynampet-rest789332
2026-09-19 21:12:19,Chennai,Nungambakkam,13.0569,80.2425,738938,Mani's Dum Biryani,jawaharlal nehru street,Vadapalani,₹500 for two,Andhra|Biryani|North Indian,4.6,12K+,29,4.5,True,False,ITEMS,AT ₹40,,623,https://www.swiggy.com/city/chennai/manis-dum-biryani-jawaharlal-nehru-street-vadapalani-rest738938
2026-09-19 21:12:19,Chennai,Nungambakkam,13.0569,80.2425,963432,California Burrito,Nungambakkam,Nungambakkam,₹250 for two,Mexican|American|Salads|Continental|Keto|Healthy Food|Beverages|Snacks|Desserts|Fast Food,4.6,10K+,19,0.8,True,False,,,,1252,https://www.swiggy.com/city/chennai/california-burrito-nungambakkam-rest963432
2026-09-19 21:12:19,Chennai,Nungambakkam,13.0569,80.2425,1382194,Bakingo,"Thousand Lights, Chennai Corp",Gulam Alikhan X Street,₹299 for two,Bakery|Desserts|Beverages|Snacks,4.5,83,22,3,True,False,ITEMS,AT ₹649,,3818,https://www.swiggy.com/city/chennai/bakingo-thousand-lights-corp-gulam-alikhan-x-street-rest1382194
2026-09-19 21:12:19,Chennai,Nungambakkam,13.0569,80.2425,1162944,RNR Biryani - Taste Of 1953,Egmore,Egmore,₹500 for two,Biryani|South Indian,4.3,924,34,5.7,True,False,ITEMS,AT ₹40,,11620,https://www.swiggy.com/city/chennai/rnr-biryani-taste-of-1953-egmore-rest1162944
2026-09-19 21:12:19,Chennai,Porur,13.0359,80.1567,444665,Andhra Gunpowder,Kundrathur Main Roadmoulivakkam,Bhaikadai,₹350 for two,Andhra|Biryani|South Indian,4.3,6.9K+,24,2.6,True,False,ITEMS,AT ₹99,,10496,https://www.swiggy.com/city/chennai/andhra-gunpowder-kundrathur-main-roadmoulivakkam-bhaikadai-rest444665
2026-09-19 21:12:19,Chennai,Porur,13.0359,80.1567,183687,PS4 Veg Restaurant (Perambur Sri Srinivasa),Valasaravakkam,Ramapuram,₹300 for two,Sweets|South Indian,4.6,72K+,32,3,True,False,20% OFF,UPTO ₹50,,560050,https://www.swiggy.com/city/chennai/ps4-veg-restaurant-perambur-sri-srinivasa-valasaravakkam-ramapuram-rest183687
2026-09-19 21:12:19,Chennai,Porur,13.0359,80.1567,29011,KFC,Porur,Porur,₹400 for two,Burgers|Fast Food|Rolls & Wraps,4.1,31K+,24,2.3,True,False,50% OFF,,FLAT DEAL,547,https://www.swiggy.com/city/chennai/kfc-porur-rest29011
2026-09-19 21:12:19,Chennai,Porur,13.0359,80.1567,13481,A2B - Adyar Ananda Bhavan,Trunk Road street,Porur,₹300 for two,South Indian|Sweets|Chinese,4.5,112K+,31,1,True,True,ITEMS,AT ₹39,,22,https://www.swiggy.com/city/chennai/a2b-adyar-ananda-bhavan-trunk-road-street-porur-rest13481
2026-09-19 21:12:19,Chennai,Porur,13.0359,80.1567,884496,Theobroma,Porur,Porur,₹300 for two,Bakery|Desserts|Beverages,4.5,4.4K+,14,0.9,True,False,ITEMS,AT ₹37,,1040,https://www.swiggy.com/city/chennai/theobroma-porur-rest884496
2026-09-19 21:12:19,Chennai,Porur,13.0359,80.1567,464178,Pizza Hut,Porur,Porur,₹350 for two,Pizzas,4.2,7.9K+,22,1.1,True,False,50% OFF,,FLAT DEAL,721,https://www.swiggy.com/city/chennai/pizza-hut-porur-rest464178
2026-09-19 21:12:19,Chennai,Porur,13.0359,80.1567,258532,The Belgian Waffle Co.,Jaya Nagar Mount P.H. Road,PORUR,₹200 for two,Waffle|Desserts|Ice Cream,4.4,6.5K+,22,1.1,True,True,30% OFF,UPTO ₹60,,2233,https://www.swiggy.com/city/chennai/the-belgian-waffle-co-jaya-nagar-mount-p-h-road-porur-rest258532
2026-09-19 21:12:19,Chennai,Porur,13.0359,80.1567,343701,Domino's Pizza,"PE VE PLAZA, PORUR, CHENNAI, TAMIL NADU",Porur,₹400 for two,Pizzas|Italian|Pastas|Desserts,4.2,7.0K+,25,1.3,True,False,50% OFF,,FLAT DEAL,2456,https://www.swiggy.com/city/chennai/dominos-pizza-pe-ve-plaza-tamil-nadu-porur-rest343701
2026-09-19 21:12:19,Chennai,Porur,13.0359,80.1567,13305,Sangeetha Veg Restaurant,Nandambakkam,Poonthottam Colony,₹350 for two,North Indian|South Indian,4.7,63K+,32,4.9,True,True,ITEMS,AT ₹69,,1260,https://www.swiggy.com/city/chennai/sangeetha-veg-restaurant-nandambakkam-poonthottam-colony-rest13305
2026-09-19 21:12:19,Chennai,Porur,13.0359,80.1567,13295,Subway,Valasaravakkam,Porur,₹350 for two,sandwich|Salads|wrap|Healthy Food,4.1,34K+,18,1.7,True,False,ITEMS,AT ₹69,,2,https://www.swiggy.com/city/chennai/subway-valasaravakkam-porur-rest13295
2026-09-19 21:12:19,Chennai,Porur,13.0359,80.1567,23748,McDonald's,Valasaravakkam,Valasaravakkam,₹400 for two,Burgers|Beverages|Cafe|Desserts,4.3,62K+,29,2.8,True,False,ITEMS,AT ₹64,,630,https://www.swiggy.com/city/chennai/mcdonalds-valasaravakkam-rest23748
2026-09-19 21:12:19,Chennai,Porur,13.0359,80.1567,826377,Baskin Robbins - Ice Cream Desserts,Karambakkam,Mahalakshmi Nagar,₹250 for two,Desserts|Ice Cream,4.5,1.0K+,15,0.2,True,True,ITEMS,AT ₹15,,5588,https://www.swiggy.com/city/chennai/baskin-robbins-ice-cream-desserts-karambakkam-mahalakshmi-nagar-rest826377
2026-09-19 21:12:19,Chennai,Porur,13.0359,80.1567,191413,The Biryani Life,Mahalakhsmi Nagar,Porur,₹250 for two,Biryani|Mughlai|Lucknowi|Hyderabadi|Kebabs|Desserts|Beverages,4,2.6K+,17,0.3,True,False,70% OFF,UPTO ₹140,,8496,https://www.swiggy.com/city/chennai/the-biryani-life-mahalakhsmi-nagar-porur-rest191413
2026-09-19 21:12:19,Chennai,Porur,13.0359,80.1567,155421,The Good Bowl,Mahalakshmi Nagar,Porur,₹400 for two,Biryani|Pastas|Punjabi|Desserts|Beverages,4.4,4.9K+,21,0.3,True,False,ITEMS,AT ₹129,,7918,https://www.swiggy.com/city/chennai/the-good-bowl-mahalakshmi-nagar-porur-rest155421
2026-09-19 21:12:19,Chennai,Porur,13.0359,80.1567,35720,Sweet Truth - Cake and Desserts,Mahalakhsmi Nagar,Porur,₹450 for two,Desserts|Ice Cream|Bakery|Beverages,4.1,5.3K+,11,0.3,True,False,ITEMS,AT ₹79,,4444,https://www.swiggy.com/city/chennai/sweet-truth-cake-and-desserts-mahalakhsmi-nagar-porur-rest35720
2026-09-19 21:12:19,Chennai,Porur,13.0359,80.1567,694789,Wow! Momo,Kunduthur Main Road,Porur,₹300 for two,Momos|Chinese|fastfood|Asian|Beverages,4.3,4.6K+,19,0.3,True,False,70% OFF,UPTO ₹140,,1776,https://www.swiggy.com/city/chennai/wow-momo-kunduthur-main-road-porur-rest694789
2026-09-19 21:12:19,Chennai,Porur,13.0359,80.1567,248144,NIC Ice Creams,Porurr,Bala Murugan Koil,₹120 for two,Desserts|Ice Cream,4.7,8.5K+,11,0.8,True,True,70% OFF,UPTO ₹140,,6249,https://www.swiggy.com/city/chennai/nic-ice-creams-porurr-bala-murugan-koil-rest248144
2026-09-19 21:12:19,Chennai,Porur,13.0359,80.1567,515110,Chaayos Chai+Snacks=Relax,Yadaval Street,Porur,₹250 for two,Beverages|Chaat|Bakery|Snacks|Street Food|healthy|Home Food|Maharashtrian|Italian|Desserts,4.3,3.4K+,17,0.6,True,False,51% OFF,,FLAT DEAL,281782,https://www.swiggy.com/city/chennai/chaayos-chai-snacks-relax-yadaval-street-porur-rest515110
2026-09-19 21:12:19,Chennai,Porur,13.0359,80.1567,13263,"Dindigul Thalappakatti - Since 1957
",Porur,Porur,₹650 for two,Biryani|Barbecue|South Indian|Chinese|North Indian,4.2,42K+,25,0.7,True,False,ITEMS,AT ₹209,,641506,https://www.swiggy.com/city/chennai/dindigul-thalappakatti-since-1957-porur-rest13263
2026-09-19 21:12:19,Chennai,Porur,13.0359,80.1567,671911,Big Bowl,Kundrathur Main Road,Porur,₹250 for two,Chinese|Tibetan|Desserts,4.2,3.6K+,25,1.8,True,False,70% OFF,UPTO ₹140,,434792,https://www.swiggy.com/city/chennai/big-bowl-kundrathur-main-road-porur-rest671911
2026-09-19 21:12:19,Chennai,Porur,13.0359,80.1567,752292,Namo Andhra,Moulivakkam,Kundrathur Main Road,₹350 for two,South Indian,4.1,1.1K+,23,2.6,True,True,ITEMS,AT ₹99,,507121,https://www.swiggy.com/city/chennai/namo-andhra-moulivakkam-kundrathur-main-road-rest752292
2026-09-19 21:12:19,Chennai,Porur,13.0359,80.1567,444679,Biryani Trip - Destination Hyderabad,Kundrathur Main Roadmoulivakkam,Bhaikadai,₹350 for two,Biryani,4.2,938,26,2.6,True,False,ITEMS,AT ₹99,,441462,https://www.swiggy.com/city/chennai/biryani-trip-destination-hyderabad-kundrathur-main-roadmoulivakkam-bhaikadai-rest444679
2026-09-19 21:12:19,Chennai,Porur,13.0359,80.1567,1050280,Mani's Dum Biryani,Guindy,Guindy,₹400 for two,South Indian,4.5,4.2K+,29,5,True,False,ITEMS,AT ₹40,,623,https://www.swiggy.com/city/chennai/manis-dum-biryani-guindy-rest1050280
2026-09-19 21:12:19,Chennai,Porur,13.0359,80.1567,1115785,Geetham Veg Restaurant,Iyyapanthangal,Iyyapanthangal,₹380 for two,South Indian,4.4,14K+,24,2.3,True,True,₹100 OFF,ABOVE ₹299,FLAT DEAL,335557,https://www.swiggy.com/city/chennai/geetham-veg-restaurant-iyyapanthangal-rest1115785
2026-09-19 21:12:19,Chennai,Porur,13.0359,80.1567,107728,Zaitoon,Valluvar Street,Ramapuram,₹450 for two,North Indian|Arabian|Chinese,4.2,66K+,31,4,True,False,₹200 OFF,ABOVE ₹599,FLAT DEAL,4555,https://www.swiggy.com/city/chennai/zaitoon-valluvar-street-ramapuram-rest107728
2026-09-19 21:12:19,Chennai,Porur,13.0359,80.1567,1134723,Bakingo,Porur,Thiravian Street,₹299 for two,Bakery|Desserts|Beverages|Snacks,4.6,1.5K+,16,1.1,True,False,ITEMS,AT ₹649,,3818,https://www.swiggy.com/city/chennai/bakingo-porur-thiravian-street-rest1134723
2026-09-19 21:12:19,Chennai,Porur,13.0359,80.1567,996472,California Burrito,Porur,Porur,₹300 for two,Mexican|American|Salads|Continental|Keto|Healthy Food|Beverages|Snacks|Desserts|Fast Food,4.6,6.7K+,28,2.6,True,False,ITEMS,AT ₹79,,1252,https://www.swiggy.com/city/chennai/california-burrito-porur-rest996472
2026-09-19 21:12:19,Chennai,Tambaram,12.9249,80.1,444676,Andhra Gunpowder,Agaram Main Road,Tambaram,₹350 for two,Andhra|Biryani|South Indian,4.2,7.2K+,30,6,True,False,ITEMS,AT ₹99,,10496,https://www.swiggy.com/city/chennai/andhra-gunpowder-agaram-main-road-tambaram-rest444676
2026-09-19 21:12:19,Chennai,Tambaram,12.9249,80.1,21471,"Dindigul Thalappakatti - Since 1957
",Tambaram West,Tambaram West,₹600 for two,Biryani|Barbecue|South Indian|Chinese|North Indian,4.2,16K+,32,3,True,False,ITEMS,AT ₹209,,641506,https://www.swiggy.com/city/chennai/dindigul-thalappakatti-since-1957-tambaram-west-rest21471
2026-09-19 21:12:19,Chennai,Tambaram,12.9249,80.1,152500,"Faasos - Wraps, Rolls & Shawarma",Mudichur Road,Tambaram,₹200 for two,Wraps|rolls|Fast Food|Burger|shawarma|Rice Bowls,4.5,8.5K+,15,0.2,True,False,65% OFF,UPTO ₹125,,21809,https://www.swiggy.com/city/chennai/faasos-wraps-rolls-and-shawarma-mudichur-road-tambaram-rest152500
2026-09-19 21:12:19,Chennai,Tambaram,12.9249,80.1,308843,The Belgian Waffle Co.,TAMBARAM,MUDICHUR ROAD,₹200 for two,Waffle|Desserts|Ice Cream,4.5,3.3K+,16,0.5,True,True,30% OFF,UPTO ₹60,,2233,https://www.swiggy.com/city/chennai/the-belgian-waffle-co-tambaram-mudichur-road-rest308843
2026-09-19 21:12:19,Chennai,Tambaram,12.9249,80.1,66691,Subway,West Tambaram,Tambaram West,₹350 for two,sandwich|Salads|wrap|Healthy Food,4.2,13K+,11,0.7,True,False,60% OFF,UPTO ₹120,,2,https://www.swiggy.com/city/chennai/subway-west-tambaram-tambaram-west-rest66691
2026-09-19 21:12:19,Chennai,Tambaram,12.9249,80.1,24352,Domino's Pizza,Tambaram West,Tambaram,₹400 for two,Pizzas|Italian|Pastas|Desserts,4.2,11K+,25,0.7,True,False,50% OFF,,FLAT DEAL,2456,https://www.swiggy.com/city/chennai/dominos-pizza-west-tambaram-rest24352
2026-09-19 21:12:19,Chennai,Tambaram,12.9249,80.1,767212,KFC,Mudichur Road,West Tambaram,₹400 for two,Burgers|Fast Food|Rolls & Wraps,4.1,8.2K+,24,0.8,True,False,50% OFF,,FLAT DEAL,547,https://www.swiggy.com/city/chennai/kfc-mudichur-road-west-tambaram-rest767212
2026-09-19 21:12:19,Chennai,Tambaram,12.9249,80.1,37642,Sangeetha Veg Restaurant,GST Road,New Perungalathur,₹200 for two,Chinese|Indian|South Indian,4.5,42K+,28,6.5,True,True,ITEMS,AT ₹69,,1260,https://www.swiggy.com/city/chennai/sangeetha-veg-restaurant-gst-road-new-perungalathur-rest37642
2026-09-19 21:12:19,Chennai,Tambaram,12.9249,80.1,16632,A2B - Adyar Ananda Bhavan,Tambaram West,Tambaram,₹300 for two,South Indian|Sweets|Chinese,4.5,80K+,34,2,True,True,ITEMS,AT ₹39,,22,https://www.swiggy.com/city/chennai/a2b-adyar-ananda-bhavan-west-tambaram-rest16632
2026-09-19 21:12:19,Chennai,Tambaram,12.9249,80.1,27411,Pizza Hut,GST Road,Chrompet,₹350 for two,Pizzas,4.2,22K+,39,5.5,True,False,50% OFF,,FLAT DEAL,721,https://www.swiggy.com/city/chennai/pizza-hut-gst-road-chrompet-rest27411
2026-09-19 21:12:19,Chennai,Tambaram,12.9249,80.1,693211,Wow! China,Gandhi Nagar,Selaiyur,₹300 for two,Chinese|Asian|fastfood|Beverages|Snacks,3.6,1.2K+,33,5,True,False,70% OFF,UPTO ₹140,,226836,https://www.swiggy.com/city/chennai/wow-china-gandhi-nagar-selaiyur-rest693211
2026-09-19 21:12:19,Chennai,Tambaram,12.9249,80.1,636367,Big Bowl,MUDICHUR ROAD,TAMBARAM,₹250 for two,Chinese|Tibetan|Desserts,4.3,1.9K+,23,1.2,True,False,70% OFF,UPTO ₹140,,434792,https://www.swiggy.com/city/chennai/big-bowl-mudichur-road-tambaram-rest636367
2026-09-19 21:12:19,Chennai,Tambaram,12.9249,80.1,737914,ZAZA Mughal Biryani,Mudichur Road,Tambaram,₹250 for two,Biryani|North Indian|Awadhi,4.2,1.7K+,25,0.4,True,False,70% OFF,UPTO ₹140,,22473,https://www.swiggy.com/city/chennai/zaza-mughal-biryani-mudichur-road-tambaram-rest737914
2026-09-19 21:12:19,Chennai,Tambaram,12.9249,80.1,737913,NH1 Bowls - Highway To North,Mudichur Road,Tambaram,₹250 for two,North Indian|Punjabi|Home Food,4.5,555,25,0.4,True,False,ITEMS,AT ₹119,,22452,https://www.swiggy.com/city/chennai/nh1-bowls-highway-to-north-mudichur-road-tambaram-rest737913
2026-09-19 21:12:19,Chennai,Tambaram,12.9249,80.1,737919,LeanCrust Pizza- ThinCrust Experts,Mudichur Road,Tambaram,₹300 for two,Pizzas|Italian|Desserts,4.5,1.5K+,25,0.4,True,False,ITEMS,AT ₹149,,11216,https://www.swiggy.com/city/chennai/leancrust-pizza-thincrust-experts-mudichur-road-tambaram-rest737919
2026-09-19 21:12:19,Chennai,Tambaram,12.9249,80.1,737920,MOJO Pizza - 2X Toppings,Mudichur Road,Tambaram,₹250 for two,Pizzas|Italian|Fast Food|Desserts,4.6,1.1K+,25,0.4,True,False,ITEMS,AT ₹99,,11329,https://www.swiggy.com/city/chennai/mojo-pizza-2x-toppings-mudichur-road-tambaram-rest737920
2026-09-19 21:12:19,Chennai,Tambaram,12.9249,80.1,248146,NIC Ice Creams,Elumalai Street,Tambaram,₹120 for two,Desserts|Ice Cream,4.7,6.4K+,15,1.7,True,True,70% OFF,UPTO ₹140,,6249,https://www.swiggy.com/city/chennai/nic-ice-creams-elumalai-street-tambaram-rest248146
2026-09-19 21:12:19,Chennai,Tambaram,12.9249,80.1,407383,Wow! Momo,Tambaram,Venkatesan Street,₹300 for two,Momos|Chinese|fastfood|Asian|Beverages,4.2,4.7K+,18,0.9,True,False,70% OFF,UPTO ₹140,,1776,https://www.swiggy.com/city/chennai/wow-momo-tambaram-venkatesan-street-rest407383
2026-09-19 21:12:19,Chennai,Tambaram,12.9249,80.1,152519,LunchBox - Meals and Thalis,Mudichur Road,Tambaram,₹200 for two,Thalis|North Indian|Biryani|South Indian|Desserts|Beverages,4.4,7.8K+,19,1.3,True,False,ITEMS,AT ₹99,,4925,https://www.swiggy.com/city/chennai/lunchbox-meals-and-thalis-mudichur-road-tambaram-rest152519
2026-09-19 21:12:19,Chennai,Tambaram,12.9249,80.1,152502,Behrouz Biryani,Mudichur Road,Tambaram,₹500 for two,Biryani|Kebabs|Mughlai|Lucknowi|Hyderabadi|Desserts|Beverages,4.2,3.3K+,19,1.3,True,False,65% OFF,UPTO ₹125,,1803,https://www.swiggy.com/city/chennai/behrouz-biryani-mudichur-road-tambaram-rest152502
2026-09-19 21:12:19,Chennai,Tambaram,12.9249,80.1,981298,Sukkubhai Biryani,West Tambaram,West Tambaram,₹600 for two,Chinese|Biryani|Desserts|Beverages,4.3,6.1K+,36,7.4,True,False,,,,461727,https://www.swiggy.com/city/chennai/sukkubhai-biryani-west-tambaram-rest981298
2026-09-19 21:12:19,Chennai,Tambaram,12.9249,80.1,762487,Namo Andhra,Indira Nagar,Tambaram,₹350 for two,South Indian,4.1,721,34,6,True,True,ITEMS,AT ₹99,,507121,https://www.swiggy.com/city/chennai/namo-andhra-indira-nagar-tambaram-rest762487
2026-09-19 21:12:19,Chennai,Tambaram,12.9249,80.1,502204,Madras Meal Company,Tambaram,Tambaram,₹350 for two,South Indian,4.3,280,34,6,True,False,ITEMS,AT ₹79,,128893,https://www.swiggy.com/city/chennai/madras-meal-company-tambaram-rest502204
2026-09-19 21:12:19,Chennai,Tambaram,12.9249,80.1,444677,Biryani Trip - Destination Hyderabad,Agaram Main Road,Tambaram,₹350 for two,Biryani,4.2,949,35,6,True,False,ITEMS,AT ₹99,,441462,https://www.swiggy.com/city/chennai/biryani-trip-destination-hyderabad-agaram-main-road-tambaram-rest444677
2026-09-19 21:12:19,Chennai,Tambaram,12.9249,80.1,505335,Ambur Star Briyani,Gst Road,Chrompet,₹500 for two,Biryani|South Indian|Indian|Chinese|Tandoor|Beverages,4.3,14K+,40,6.1,True,False,ITEMS,AT ₹199,,5455,https://www.swiggy.com/city/chennai/ambur-star-briyani-gst-road-chrompet-rest505335
2026-09-19 21:12:19,Chennai,Perambur,13.1143,80.233,262948,PS4 Veg Restaurant (Perambur Sri Srinivasa),Sembiam,Sembiam,₹300 for two,South Indian,4.6,32K+,18,0.7,True,True,20% OFF,UPTO ₹50,,560050,https://www.swiggy.com/city/chennai/ps4-veg-restaurant-perambur-sri-srinivasa-sembiam-rest262948
2026-09-19 21:12:19,Chennai,Perambur,13.1143,80.233,54020,"Dindigul Thalappakatti - Since 1957
",Perambur,Perambur,₹400 for two,Biryani|Barbecue|South Indian|Chinese|North Indian,4,32K+,41,4.6,True,False,₹100 OFF,ABOVE ₹499,FLAT DEAL,641506,https://www.swiggy.com/city/chennai/dindigul-thalappakatti-since-1957-perambur-rest54020
2026-09-19 21:12:19,Chennai,Perambur,13.1143,80.233,259440,"Faasos - Wraps, Rolls & Shawarma",Kodungaiyur,Selaivayal,₹200 for two,Wraps|rolls|Fast Food|Burger|shawarma|Rice Bowls,4.4,3.3K+,51,6.9,True,False,ITEMS,AT ₹39,,21809,https://www.swiggy.com/city/chennai/faasos-wraps-rolls-and-shawarma-kodungaiyur-selaivayal-rest259440
2026-09-19 21:12:19,Chennai,Perambur,13.1143,80.233,405476,Pizza Hut,Perambur,Perambur,₹300 for two,Pizzas,4,10K+,33,3.6,True,False,70% OFF,UPTO ₹140,,721,https://www.swiggy.com/city/chennai/pizza-hut-perambur-rest405476
2026-09-19 21:12:19,Chennai,Perambur,13.1143,80.233,656606,Subway,Perambur,Perambur,₹350 for two,sandwich|Salads|wrap|Healthy Food,4.1,5.9K+,17,0.6,True,False,ITEMS,AT ₹69,,2,https://www.swiggy.com/city/chennai/subway-perambur-rest656606
2026-09-19 21:12:19,Chennai,Perambur,13.1143,80.233,518645,Burger King,Gurumoorthy Garden Street,Perambur,₹350 for two,Burgers|American,4.1,27K+,34,1.8,True,False,ITEMS,AT ₹39,,166,https://www.swiggy.com/city/chennai/burger-king-gurumoorthy-garden-street-perambur-rest518645
2026-09-19 21:12:19,Chennai,Perambur,13.1143,80.233,31822,A2B - Adyar Ananda Bhavan,Perambur,Perambur,₹300 for two,South Indian|Sweets|Chinese,4.4,78K+,28,1.7,True,True,ITEMS,AT ₹49,,22,https://www.swiggy.com/city/chennai/a2b-adyar-ananda-bhavan-perambur-rest31822
2026-09-19 21:12:19,Chennai,Perambur,13.1143,80.233,77235,Sangeetha Veg Restaurant,Perambur,Perambur,₹300 for two,North Indian|South Indian|Chinese,4.6,96K+,24,1.5,True,False,ITEMS,AT ₹49,,1260,https://www.swiggy.com/city/chennai/sangeetha-veg-restaurant-perambur-rest77235
2026-09-19 21:12:19,Chennai,Perambur,13.1143,80.233,848520,KFC,MTH Road,Villivakkam,₹400 for two,Burgers|Fast Food|Rolls & Wraps,4.1,4.2K+,28,4.5,True,False,70% OFF,UPTO ₹140,,547,https://www.swiggy.com/city/chennai/kfc-mth-road-villivakkam-rest848520
2026-09-19 21:12:19,Chennai,Perambur,13.1143,80.233,25754,Domino's Pizza,Kolathur,Ponniammanmedu,₹400 for two,Pizzas|Italian|Pastas|Desserts,4.3,22K+,25,5,True,False,ITEMS,AT ₹59,,2456,https://www.swiggy.com/city/chennai/dominos-pizza-kolathur-ponniammanmedu-rest25754
2026-09-19 21:12:19,Chennai,Perambur,13.1143,80.233,726146,Theobroma,Purasaiwakkam,Purasaiwakkam,₹400 for two,Desserts,4.6,5.0K+,29,4.4,True,False,ITEMS,AT ₹37,,1040,https://www.swiggy.com/city/chennai/theobroma-purasaiwakkam-rest726146
2026-09-19 21:12:19,Chennai,Perambur,13.1143,80.233,490013,The Belgian Waffle Co.,Jawahar Nagar,70 Feet Road,₹200 for two,Waffle|Desserts|Ice Cream,4.5,3.1K+,34,4.6,True,True,30% OFF,UPTO ₹60,,2233,https://www.swiggy.com/city/chennai/the-belgian-waffle-co-jawahar-nagar-70-feet-road-rest490013
2026-09-19 21:12:19,Chennai,Perambur,13.1143,80.233,567430,"Frozen Bottle - Milkshakes, Desserts And Ice Cream",Paper Mills Road,Sembium,₹250 for two,Beverages|Ice Cream|Desserts,3.8,1.6K+,19,0.5,True,True,ITEMS,AT ₹49,,5655,https://www.swiggy.com/city/chennai/frozen-bottle-milkshakes-desserts-and-ice-cream-paper-mills-road-sembium-rest567430
2026-09-19 21:12:19,Chennai,Perambur,13.1143,80.233,573354,Big Bowl,PAPER MILLS ROAD,Perambur,₹250 for two,Chinese|Tibetan|Desserts,4.2,4.0K+,19,0.8,True,False,70% OFF,UPTO ₹140,,434792,https://www.swiggy.com/city/chennai/big-bowl-paper-mills-road-perambur-rest573354
2026-09-19 21:12:19,Chennai,Perambur,13.1143,80.233,573360,Chinese Wok,PAPER MILLS ROAD,Perambur,₹250 for two,Chinese|Asian|Tibetan|Desserts,4.2,4.2K+,19,0.8,True,False,70% OFF,UPTO ₹140,,61955,https://www.swiggy.com/city/chennai/chinese-wok-paper-mills-road-perambur-rest573360
2026-09-19 21:12:19,Chennai,Perambur,13.1143,80.233,806605,Wow! China,Konnur High Road,Ayanavaram,₹400 for two,Chinese|Asian|fastfood|Beverages|Snacks,3.6,1.3K+,33,3,True,False,70% OFF,UPTO ₹140,,226836,https://www.swiggy.com/city/chennai/wow-china-konnur-high-road-ayanavaram-rest806605
2026-09-19 21:12:19,Chennai,Perambur,13.1143,80.233,293696,The Red Box,Kolathur,Kolathur,₹400 for two,Chinese|Asian|Momos|Thai|Beverages|Starters,4.3,11K+,21,0.9,True,False,ITEMS,AT ₹49,,1636,https://www.swiggy.com/city/chennai/the-red-box-kolathur-rest293696
2026-09-19 21:12:19,Chennai,Perambur,13.1143,80.233,675348,Wow! Momo,Ward 70,Perambur,₹300 for two,Momos|Chinese|fastfood|Asian|Beverages,4.1,1.8K+,34,1.6,True,False,ITEMS,AT ₹49,,1776,https://www.swiggy.com/city/chennai/wow-momo-ward-70-perambur-rest675348
2026-09-19 21:12:19,Chennai,Perambur,13.1143,80.233,388799,NIC Ice Creams,Periyar Nagar,Villivakkam,₹120 for two,Ice Cream|Desserts,4.6,4.9K+,16,1.5,True,True,ITEMS,AT ₹42,,6249,https://www.swiggy.com/city/chennai/nic-ice-creams-periyar-nagar-villivakkam-rest388799
2026-09-19 21:12:19,Chennai,Perambur,13.1143,80.233,25291,Anjappar,Perambur,Perambur,₹600 for two,Chettinad|Biryani|South Indian|Chinese|Grill|Seafood|North Indian|Desserts|Beverages|Sweets,4.1,43K+,25,1.3,True,False,40% OFF,UPTO ₹80,,61,https://www.swiggy.com/city/chennai/anjappar-perambur-rest25291
2026-09-19 21:12:19,Chennai,Perambur,13.1143,80.233,1022798,"Faasos - Wraps, Rolls & Shawarma",Brickkiln Road,Purusaiwalkam,₹200 for two,Wraps|rolls|Fast Food|Burger|shawarma|Rice Bowls,4.3,724,39,4.9,True,False,ITEMS,AT ₹39,,21809,https://www.swiggy.com/city/chennai/faasos-wraps-rolls-and-shawarma-brickkiln-road-purusaiwalkam-rest1022798
2026-09-19 21:12:19,Chennai,Perambur,13.1143,80.233,926611,Mani's Dum Biryani,Jawahar Nagar,Perambur,₹400 for two,South Indian,4.5,6.1K+,34,3.6,True,False,ITEMS,AT ₹40,,623,https://www.swiggy.com/city/chennai/manis-dum-biryani-jawahar-nagar-perambur-rest926611
2026-09-19 21:12:19,Chennai,Perambur,13.1143,80.233,973192,California Burrito,Siva Elango Salai,Perambur,₹250 for two,Mexican|American|Salads|Continental|Keto|Healthy Food|Beverages|Snacks|Desserts|Fast Food,4.6,4.0K+,14,0.7,True,False,ITEMS,AT ₹65,,1252,https://www.swiggy.com/city/chennai/california-burrito-siva-elango-salai-perambur-rest973192
2026-09-19 21:12:19,Chennai,Perambur,13.1143,80.233,1376682,Theobroma,Paper Mills Road,Perambur,₹300 for two,Bakery|Desserts|Beverages,4.3,271,15,0.1,True,False,ITEMS,AT ₹37,,1040,https://www.swiggy.com/city/chennai/theobroma-paper-mills-road-perambur-rest1376682
2026-09-19 21:12:19,Chennai,Perambur,13.1143,80.233,1173776,Ambur Star Briyani,Perambur,Perambur,₹500 for two,Biryani|South Indian|Indian|Chinese|Tandoor|Beverages,4.3,3.9K+,26,3,True,False,ITEMS,AT ₹199,,5455,https://www.swiggy.com/city/chennai/ambur-star-briyani-perambur-rest1173776
2026-09-19 21:12:19,Chennai,OMR Thoraipakkam,12.94,80.234,444674,Andhra Gunpowder,Thoraipakkam,OMR Perungudi,₹350 for two,Andhra|Biryani|South Indian,4.3,7.8K+,22,0.7,True,False,ITEMS,AT ₹99,,10496,https://www.swiggy.com/city/chennai/andhra-gunpowder-thoraipakkam-omr-perungudi-rest444674
2026-09-19 21:12:19,Chennai,OMR Thoraipakkam,12.94,80.234,808105,Burger King,Nehru Nagar,OMR Thoraipakam,₹350 for two,Burgers|American,4.3,6.6K+,21,4,True,False,ITEMS,AT ₹39,,166,https://www.swiggy.com/city/chennai/burger-king-nehru-nagar-omr-thoraipakam-rest808105
2026-09-19 21:12:19,Chennai,OMR Thoraipakkam,12.94,80.234,234986,McDonald's,Gire Thoraipakkam,Nehru Nagar,₹400 for two,Burgers|Beverages|Cafe|Desserts,4.3,18K+,26,1.8,True,False,ITEMS,AT ₹64,,630,https://www.swiggy.com/city/chennai/mcdonalds-gire-thoraipakkam-nehru-nagar-rest234986
2026-09-19 21:12:19,Chennai,OMR Thoraipakkam,12.94,80.234,146083,Subway,Vinayaga Avenue,Thoraipakkam,₹350 for two,sandwich|Salads|wrap|Healthy Food,4,11K+,18,1.8,True,False,ITEMS,AT ₹69,,2,https://www.swiggy.com/city/chennai/subway-vinayaga-avenue-thoraipakkam-rest146083
2026-09-19 21:12:19,Chennai,OMR Thoraipakkam,12.94,80.234,17824,KFC,OMR,OMR-Perungudi,₹400 for two,Burgers|Fast Food|Rolls & Wraps,4.1,32K+,18,2.3,True,False,50% OFF,,FLAT DEAL,547,https://www.swiggy.com/city/chennai/kfc-omr-omr-perungudi-rest17824
2026-09-19 21:12:19,Chennai,OMR Thoraipakkam,12.94,80.234,690702,Pizza Hut,Thoraipakkam,Thoraipakkam,₹350 for two,Pizzas,4.2,4.3K+,22,2.3,True,False,50% OFF,,FLAT DEAL,721,https://www.swiggy.com/city/chennai/pizza-hut-thoraipakkam-rest690702
2026-09-19 21:12:19,Chennai,OMR Thoraipakkam,12.94,80.234,237518,The Belgian Waffle Co.,Old Mahabalipuram Rd,Perungudi,₹200 for two,Waffle|Desserts|Ice Cream|Beverages,4.7,5.8K+,20,1.5,True,True,30% OFF,UPTO ₹60,,2233,https://www.swiggy.com/city/chennai/the-belgian-waffle-co-old-mahabalipuram-rd-perungudi-rest237518
2026-09-19 21:12:19,Chennai,OMR Thoraipakkam,12.94,80.234,24342,Domino's Pizza,Thuraipakkam,Thoraipakkam,₹400 for two,Pizzas|Italian|Pastas|Desserts,4.4,31K+,25,4.2,True,False,50% OFF,,FLAT DEAL,2456,https://www.swiggy.com/city/chennai/dominos-pizza-thuraipakkam-thoraipakkam-rest24342
2026-09-19 21:12:19,Chennai,OMR Thoraipakkam,12.94,80.234,825599,Theobroma,Perungudi,Chromepet,₹300 for two,Bakery|Desserts|Beverages,4.5,3.3K+,32,5.6,True,False,ITEMS,AT ₹37,,1040,https://www.swiggy.com/city/chennai/theobroma-perungudi-chromepet-rest825599
2026-09-19 21:12:19,Chennai,OMR Thoraipakkam,12.94,80.234,412753,Wendy's Burgers,Perungudi,Perungudi,₹200 for two,Burgers|Fast Food|wrap,4.4,6.2K+,31,4.9,True,False,ITEMS,AT ₹59,,972,https://www.swiggy.com/city/chennai/wendys-burgers-perungudi-rest412753
2026-09-19 21:12:19,Chennai,OMR Thoraipakkam,12.94,80.234,340084,Wow! China,Thuraipakkam,Thoraipakkam,₹400 for two,Chinese|Asian|fastfood|Beverages|Snacks,3.6,5.9K+,29,1.6,True,False,70% OFF,UPTO ₹140,,226836,https://www.swiggy.com/city/chennai/wow-china-thuraipakkam-thoraipakkam-rest340084
2026-09-19 21:12:19,Chennai,OMR Thoraipakkam,12.94,80.234,651748,Taco Bell,RAJIV GANDHI SALAI,Karapakkam,₹300 for two,Mexican|Fast Food|Snacks,4.2,4.6K+,20,3,True,False,65% OFF,UPTO ₹125,,1557,https://www.swiggy.com/city/chennai/taco-bell-rajiv-gandhi-salai-karapakkam-rest651748
2026-09-19 21:12:19,Chennai,OMR Thoraipakkam,12.94,80.234,613347,Baskin Robbins - Ice Cream Desserts,kings circle,Keelkattalai,₹250 for two,Desserts|Ice Cream,4.7,1.9K+,34,8.5,True,True,ITEMS,AT ₹15,,5588,https://www.swiggy.com/city/chennai/baskin-robbins-ice-cream-desserts-kings-circle-keelkattalai-rest613347
2026-09-19 21:12:19,Chennai,OMR Thoraipakkam,12.94,80.234,836310,ZAZA Mughal Biryani,OMR,Nehru Nagar,₹250 for two,Biryani|Awadhi,4.2,1.1K+,25,0.3,True,False,70% OFF,UPTO ₹140,,22473,https://www.swiggy.com/city/chennai/zaza-mughal-biryani-omr-nehru-nagar-rest836310
2026-09-19 21:12:19,Chennai,OMR Thoraipakkam,12.94,80.234,836312,"WeFit - Protein Bowls, Salads & Sandwiches",OMR,Nehru Nagar,₹250 for two,Healthy Food|Salads|Keto|Snacks,4.6,1.8K+,25,0.3,True,False,ITEMS,AT ₹119,,355285,https://www.swiggy.com/city/chennai/wefit-protein-bowls-salads-and-sandwiches-omr-nehru-nagar-rest836312
2026-09-19 21:12:19,Chennai,OMR Thoraipakkam,12.94,80.234,836309,NH1 Bowls - Highway To North,OMR,Nehru Nagar,₹250 for two,Punjabi|Home Food,4.5,739,25,0.3,True,False,ITEMS,AT ₹119,,22452,https://www.swiggy.com/city/chennai/nh1-bowls-highway-to-north-omr-nehru-nagar-rest836309
2026-09-19 21:12:19,Chennai,OMR Thoraipakkam,12.94,80.234,21477,"Dindigul Thalappakatti - Since 1957
",Karappakam,Karappakam,₹600 for two,Biryani|Barbecue|South Indian|Chinese|North Indian,4.1,30K+,21,1.9,True,False,ITEMS,AT ₹209,,641506,https://www.swiggy.com/city/chennai/dindigul-thalappakatti-since-1957-karappakam-rest21477
2026-09-19 21:12:19,Chennai,OMR Thoraipakkam,12.94,80.234,125354,Behrouz Biryani,Kandanchavadi,Perungudi,₹500 for two,Biryani|Kebabs|Mughlai|Lucknowi|Hyderabadi|Desserts|Beverages,4.2,4.2K+,35,4.9,True,False,65% OFF,UPTO ₹125,,1803,https://www.swiggy.com/city/chennai/behrouz-biryani-kandanchavadi-perungudi-rest125354
2026-09-19 21:12:19,Chennai,OMR Thoraipakkam,12.94,80.234,349839,NIC Ice Creams,Anna Street,Sholinganallur,₹120 for two,Ice Cream|Desserts,4.4,3.5K+,25,5.7,True,True,70% OFF,UPTO ₹140,,6249,https://www.swiggy.com/city/chennai/nic-ice-creams-anna-street-sholinganallur-rest349839
2026-09-19 21:12:19,Chennai,OMR Thoraipakkam,12.94,80.234,125369,LunchBox - Meals and Thalis,Kandanchavadi,Perungudi,₹200 for two,Thalis|North Indian|Biryani|South Indian|Desserts|Beverages,4.5,12K+,33,4.9,True,False,ITEMS,AT ₹99,,4925,https://www.swiggy.com/city/chennai/lunchbox-meals-and-thalis-kandanchavadi-perungudi-rest125369
2026-09-19 21:12:19,Chennai,OMR Thoraipakkam,12.94,80.234,762451,Namo Andhra,Mahatma Gandhi Road,OMR Perungudi,₹350 for two,Andhra|Biryani|South Indian,4.2,1.1K+,15,0.7,True,True,ITEMS,AT ₹99,,507121,https://www.swiggy.com/city/chennai/namo-andhra-mahatma-gandhi-road-omr-perungudi-rest762451
2026-09-19 21:12:19,Chennai,OMR Thoraipakkam,12.94,80.234,1158820,Bask by Coffee,INJAMBAKKAM,Palavakkam,₹800 for two,Beverages,4.6,631,36,5,True,False,,,,469054,https://www.swiggy.com/city/chennai/bask-by-coffee-injambakkam-palavakkam-rest1158820
2026-09-19 21:12:19,Chennai,OMR Thoraipakkam,12.94,80.234,502255,Madras Meal Company,OMR Perungudi,OMR-Perungudi,₹350 for two,South Indian,4.3,315,21,0.7,True,False,ITEMS,AT ₹79,,128893,https://www.swiggy.com/city/chennai/madras-meal-company-omr-perungudi-rest502255
2026-09-19 21:12:19,Chennai,OMR Thoraipakkam,12.94,80.234,444675,Biryani Trip - Destination Hyderabad,Mahatma Gandhi Road,OMR Perungudi,₹350 for two,Biryani,4.1,708,20,0.7,True,False,ITEMS,AT ₹99,,441462,https://www.swiggy.com/city/chennai/biryani-trip-destination-hyderabad-mahatma-gandhi-road-omr-perungudi-rest444675
2026-09-19 21:12:19,Chennai,OMR Thoraipakkam,12.94,80.234,397753,Mani's Dum Biryani,Rajiv Gandhi Salai,"Rajiv Gandhi Salai,Thuraipakam",₹400 for two,Andhra|Biryani,4.5,30K+,15,1.8,True,False,ITEMS,AT ₹40,,623,https://www.swiggy.com/city/chennai/manis-dum-biryani-rajiv-gandhi-salai-rajiv-gandhi-salai-thuraipakam-rest397753
2026-09-19 21:12:19,Chennai,OMR Thoraipakkam,12.94,80.234,558031,Geetham Veg restaurant,Thoraipakkam,Thoraipakkam,₹450 for two,South Indian|Sweets|Beverages,4.4,64K+,31,1.8,True,True,₹100 OFF,ABOVE ₹299,FLAT DEAL,335557,https://www.swiggy.com/city/chennai/geetham-veg-restaurant-thoraipakkam-rest558031
2026-09-19 21:12:19,Chennai,OMR Thoraipakkam,12.94,80.234,64700,Ambur Star Briyani,Sholinganallur,Sholinganallur,₹500 for two,Biryani|South Indian|Indian|Chinese|Tandoor|Beverages,4.3,25K+,26,5,True,False,ITEMS,AT ₹199,,5455,https://www.swiggy.com/city/chennai/ambur-star-briyani-sholinganallur-rest64700
2026-09-19 21:12:19,Chennai,Mylapore,13.0339,80.2698,15742,Sangeetha Veg Restaurant,Mylapore,South Mada Street,₹200 for two,Chinese|South Indian,4.7,84K+,14,0.4,True,True,ITEMS,AT ₹99,,1260,https://www.swiggy.com/city/chennai/sangeetha-veg-restaurant-mylapore-south-mada-street-rest15742
2026-09-19 21:12:19,Chennai,Mylapore,13.0339,80.2698,16634,A2B - Adyar Ananda Bhavan,Royapettah,Triplicane,₹300 for two,South Indian|Sweets|Chinese,4.5,25K+,31,3.7,True,True,ITEMS,AT ₹49,,22,https://www.swiggy.com/city/chennai/a2b-adyar-ananda-bhavan-royapettah-triplicane-rest16634
2026-09-19 21:12:19,Chennai,Mylapore,13.0339,80.2698,251476,KFC,Mylapore,Mylapore,₹400 for two,Burgers|Fast Food|Rolls & Wraps,4.2,8.5K+,21,1.9,True,False,50% OFF,,FLAT DEAL,547,https://www.swiggy.com/city/chennai/kfc-mylapore-rest251476
2026-09-19 21:12:19,Chennai,Mylapore,13.0339,80.2698,16237,Pizza Hut,R.K.Salai,Mylapore,₹400 for two,Pizzas,4.2,22K+,25,2.6,True,False,50% OFF,,FLAT DEAL,721,https://www.swiggy.com/city/chennai/pizza-hut-r-k-salai-mylapore-rest16237
2026-09-19 21:12:19,Chennai,Mylapore,13.0339,80.2698,24334,Domino's Pizza,Mandavelli,Mandaveli,₹400 for two,Pizzas|Italian|Pastas|Desserts,4.4,18K+,25,1.5,True,False,50% OFF,,FLAT DEAL,2456,https://www.swiggy.com/city/chennai/dominos-pizza-mandavelli-mandaveli-rest24334
2026-09-19 21:12:19,Chennai,Mylapore,13.0339,80.2698,13494,Subway,Gopalapuram,Gopalapuram,₹350 for two,sandwich|Salads|wrap|Healthy Food,4.2,13K+,26,3,True,False,ITEMS,AT ₹69,,2,https://www.swiggy.com/city/chennai/subway-gopalapuram-rest13494
2026-09-19 21:12:19,Chennai,Mylapore,13.0339,80.2698,492071,McDonald's,Alwarpet Sai Plaza,Alwarpet,₹400 for two,Burgers|Beverages|Cafe|Desserts,4.4,11K+,25,2.7,True,False,ITEMS,AT ₹64,,630,https://www.swiggy.com/city/chennai/mcdonalds-sai-plaza-alwarpet-rest492071
2026-09-19 21:12:19,Chennai,Mylapore,13.0339,80.2698,775571,Theobroma,Alwarpet,Alwarpet,₹400 for two,Bakery|Desserts,4.6,5.2K+,19,2.7,True,False,ITEMS,AT ₹37,,1040,https://www.swiggy.com/city/chennai/theobroma-alwarpet-rest775571
2026-09-19 21:12:19,Chennai,Mylapore,13.0339,80.2698,47812,The Belgian Waffle Co.,KNK Road,Nungambakkam,₹200 for two,Waffle|Desserts|Ice Cream,4.4,11K+,39,5,True,True,30% OFF,UPTO ₹60,,2233,https://www.swiggy.com/city/chennai/the-belgian-waffle-co-knk-road-nungambakkam-rest47812
2026-09-19 21:12:19,Chennai,Mylapore,13.0339,80.2698,808104,Burger King,Gandhi Nagar,Adyar,₹350 for two,Burgers|American,4.3,9.1K+,33,5,True,False,ITEMS,AT ₹39,,166,https://www.swiggy.com/city/chennai/burger-king-gandhi-nagar-adyar-rest808104
2026-09-19 21:12:19,Chennai,Mylapore,13.0339,80.2698,21473,"Dindigul Thalappakatti - Since 1957
",Triplicane,Triplicane,₹600 for two,Biryani|Barbecue|South Indian|Chinese|North Indian,4.2,20K+,40,5,True,False,ITEMS,AT ₹209,,641506,https://www.swiggy.com/city/chennai/dindigul-thalappakatti-since-1957-triplicane-rest21473
2026-09-19 21:12:19,Chennai,Mylapore,13.0339,80.2698,699423,Wow! Momo,Triplicane,Triplicane,₹300 for two,Momos|Chinese|fastfood|Asian|Beverages,4.3,2.7K+,31,3,True,False,70% OFF,UPTO ₹140,,1776,https://www.swiggy.com/city/chennai/wow-momo-triplicane-rest699423
2026-09-19 21:12:19,Chennai,Mylapore,13.0339,80.2698,95159,LunchBox - Meals and Thalis,Bharathi Salai,Triplicane,₹200 for two,Thalis|North Indian|Biryani|South Indian|Desserts|Beverages,4.5,7.2K+,34,3.7,True,False,ITEMS,AT ₹99,,4925,https://www.swiggy.com/city/chennai/lunchbox-meals-and-thalis-bharathi-salai-triplicane-rest95159
2026-09-19 21:12:19,Chennai,Mylapore,13.0339,80.2698,242424,Paradise Biryani,Thyagaraya Nagar,T. Nagar,₹400 for two,Biryani|Kebabs|North Indian|Hyderabadi,4.2,23K+,34,5,True,False,70% OFF,UPTO ₹140,,700,https://www.swiggy.com/city/chennai/paradise-biryani-thyagaraya-nagar-t-nagar-rest242424
2026-09-19 21:12:19,Chennai,Mylapore,13.0339,80.2698,204107,NIC Ice Creams,Luz church road,Mylapore,₹120 for two,Desserts|Ice Cream,4.6,8.6K+,18,2.4,True,True,70% OFF,UPTO ₹140,,6249,https://www.swiggy.com/city/chennai/nic-ice-creams-luz-church-road-mylapore-rest204107
2026-09-19 21:12:19,Chennai,Mylapore,13.0339,80.2698,412751,Wendy's Burgers,Teynampet,Teynampet,₹200 for two,Burgers|Fast Food|wrap,4,2.2K+,35,3.9,True,False,ITEMS,AT ₹59,,972,https://www.swiggy.com/city/chennai/wendys-burgers-teynampet-rest412751
2026-09-19 21:12:19,Chennai,Mylapore,13.0339,80.2698,95158,Sweet Truth - Cake and Desserts,Bharathi Salai,Triplicane,₹450 for two,Desserts|Ice Cream|Bakery|Beverages,4.3,1.6K+,28,3.7,True,False,ITEMS,AT ₹69,,4444,https://www.swiggy.com/city/chennai/sweet-truth-cake-and-desserts-bharathi-salai-triplicane-rest95158
2026-09-19 21:12:19,Chennai,Mylapore,13.0339,80.2698,191516,The Biryani Life,Bharathi Salai,Triplicane,₹250 for two,Biryani|Mughlai|Lucknowi|Hyderabadi|Kebabs|Desserts|Beverages,4,1.9K+,28,3.7,True,False,70% OFF,UPTO ₹140,,8496,https://www.swiggy.com/city/chennai/the-biryani-life-bharathi-salai-triplicane-rest191516
2026-09-19 21:12:19,Chennai,Mylapore,13.0339,80.2698,156163,The Good Bowl,Bharathi Salai,Triplicane,₹400 for two,Biryani|North Indian|Pastas|Punjabi|Desserts|Beverages,4.4,3.1K+,31,3.7,True,False,ITEMS,AT ₹129,,7918,https://www.swiggy.com/city/chennai/the-good-bowl-bharathi-salai-triplicane-rest156163
2026-09-19 21:12:19,Chennai,Mylapore,13.0339,80.2698,552764,Baskin Robbins - Ice Cream Desserts,Demonte Road,santhome,₹250 for two,Desserts|Ice Cream,4.7,924,16,1.9,True,True,ITEMS,AT ₹15,,5588,https://www.swiggy.com/city/chennai/baskin-robbins-ice-cream-desserts-demonte-road-santhome-rest552764
2026-09-19 21:12:19,Chennai,Mylapore,13.0339,80.2698,95152,"Faasos - Wraps, Rolls & Shawarma",Bharathi Salai,Triplicane,₹200 for two,Wraps|rolls|Fast Food|Burger|shawarma|Rice Bowls,4.3,7.7K+,33,3.7,True,False,65% OFF,UPTO ₹125,,21809,https://www.swiggy.com/city/chennai/faasos-wraps-rolls-and-shawarma-bharathi-salai-triplicane-rest95152
2026-09-19 21:12:19,Chennai,Mylapore,13.0339,80.2698,705536,Madras Coffee House,Dr. Radha Krishnan Salai,Mylapore,₹100 for two,Beverages,4.3,116,18,1.6,True,True,,,,1750,https://www.swiggy.com/city/chennai/madras-coffee-house-dr-radha-krishnan-salai-mylapore-rest705536
2026-09-19 21:12:19,Chennai,Mylapore,13.0339,80.2698,789332,Bask by Coffee,Teynampet,Teynampet,₹800 for two,Beverages|Italian|Snacks|Thai,4.5,2.1K+,39,3,True,False,,,,469054,https://www.swiggy.com/city/chennai/bask-by-coffee-teynampet-rest789332
2026-09-19 21:12:19,Chennai,Mylapore,13.0339,80.2698,1104944,Mani'S Dum Biryani,WALLAJAH ROAD,Triplicane,₹400 for two,South Indian,4.6,3.1K+,30,4.8,True,False,ITEMS,AT ₹40,,623,https://www.swiggy.com/city/chennai/manis-dum-biryani-wallajah-road-triplicane-rest1104944
2026-09-19 21:12:19,Chennai,Mylapore,13.0339,80.2698,1134967,Bakingo,V.C Garden,"R.A, Puram",₹299 for two,Bakery|Desserts|Beverages|Snacks,4.6,921,12,1.1,True,False,ITEMS,AT ₹649,,3818,https://www.swiggy.com/city/chennai/bakingo-v-c-garden-r-a-puram-rest1134967
2026-09-19 21:12:19,Chennai,Mylapore,13.0339,80.2698,118749,Ambur Star Briyani,PONDY BAZZAR,T. Nagar,₹500 for two,Biryani|South Indian|Indian|Chinese|Tandoor|Beverages,4.4,26K+,31,5,True,False,ITEMS,AT ₹199,,5455,https://www.swiggy.com/city/chennai/ambur-star-briyani-pondy-bazzar-t-nagar-rest118749
2026-09-19 21:12:19,Chennai,Mylapore,13.0339,80.2698,906690,Narmada Chain of Restaurant,Rajiv Gandhi Salai,Nungambakkam,₹500 for two,Andhra|Biryani,4.5,7.0K+,38,5,True,False,,,,410569,https://www.swiggy.com/city/chennai/narmada-chain-of-restaurant-rajiv-gandhi-salai-nungambakkam-rest906690
2026-09-19 21:12:19,Chennai,Mylapore,13.0339,80.2698,974916,A2B - Adyar Ananda Bhavan,Alwarpet,Mylapore,₹300 for two,Chinese|South Indian,4.5,6.8K+,17,0.2,True,True,ITEMS,AT ₹59,,22,https://www.swiggy.com/city/chennai/a2b-adyar-ananda-bhavan-alwarpet-mylapore-rest974916
2026-09-19 21:12:19,Bengaluru,Koramangala,12.9352,77.6245,375041,Andhra Gunpowder,6th Block,Koramangala,₹350 for two,Andhra|Biryani|South Indian,4.4,7.0K+,23,0.3,True,False,ITEMS,AT ₹99,,10496,https://www.swiggy.com/city/bangalore/andhra-gunpowder-6th-block-koramangala-rest375041
2026-09-19 21:12:19,Bengaluru,Koramangala,12.9352,77.6245,23678,McDonald's,5th Block,Koramangala,₹400 for two,Burgers|Beverages|Cafe|Desserts,4.3,67K+,31,1.3,True,False,ITEMS,AT ₹64,,630,https://www.swiggy.com/city/bangalore/mcdonalds-5th-block-koramangala-rest23678
2026-09-19 21:12:19,Bengaluru,Koramangala,12.9352,77.6245,81944,Nasi and Mee,Koramangala,Koramangala,₹800 for two,Pan-Asian|Singaporean|Malaysian|Japanese|Thai,4.6,7.4K+,41,0.8,True,False,,,,19997,https://www.swiggy.com/city/bangalore/nasi-and-mee-koramangala-rest81944
2026-09-19 21:12:19,Bengaluru,Koramangala,12.9352,77.6245,10820,California Burrito,Koramangala,Koramangala,₹250 for two,Mexican|American|Salads|Continental|Keto|Healthy Food|Beverages|Snacks|Desserts|Fast Food,4.5,48K+,31,1.2,True,False,,,,1252,https://www.swiggy.com/city/bangalore/california-burrito-koramangala-rest10820
2026-09-19 21:12:19,Bengaluru,Koramangala,12.9352,77.6245,50467,Bakingo,1st Block,Koramangala,₹300 for two,Bakery|Desserts|Beverages|Snacks,4.5,14K+,30,2.1,True,False,ITEMS,AT ₹69,,3818,https://www.swiggy.com/city/bangalore/bakingo-1st-block-koramangala-rest50467
2026-09-19 21:12:19,Bengaluru,Koramangala,12.9352,77.6245,718430,The Pizza Bakery - Wood Fired Sourdough,BTM Layout,Koramangala,₹700 for two,Pizzas|Pastas|Italian|Desserts|Continental|Beverages,4.5,3.7K+,36,1.6,True,False,ITEMS,AT ₹219,,522292,https://www.swiggy.com/city/bangalore/the-pizza-bakery-wood-fired-sourdough-btm-layout-koramangala-rest718430
2026-09-19 21:12:19,Bengaluru,Koramangala,12.9352,77.6245,426776,Theobroma,Koramangala,Koramangala,₹400 for two,Desserts|Bakery|Beverages,4.5,7.8K+,30,1.3,True,False,ITEMS,AT ₹37,,1040,https://www.swiggy.com/city/bangalore/theobroma-koramangala-rest426776
2026-09-19 21:12:19,Bengaluru,Koramangala,12.9352,77.6245,671928,KFC,7th Block,Koramangla,₹400 for two,Burgers|Fast Food|Rolls & Wraps,4,7.7K+,33,1.2,True,False,50% OFF,,FLAT DEAL,547,https://www.swiggy.com/city/bangalore/kfc-7th-block-koramangla-rest671928
2026-09-19 21:12:19,Bengaluru,Koramangala,12.9352,77.6245,11211,Taco Bell,Koramangala,Koramangala,₹300 for two,Mexican|Fast Food|Snacks,4.3,27K+,20,0.3,True,False,65% OFF,UPTO ₹125,,1557,https://www.swiggy.com/city/bangalore/taco-bell-koramangala-rest11211
2026-09-19 21:12:19,Bengaluru,Koramangala,12.9352,77.6245,5934,Burger King,Koramangala,Koramangala,₹350 for two,Burgers|American,3.9,106K+,32,1.6,True,False,ITEMS,AT ₹39,,166,https://www.swiggy.com/city/bangalore/burger-king-koramangala-rest5934
2026-09-19 21:12:19,Bengaluru,Koramangala,12.9352,77.6245,656392,Subway,1st Block,Koramangala,₹350 for two,sandwich|Salads|wrap|Healthy Food,4.4,5.7K+,30,1.6,True,False,ITEMS,AT ₹69,,2,https://www.swiggy.com/city/bangalore/subway-1st-block-koramangala-rest656392
2026-09-19 21:12:19,Bengaluru,Koramangala,12.9352,77.6245,319086,Baskin Robbins - Ice Cream Desserts,4th B Block,Koramangala BDA Complex,₹250 for two,Desserts,4.4,1.7K+,21,0.5,True,True,ITEMS,AT ₹15,,5588,https://www.swiggy.com/city/bangalore/baskin-robbins-ice-cream-desserts-4th-b-block-koramangala-bda-complex-rest319086
2026-09-19 21:12:19,Bengaluru,Koramangala,12.9352,77.6245,8244,Polar Bear,Koramangala,Koramangala,₹200 for two,Ice Cream|Desserts,4.6,15K+,22,0.5,True,True,ITEMS,AT ₹59,,726,https://www.swiggy.com/city/bangalore/polar-bear-koramangala-rest8244
2026-09-19 21:12:19,Bengaluru,Koramangala,12.9352,77.6245,588791,Goila Butter Chicken,CLUB ROAD,Koramangala,₹600 for two,North Indian|Biryani|Kebabs|Desserts,4.1,2.6K+,29,0.4,True,False,ITEMS,AT ₹149,,322587,https://www.swiggy.com/city/bangalore/goila-butter-chicken-club-road-koramangala-rest588791
2026-09-19 21:12:19,Bengaluru,Koramangala,12.9352,77.6245,263485,Chaayos Chai+Snacks=Relax,Kormangala 8th Block,Kormangala,₹250 for two,Beverages|Chaat|Bakery|Snacks|Street Food|healthy|Home Food|Maharashtrian|Italian|Desserts,4.3,6.2K+,28,0.9,True,False,51% OFF,,FLAT DEAL,281782,https://www.swiggy.com/city/bangalore/chaayos-chai-snacks-relax-8th-block-kormangala-rest263485
2026-09-19 21:12:19,Bengaluru,Koramangala,12.9352,77.6245,50842,CakeZone Patisserie,KORAMANGLA,6th Block KORAMANGLA,₹200 for two,Bakery|Desserts|Sweets|Ice Cream,4.4,24K+,32,0.9,True,False,70% OFF,UPTO ₹140,,7003,https://www.swiggy.com/city/bangalore/cakezone-patisserie-koramangla-6th-block-koramangla-rest50842
2026-09-19 21:12:19,Bengaluru,Koramangala,12.9352,77.6245,65797,Leon's - Burgers & Wings (Leon Grill),Koramangala,Koramangala,₹300 for two,American|Snacks|Turkish|Portuguese|Continental,4.3,61K+,32,1.4,True,False,70% OFF,UPTO ₹140,,371281,https://www.swiggy.com/city/bangalore/leons-burgers-and-wings-leon-grill-koramangala-rest65797
2026-09-19 21:12:19,Bengaluru,Koramangala,12.9352,77.6245,18973,Nandhana Palace,Koramangala,Koramangala,₹500 for two,Biryani|Andhra|South Indian|North Indian,4.3,43K+,30,0.6,True,False,ITEMS,AT ₹49,,2120,https://www.swiggy.com/city/bangalore/nandhana-palace-koramangala-rest18973
2026-09-19 21:12:19,Bengaluru,Koramangala,12.9352,77.6245,312,Beijing Bites,5th A Block,Koramangala,₹450 for two,Chinese|Thai|Pan-Asian,4.3,42K+,32,1,True,False,70% OFF,UPTO ₹140,,103,https://www.swiggy.com/city/bangalore/beijing-bites-5th-a-block-koramangala-rest312
2026-09-19 21:12:19,Bengaluru,Koramangala,12.9352,77.6245,218,Anand Sweets & Savouries,5th Block,Koramangala,₹300 for two,Sweets|Chaat|Snacks|Desserts,4.6,62K+,30,0.6,True,True,₹75 OFF,ABOVE ₹499,FLAT DEAL,53,https://www.swiggy.com/city/bangalore/anand-sweets-and-savouries-5th-block-koramangala-rest218
2026-09-19 21:12:19,Bengaluru,Koramangala,12.9352,77.6245,1422303,Tealogy Cafe,Koramangala,Koramangala,₹400 for two,Cafe|Indian|North Indian|Snacks,,,34,1.3,True,True,,,,789708,https://www.swiggy.com/city/bangalore/tealogy-cafe-koramangala-rest1422303
2026-09-19 21:12:19,Bengaluru,Koramangala,12.9352,77.6245,1143060,Al Daaz,Koramangala,Koramangala,₹400 for two,North Indian|Chinese|Mughlai|Barbecue|Seafood|Fast Food|Biryani|Beverages,4.4,2.7K+,30,1,True,False,,,,21640,https://www.swiggy.com/city/bangalore/al-daaz-koramangala-rest1143060
2026-09-19 21:12:19,Bengaluru,Koramangala,12.9352,77.6245,770707,Namo Andhra,Above Apollo Pharmacy,Koramangala,₹350 for two,South Indian,4.4,525,25,0.3,True,True,ITEMS,AT ₹209,,507121,https://www.swiggy.com/city/bangalore/namo-andhra-above-apollo-pharmacy-koramangala-rest770707
2026-09-19 21:12:19,Bengaluru,Koramangala,12.9352,77.6245,757,Corner House Ice Cream,Koramangala,Koramangala,₹250 for two,Ice Cream|Desserts,4.7,89K+,35,1.2,True,False,,,,65254,https://www.swiggy.com/city/bangalore/corner-house-ice-cream-koramangala-rest757
2026-09-19 21:12:19,Bengaluru,Koramangala,12.9352,77.6245,537139,Narmada Chain of Restaurant,Koramangala,Koramangala,₹500 for two,Biryani|Andhra|South Indian,4.4,13K+,32,1.3,True,False,,,,411277,https://www.swiggy.com/city/bangalore/narmada-chain-of-restaurant-koramangala-rest537139
2026-09-19 21:12:19,Bengaluru,Koramangala,12.9352,77.6245,55158,Maa Di Hatti,Koramangala,Koramangala,₹249 for two,North Indian|South Indian|Indian|Bihari|Punjabi,4.2,35K+,44,3,True,False,ITEMS,AT ₹149,,9089,https://www.swiggy.com/city/bangalore/maa-di-hatti-koramangala-rest55158
2026-09-19 21:12:19,Bengaluru,Indiranagar,12.9784,77.6408,457308,Bakingo,New Thipasandra,Indiranagar,₹300 for two,Bakery|Desserts|Beverages|Snacks,4.5,11K+,30,1.7,True,False,ITEMS,AT ₹69,,3818,https://www.swiggy.com/city/bangalore/bakingo-new-thipasandra-indiranagar-rest457308
2026-09-19 21:12:19,Bengaluru,Indiranagar,12.9784,77.6408,652955,BK Cafe,CMH Road,Indiranagar,₹350 for two,Beverages|Cafe|Snacks,4.1,3,32,0.3,True,False,₹550 OFF,ABOVE ₹2499,FLAT DEAL,166,https://www.swiggy.com/city/bangalore/bk-cafe-cmh-road-indiranagar-rest652955
2026-09-19 21:12:19,Bengaluru,Indiranagar,12.9784,77.6408,23681,McDonald's,"Indiranagar, CMH Road","Ashwini Complex,Indiranagar",₹400 for two,Burgers|Beverages|Cafe|Desserts,4.3,52K+,26,0.4,True,False,ITEMS,AT ₹64,,630,https://www.swiggy.com/city/bangalore/mcdonalds-indiranagar-cmh-road-ashwini-complex-indiranagar-rest23681
2026-09-19 21:12:19,Bengaluru,Indiranagar,12.9784,77.6408,1531,A2B - Adyar Ananda Bhavan,Indiranagar,Indiranagar,₹300 for two,South Indian|Sweets|Chinese,4.5,118K+,31,0.5,True,True,ITEMS,AT ₹139,,22,https://www.swiggy.com/city/bangalore/a2b-adyar-ananda-bhavan-indiranagar-rest1531
2026-09-19 21:12:19,Bengaluru,Indiranagar,12.9784,77.6408,10584,Pizza Hut,Indiranagar,Indiranagar,₹300 for two,Pizzas,4.2,20K+,35,0.5,True,False,70% OFF,UPTO ₹140,,721,https://www.swiggy.com/city/bangalore/pizza-hut-indiranagar-rest10584
2026-09-19 21:12:19,Bengaluru,Indiranagar,12.9784,77.6408,5167,Theobroma,Indiranagar,Indiranagar,₹400 for two,Bakery|Desserts|Beverages,4.6,41K+,30,1.2,True,False,ITEMS,AT ₹37,,1040,https://www.swiggy.com/city/bangalore/theobroma-indiranagar-rest5167
2026-09-19 21:12:19,Bengaluru,Indiranagar,12.9784,77.6408,23802,Domino's Pizza,2nd stage,Indiranagar,₹400 for two,Pizzas|Italian|Pastas|Desserts,4.3,22K+,20,0.6,True,False,ITEMS,AT ₹59,,2456,https://www.swiggy.com/city/bangalore/dominos-pizza-2nd-stage-indiranagar-rest23802
2026-09-19 21:12:19,Bengaluru,Indiranagar,12.9784,77.6408,49189,Truffles,Indiranagar,Indiranagar,₹450 for two,American|Desserts|Italian|Continental,4.5,164K+,36,0.6,True,False,₹80 OFF,ABOVE ₹499,FLAT DEAL,218065,https://www.swiggy.com/city/bangalore/truffles-indiranagar-rest49189
2026-09-19 21:12:19,Bengaluru,Indiranagar,12.9784,77.6408,768475,Wendy's Burgers,Below Indirangar metro station,Indiranagar,₹400 for two,Burgers|Fast Food|wrap,4.1,4.1K+,30,0.3,True,False,ITEMS,AT ₹59,,972,https://www.swiggy.com/city/bangalore/wendys-burgers-below-indirangar-metro-station-indiranagar-rest768475
2026-09-19 21:12:19,Bengaluru,Indiranagar,12.9784,77.6408,530296,Chaayos Chai+Snacks=Relax,Indiranagar,INDIRANAGAR,₹250 for two,Beverages|Chaat|Bakery|Snacks|Street Food|healthy|Home Food|Maharashtrian|Italian|Desserts,4.4,2.7K+,27,0.2,True,False,51% OFF,,FLAT DEAL,281782,https://www.swiggy.com/city/bangalore/chaayos-chai-snacks-relax-indiranagar-rest530296
2026-09-19 21:12:19,Bengaluru,Indiranagar,12.9784,77.6408,186074,The Biryani Life,Hoysala Nagar,Indiranagar,₹250 for two,Biryani|Mughlai|Lucknowi|Hyderabadi|Kebabs|Desserts|Beverages,4.1,1.6K+,29,0.3,True,False,70% OFF,UPTO ₹140,,8496,https://www.swiggy.com/city/bangalore/the-biryani-life-hoysala-nagar-indiranagar-rest186074
2026-09-19 21:12:19,Bengaluru,Indiranagar,12.9784,77.6408,714960,Baskin Robbins - Ice Cream Desserts,FIRST STAGE,BINNAMANGALA,₹250 for two,Desserts|Ice Cream,4.5,638,28,0.2,True,True,ITEMS,AT ₹15,,5588,https://www.swiggy.com/city/bangalore/baskin-robbins-ice-cream-desserts-first-stage-binnamangala-rest714960
2026-09-19 21:12:19,Bengaluru,Indiranagar,12.9784,77.6408,155401,The Good Bowl,Stage 1,Indiranagar,₹400 for two,Biryani|Pastas|Punjabi|Desserts|Beverages,4.2,2.4K+,28,0.3,True,False,ITEMS,AT ₹99,,7918,https://www.swiggy.com/city/bangalore/the-good-bowl-stage-1-indiranagar-rest155401
2026-09-19 21:12:19,Bengaluru,Indiranagar,12.9784,77.6408,35849,Sweet Truth - Cake and Desserts,Hoysala Nagar,Indiranagar,₹450 for two,Desserts|Ice Cream|Bakery|Beverages,4.4,1.6K+,29,0.3,True,False,70% OFF,UPTO ₹140,,4444,https://www.swiggy.com/city/bangalore/sweet-truth-cake-and-desserts-hoysala-nagar-indiranagar-rest35849
2026-09-19 21:12:19,Bengaluru,Indiranagar,12.9784,77.6408,693653,KFC,Indiranagar,HAL 2nd stage,₹400 for two,Burgers|Fast Food|Rolls & Wraps,4,5.1K+,33,1.5,True,False,50% OFF,,FLAT DEAL,547,https://www.swiggy.com/city/bangalore/kfc-indiranagar-hal-2nd-stage-rest693653
2026-09-19 21:12:19,Bengaluru,Indiranagar,12.9784,77.6408,678014,Wow! China,Sangeeta Towers,Indiranagar,₹300 for two,Chinese|Asian|fastfood|Beverages|Snacks,3.6,1.0K+,32,0.8,True,False,70% OFF,UPTO ₹140,,226836,https://www.swiggy.com/city/bangalore/wow-china-sangeeta-towers-indiranagar-rest678014
2026-09-19 21:12:19,Bengaluru,Indiranagar,12.9784,77.6408,390054,NH1 Bowls - Highway To North,Smart Avenue,Indiranagar,₹250 for two,North Indian|Punjabi|Home Food,4.5,937,25,0.9,True,False,ITEMS,AT ₹119,,22452,https://www.swiggy.com/city/bangalore/nh1-bowls-highway-to-north-smart-avenue-indiranagar-rest390054
2026-09-19 21:12:19,Bengaluru,Indiranagar,12.9784,77.6408,681435,LeanCrust Pizza- ThinCrust Experts,New Thipasandra,Indiranagar,₹300 for two,Pizzas|Italian|Desserts,4.6,530,25,0.9,True,False,70% OFF,UPTO ₹140,,11216,https://www.swiggy.com/city/bangalore/leancrust-pizza-thincrust-experts-new-thipasandra-indiranagar-rest681435
2026-09-19 21:12:19,Bengaluru,Indiranagar,12.9784,77.6408,643661,"WeFit - Protein Bowls, Salads & Sandwiches",Indira Nagar,Smart Avenue,₹250 for two,Healthy Food|Salads|Keto|Snacks,4.5,659,25,0.9,True,False,ITEMS,AT ₹119,,355285,https://www.swiggy.com/city/bangalore/wefit-protein-bowls-salads-and-sandwiches-indira-nagar-smart-avenue-rest643661
2026-09-19 21:12:19,Bengaluru,Indiranagar,12.9784,77.6408,29784,CakeZone Patisserie,Magrath Road,Indiranagar,₹200 for two,Bakery|Desserts|Sweets|Ice Cream,4.5,39K+,35,0.6,True,False,70% OFF,UPTO ₹140,,7003,https://www.swiggy.com/city/bangalore/cakezone-patisserie-magrath-road-indiranagar-rest29784
2026-09-19 21:12:19,Bengaluru,Indiranagar,12.9784,77.6408,756,Corner House Ice Cream,Indiranagar,Indiranagar,₹250 for two,Ice Cream|Desserts,4.8,133K+,32,1.5,True,False,,,,65254,https://www.swiggy.com/city/bangalore/corner-house-ice-cream-indiranagar-rest756
2026-09-19 21:12:19,Bengaluru,Indiranagar,12.9784,77.6408,219201,Bangalore Mandarin,Indiranagar,Indiranagar,₹800 for two,Chinese,4.4,10K+,35,0.5,True,False,,,,20097,https://www.swiggy.com/city/bangalore/bangalore-mandarin-indiranagar-rest219201
2026-09-19 21:12:19,Bengaluru,Indiranagar,12.9784,77.6408,273752,Brahmins Tiffin Centre,New Thipasandra,Indiranagar,₹150 for two,South Indian|Chinese,4.4,22K+,28,1.8,True,True,,,,20078,https://www.swiggy.com/city/bangalore/brahmins-tiffin-centre-new-thipasandra-indiranagar-rest273752
2026-09-19 21:12:19,Bengaluru,Indiranagar,12.9784,77.6408,950218,Sendhoor Coffee,Indiranagar,Indiranagar,₹150 for two,South Indian,4.1,1.3K+,28,0.6,True,True,₹75 OFF,ABOVE ₹399,FLAT DEAL,634843,https://www.swiggy.com/city/bangalore/sendhoor-coffee-indiranagar-rest950218
2026-09-19 21:12:19,Bengaluru,Indiranagar,12.9784,77.6408,135302,Namma Madurai,New Thippasandra,Indiranagar,₹200 for two,South Indian|Fast Food,4.3,9.9K+,29,1.8,True,True,ITEMS,AT ₹109,,5729,https://www.swiggy.com/city/bangalore/namma-madurai-new-thippasandra-indiranagar-rest135302
2026-09-19 21:12:19,Bengaluru,Indiranagar,12.9784,77.6408,334614,Ghee Tadka Khichdi,HAL 3rd stage,Jeevanbhima Nagar,₹300 for two,Indian|Home Food,4.6,2.5K+,34,2.1,True,False,ITEMS,AT ₹119,,349720,https://www.swiggy.com/city/bangalore/ghee-tadka-khichdi-hal-3rd-stage-jeevanbhima-nagar-rest334614
2026-09-19 21:12:19,Bengaluru,Indiranagar,12.9784,77.6408,48087,Kanti Sweets,CMH Road,Indira Nagar,₹150 for two,Sweets,4.6,7.3K+,23,0.8,True,True,,,,4700,https://www.swiggy.com/city/bangalore/kanti-sweets-cmh-road-indira-nagar-rest48087
2026-09-19 21:12:19,Bengaluru,Indiranagar,12.9784,77.6408,17739,"Faasos - Wraps, Rolls & Shawarma",Hoysala Nagar,Indiranagar,₹200 for two,Wraps|rolls|Fast Food|Burger|shawarma|Rice Bowls,4.2,22K+,29,0.3,True,False,ITEMS,AT ₹10,,21809,https://www.swiggy.com/city/bangalore/faasos-wraps-rolls-and-shawarma-hoysala-nagar-indiranagar-rest17739
2026-09-19 21:12:19,Bengaluru,Whitefield,12.9698,77.75,322270,Andhra Gunpowder,Byrappa Layout,Whitefield,₹350 for two,Andhra|Biryani|South Indian,4.3,12K+,26,0.1,True,False,ITEMS,AT ₹99,,10496,https://www.swiggy.com/city/bangalore/andhra-gunpowder-byrappa-layout-whitefield-rest322270
2026-09-19 21:12:19,Bengaluru,Whitefield,12.9698,77.75,550793,Bakingo,Hagdur Road,Whitefield,₹299 for two,Bakery|Desserts|Beverages|Snacks,4.6,7.4K+,26,0.7,True,False,ITEMS,AT ₹69,,3818,https://www.swiggy.com/city/bangalore/bakingo-hagdur-road-whitefield-rest550793
2026-09-19 21:12:19,Bengaluru,Whitefield,12.9698,77.75,707063,KFC,Ramagondanahalli,Varthur,₹400 for two,Burgers|Fast Food|Rolls & Wraps,3.8,5.3K+,36,2.6,True,False,50% OFF,,FLAT DEAL,547,https://www.swiggy.com/city/bangalore/kfc-ramagondanahalli-varthur-rest707063
2026-09-19 21:12:19,Bengaluru,Whitefield,12.9698,77.75,390056,NH1 Bowls - Highway To North,Opp.Post Office,Whitefield,₹250 for two,North Indian|Punjabi|Home Food,4.7,1.6K+,25,0.3,True,False,ITEMS,AT ₹119,,22452,https://www.swiggy.com/city/bangalore/nh1-bowls-highway-to-north-opp-post-office-whitefield-rest390056
2026-09-19 21:12:19,Bengaluru,Whitefield,12.9698,77.75,681438,LeanCrust Pizza- ThinCrust Experts,Opp.Post Office,Whitefield,₹300 for two,Pizzas|Italian|Desserts,4.6,1.2K+,25,0.3,True,False,ITEMS,AT ₹149,,11216,https://www.swiggy.com/city/bangalore/leancrust-pizza-thincrust-experts-opp-post-office-whitefield-rest681438
2026-09-19 21:12:19,Bengaluru,Whitefield,12.9698,77.75,643664,"WeFit - Protein Bowls, Salads & Sandwiches",Whitefield Main Road,Sathya Sai Layout,₹250 for two,Healthy Food|Salads|Keto|Snacks,4.7,1.2K+,25,0.3,True,False,ITEMS,AT ₹119,,355285,https://www.swiggy.com/city/bangalore/wefit-protein-bowls-salads-and-sandwiches-whitefield-main-road-sathya-sai-layout-rest643664
2026-09-19 21:12:19,Bengaluru,Whitefield,12.9698,77.75,622029,MOJO Pizza - 2X Toppings,Kadugodi,Whitefield,₹250 for two,Pizzas|Italian|Fast Food|Desserts,4.6,2.1K+,25,0.3,True,False,ITEMS,AT ₹99,,11329,https://www.swiggy.com/city/bangalore/mojo-pizza-2x-toppings-kadugodi-whitefield-rest622029
2026-09-19 21:12:19,Bengaluru,Whitefield,12.9698,77.75,391004,ZAZA Mughal Biryani,Opp.Post Office,Whitefield,₹250 for two,Biryani|North Indian|Awadhi,4.4,1.6K+,25,0.3,True,False,70% OFF,UPTO ₹140,,22473,https://www.swiggy.com/city/bangalore/zaza-mughal-biryani-opp-post-office-whitefield-rest391004
2026-09-19 21:12:19,Bengaluru,Whitefield,12.9698,77.75,188473,Anand Sweets & Savouries,Whitefield,Whitefield,₹400 for two,Sweets|Chaat|Snacks|Desserts,4.4,56K+,27,0.2,True,True,₹75 OFF,ABOVE ₹499,FLAT DEAL,53,https://www.swiggy.com/city/bangalore/anand-sweets-and-savouries-whitefield-rest188473
2026-09-19 21:12:19,Bengaluru,Whitefield,12.9698,77.75,211189,"Frozen Bottle - Milkshakes, Desserts And Ice Cream",Whitefield Main Road,Whitefield,₹250 for two,Beverages|Ice Cream|Desserts,4.1,2.9K+,21,0.1,True,True,70% OFF,UPTO ₹140,,5655,https://www.swiggy.com/city/bangalore/frozen-bottle-milkshakes-desserts-and-ice-cream-main-road-whitefield-rest211189
2026-09-19 21:12:19,Bengaluru,Whitefield,12.9698,77.75,79466,Domino's Pizza,Whitefield,Whitefield,₹400 for two,Pizzas|Italian|Pastas|Desserts,4.3,18K+,20,2.1,True,False,ITEMS,AT ₹39,,2456,https://www.swiggy.com/city/bangalore/dominos-pizza-whitefield-rest79466
2026-09-19 21:12:19,Bengaluru,Whitefield,12.9698,77.75,23686,McDonald's,Forum Neighbourhood Mall,Whitefield,₹400 for two,Burgers|Beverages|Cafe|Desserts,4.3,36K+,35,2,True,False,ITEMS,AT ₹64,,630,https://www.swiggy.com/city/bangalore/mcdonalds-forum-neighbourhood-mall-whitefield-rest23686
2026-09-19 21:12:19,Bengaluru,Whitefield,12.9698,77.75,779830,Wendy's Burgers,HAGDUR ROAD,WHITEFIELD,₹400 for two,Burgers|Fast Food|wrap,4.1,2.6K+,29,1.1,True,False,ITEMS,AT ₹59,,972,https://www.swiggy.com/city/bangalore/wendys-burgers-hagdur-road-whitefield-rest779830
2026-09-19 21:12:19,Bengaluru,Whitefield,12.9698,77.75,156438,The Good Bowl,SJR I Park KIADB Export Promotion Industrial Area,Whitefield,₹400 for two,Biryani|Pastas|Punjabi|Desserts|Beverages,4.2,3.4K+,31,1.1,True,False,ITEMS,AT ₹99,,7918,https://www.swiggy.com/city/bangalore/the-good-bowl-sjr-i-park-kiadb-export-promotion-industrial-area-whitefield-rest156438
2026-09-19 21:12:19,Bengaluru,Whitefield,12.9698,77.75,186068,The Biryani Life,HAGDUR  ROAD,Whitefield,₹250 for two,Biryani|Mughlai|Lucknowi|Hyderabadi|Kebabs|Desserts|Beverages,3.7,1.6K+,36,1.1,True,False,70% OFF,UPTO ₹140,,8496,https://www.swiggy.com/city/bangalore/the-biryani-life-hagdur-road-whitefield-rest186068
2026-09-19 21:12:19,Bengaluru,Whitefield,12.9698,77.75,214654,Polar Bear,Brooke Bond First Cross,Whitefield,₹400 for two,Ice Cream|Desserts,4.5,6.9K+,29,0.6,True,True,,,,726,https://www.swiggy.com/city/bangalore/polar-bear-brooke-bond-first-cross-whitefield-rest214654
2026-09-19 21:12:19,Bengaluru,Whitefield,12.9698,77.75,1327,Baskin Robbins - Ice Cream Desserts,Varthur Main Road,"Hope Farm, Varthur Main Road",₹250 for two,Desserts|Ice Cream,4.4,9.1K+,24,1,True,True,ITEMS,AT ₹15,,5588,https://www.swiggy.com/city/bangalore/baskin-robbins-ice-cream-desserts-varthur-main-road-hope-farm-varthur-main-road-rest1327
2026-09-19 21:12:19,Bengaluru,Whitefield,12.9698,77.75,35843,Sweet Truth - Cake and Desserts,HAGDUR  ROAD,Whitefield,₹450 for two,Desserts|Ice Cream|Bakery|Beverages,4,1.8K+,33,1.1,True,False,ITEMS,AT ₹69,,4444,https://www.swiggy.com/city/bangalore/sweet-truth-cake-and-desserts-hagdur-road-whitefield-rest35843
2026-09-19 21:12:19,Bengaluru,Whitefield,12.9698,77.75,853141,ITC Master Chef Creations,Whitefield Main Road,"Pattandur, Agrahara",₹650 for two,North Indian|Biryani|Kebabs|rolls|Desserts,4.1,1.7K+,36,1.2,True,False,50% OFF,,FLAT DEAL,11992,https://www.swiggy.com/city/bangalore/itc-master-chef-creations-whitefield-main-road-pattandur-agrahara-rest853141
2026-09-19 21:12:19,Bengaluru,Whitefield,12.9698,77.75,750224,Daily Kitchen - Everyday Homely Meals,Opp.Post Office,Kadugodi,₹250 for two,Home Food|Indian|North Indian|Thalis,4.6,1.3K+,25,0.3,True,False,ITEMS,AT ₹139,,444382,https://www.swiggy.com/city/bangalore/daily-kitchen-everyday-homely-meals-opp-post-office-kadugodi-rest750224
2026-09-19 21:12:19,Bengaluru,Whitefield,12.9698,77.75,63387,Kerala Tiffin,Mahadevapura, PATTANDUR AGRAHARA VILLAGE,₹400 for two,South Indian|Desserts|Kerala|Seafood,4,25K+,36,1.3,True,False,₹550 OFF,ABOVE ₹2499,FLAT DEAL,7427,https://www.swiggy.com/city/bangalore/kerala-tiffin-mahadevapura-pattandur-agrahara-village-rest63387
2026-09-19 21:12:19,Bengaluru,Whitefield,12.9698,77.75,762494,Namo Andhra,KR Puram,Whitefield,₹350 for two,South Indian,4,511,29,0.1,True,True,ITEMS,AT ₹209,,507121,https://www.swiggy.com/city/bangalore/namo-andhra-kr-puram-whitefield-rest762494
2026-09-19 21:12:19,Bengaluru,Whitefield,12.9698,77.75,386438,Madras Meal Company,Whitefield Main Road,Whitefield,₹350 for two,South Indian|Chettinad,4.3,1.5K+,27,0.1,True,False,ITEMS,AT ₹99,,128893,https://www.swiggy.com/city/bangalore/madras-meal-company-main-road-whitefield-rest386438
2026-09-19 21:12:19,Bengaluru,Whitefield,12.9698,77.75,1193813,Kanti Sweets,Whitefield,Whitefield,₹400 for two,Sweets|Snacks,4.4,813,20,0.7,True,True,,,,4700,https://www.swiggy.com/city/bangalore/kanti-sweets-whitefield-rest1193813
2026-09-19 21:12:19,Bengaluru,Whitefield,12.9698,77.75,313792,Brahmins Tiffin Centre,Silver Spring Layout,Marathahalli,₹200 for two,South Indian|Fast Food,4.4,16K+,60,7,True,True,,,,20078,https://www.swiggy.com/city/bangalore/brahmins-tiffin-centre-silver-spring-layout-marathahalli-rest313792
2026-09-19 21:12:19,Bengaluru,Whitefield,12.9698,77.75,863130,Hyderabad Chefs,Vijayanagar,Whitefield,₹450 for two,Chinese|Biryani|Hyderabadi,4.2,2.2K+,38,3,True,False,,,,486,https://www.swiggy.com/city/bangalore/hyderabad-chefs-vijayanagar-whitefield-rest863130
2026-09-19 21:12:19,Bengaluru,Jayanagar,12.925,77.5938,23691,McDonald's,4th Block,Jayanagar,₹400 for two,Burgers|Beverages|Cafe|Desserts,4.4,30K+,25,1.1,True,False,ITEMS,AT ₹64,,630,https://www.swiggy.com/city/bangalore/mcdonalds-4th-block-jayanagar-rest23691
2026-09-19 21:12:19,Bengaluru,Jayanagar,12.925,77.5938,255038,Andhra Gunpowder,NS Palya,Btm Layout,₹350 for two,Andhra|Biryani|South Indian,4.4,12K+,37,2.7,True,False,ITEMS,AT ₹99,,10496,https://www.swiggy.com/city/bangalore/andhra-gunpowder-ns-palya-btm-layout-rest255038
2026-09-19 21:12:19,Bengaluru,Jayanagar,12.925,77.5938,49704,California Burrito,5th Phase,Jayanagar,₹250 for two,Mexican|American|Salads|Continental|Keto|Healthy Food|Beverages|Snacks|Desserts|Fast Food,4.6,32K+,35,2.8,True,False,ITEMS,AT ₹65,,1252,https://www.swiggy.com/city/bangalore/california-burrito-5th-phase-jayanagar-rest49704
2026-09-19 21:12:19,Bengaluru,Jayanagar,12.925,77.5938,590119,Bakingo,1st  Stage,BTM Layout,₹299 for two,Bakery|Desserts|Beverages|Snacks,4.6,12K+,30,2.5,True,False,ITEMS,AT ₹69,,3818,https://www.swiggy.com/city/bangalore/bakingo-1st-stage-btm-layout-rest590119
2026-09-19 21:12:19,Bengaluru,Jayanagar,12.925,77.5938,330839,RNR Biryani - Taste of 1953,1st Phase,Jayanagar,₹350 for two,Biryani|South Indian|Kebabs,4.4,8.5K+,32,2.3,True,False,ITEMS,AT ₹40,,11620,https://www.swiggy.com/city/bangalore/rnr-biryani-taste-of-1953-1st-phase-jayanagar-rest330839
2026-09-19 21:12:19,Bengaluru,Jayanagar,12.925,77.5938,5936,Burger King,Jayanagar,Jayanagar,₹350 for two,Burgers|American,4.2,68K+,32,1.1,True,False,ITEMS,AT ₹39,,166,https://www.swiggy.com/city/bangalore/burger-king-jayanagar-rest5936
2026-09-19 21:12:19,Bengaluru,Jayanagar,12.925,77.5938,17297,KFC,Jayanagar,Jayanagar,₹400 for two,Burgers|Fast Food|Rolls & Wraps,4.1,17K+,29,1.2,True,False,50% OFF,,FLAT DEAL,547,https://www.swiggy.com/city/bangalore/kfc-jayanagar-rest17297
2026-09-19 21:12:19,Bengaluru,Jayanagar,12.925,77.5938,10578,Pizza Hut,4th Block,Jayanagar,₹300 for two,Pizzas,4.1,13K+,33,1.2,True,False,50% OFF,,FLAT DEAL,721,https://www.swiggy.com/city/bangalore/pizza-hut-4th-block-jayanagar-rest10578
2026-09-19 21:12:19,Bengaluru,Jayanagar,12.925,77.5938,5271,Subway,5TH Block,Jayanagar,₹350 for two,sandwich|Salads|wrap|Healthy Food,4.3,24K+,31,1.7,True,False,ITEMS,AT ₹69,,2,https://www.swiggy.com/city/bangalore/subway-5th-block-jayanagar-rest5271
2026-09-19 21:12:19,Bengaluru,Jayanagar,12.925,77.5938,437065,Theobroma,Jayanagar,Jayanagar,₹400 for two,Desserts|Bakery|Beverages,4.5,10K+,29,1.8,True,False,ITEMS,AT ₹37,,1040,https://www.swiggy.com/city/bangalore/theobroma-jayanagar-rest437065
2026-09-19 21:12:19,Bengaluru,Jayanagar,12.925,77.5938,495510,La Pino'z Pizza,Jayanagar,Jayanagar,₹300 for two,Pizzas|Pastas|Italian|Desserts|Beverages,4.3,4.3K+,34,1.7,True,False,70% OFF,UPTO ₹140,,4961,https://www.swiggy.com/city/bangalore/la-pinoz-pizza-jayanagar-rest495510
2026-09-19 21:12:19,Bengaluru,Jayanagar,12.925,77.5938,23799,Domino's Pizza,4th t Block,Jayanagar,₹400 for two,Pizzas|Italian|Pastas|Desserts,4.3,21K+,20,1.6,True,False,ITEMS,AT ₹39,,2456,https://www.swiggy.com/city/bangalore/dominos-pizza-4th-t-block-jayanagar-rest23799
2026-09-19 21:12:19,Bengaluru,Jayanagar,12.925,77.5938,2701,Baskin Robbins - Ice Cream Desserts,5th Block,Jayanagar,₹250 for two,Desserts|Ice Cream,4.7,6.8K+,29,1.6,True,True,ITEMS,AT ₹15,,5588,https://www.swiggy.com/city/bangalore/baskin-robbins-ice-cream-desserts-5th-block-jayanagar-rest2701
2026-09-19 21:12:19,Bengaluru,Jayanagar,12.925,77.5938,5903,Polar Bear,Jayanagar,Jayanagar,₹300 for two,Ice Cream|Desserts,4.5,9.8K+,27,1,True,True,,,,726,https://www.swiggy.com/city/bangalore/polar-bear-jayanagar-rest5903
2026-09-19 21:12:19,Bengaluru,Jayanagar,12.925,77.5938,12804,Nandhana Palace,JP Nagar,Jayanagar,₹500 for two,Biryani|Andhra|South Indian|North Indian,4.4,28K+,35,2.3,True,False,ITEMS,AT ₹49,,2120,https://www.swiggy.com/city/bangalore/nandhana-palace-jp-nagar-jayanagar-rest12804
2026-09-19 21:12:19,Bengaluru,Jayanagar,12.925,77.5938,47626,Beijing Bites,JP Nagar,JP Nagar,₹450 for two,Chinese,4.3,20K+,36,2.3,True,False,70% OFF,UPTO ₹140,,103,https://www.swiggy.com/city/bangalore/beijing-bites-jp-nagar-rest47626
2026-09-19 21:12:19,Bengaluru,Jayanagar,12.925,77.5938,597395,Taco Bell,4th Block,Jayanagar,₹300 for two,Mexican|Fast Food|Snacks,4.2,4.9K+,31,1.5,True,False,65% OFF,UPTO ₹125,,1557,https://www.swiggy.com/city/bangalore/taco-bell-4th-block-jayanagar-rest597395
2026-09-19 21:12:19,Bengaluru,Jayanagar,12.925,77.5938,488779,Chaayos Chai+Snacks=Relax,Jayanagar,Jayanagar,₹250 for two,Beverages|Chaat|Bakery|Snacks|Street Food|healthy|Home Food|Maharashtrian|Italian|Desserts,4.4,2.3K+,31,1.7,True,False,51% OFF,,FLAT DEAL,281782,https://www.swiggy.com/city/bangalore/chaayos-chai-snacks-relax-jayanagar-rest488779
2026-09-19 21:12:19,Bengaluru,Jayanagar,12.925,77.5938,186080,The Biryani Life,NGK Complex,BTM 1st Stage,₹250 for two,Biryani|Mughlai|Lucknowi|Hyderabadi|Kebabs|Desserts|Beverages,3.9,2.2K+,37,2.5,True,False,70% OFF,UPTO ₹140,,8496,https://www.swiggy.com/city/bangalore/the-biryani-life-ngk-complex-btm-1st-stage-rest186080
2026-09-19 21:12:19,Bengaluru,Jayanagar,12.925,77.5938,155398,The Good Bowl,NGK Complex,BTM 1st Stage,₹400 for two,Biryani|Pastas|Punjabi|Desserts|Beverages,4.2,3.2K+,38,2.5,True,False,ITEMS,AT ₹99,,7918,https://www.swiggy.com/city/bangalore/the-good-bowl-ngk-complex-btm-1st-stage-rest155398
2026-09-19 21:12:19,Bengaluru,Jayanagar,12.925,77.5938,1087,Corner House Ice Cream,Jayanagar,Jayanagar,₹250 for two,Ice Cream|Desserts,4.7,77K+,30,1.1,True,False,,,,65254,https://www.swiggy.com/city/bangalore/corner-house-ice-cream-jayanagar-rest1087
2026-09-19 21:12:19,Bengaluru,Jayanagar,12.925,77.5938,300642,Al-Bek,3rd phase,Jayanagar,₹600 for two,Indian|Chinese,4.3,18K+,28,1.3,True,False,,,,9911,https://www.swiggy.com/city/bangalore/al-bek-3rd-phase-jayanagar-rest300642
2026-09-19 21:12:19,Bengaluru,Jayanagar,12.925,77.5938,991066,"Gwalia - Sweets, Snacks & Eatery - Since 1994",JP Nagar,Jayanagar,₹250 for two,Thalis|North Indian|Chaat|Fast Food|Sweets|Beverages,4.2,1.1K+,36,2.6,True,True,₹100 OFF,ABOVE ₹299,FLAT DEAL,819594,https://www.swiggy.com/city/bangalore/gwalia-sweets-snacks-and-eatery-since-1994-jp-nagar-jayanagar-rest991066
2026-09-19 21:12:19,Bengaluru,Jayanagar,12.925,77.5938,728444,Narmada Chain of Restaurant,2nd stage,BTM Bangalore,₹300 for two,Biryani|Andhra|South Indian,4.3,6.4K+,37,2.2,True,False,,,,410569,https://www.swiggy.com/city/bangalore/narmada-chain-of-restaurant-2nd-stage-btm-bangalore-rest728444
2026-09-19 21:12:19,Bengaluru,Jayanagar,12.925,77.5938,873313,The Bihari Kitchen,B.B.M.P South,BTM 2nd Stage,₹400 for two,Bihari|Snacks|Home Food,4.2,3.0K+,45,2.9,True,False,ITEMS,AT ₹149,,492522,https://www.swiggy.com/city/bangalore/the-bihari-kitchen-b-b-m-p-south-btm-2nd-stage-rest873313
2026-09-19 21:12:19,Bengaluru,Jayanagar,12.925,77.5938,867850,Witty Litti,BTM Layout,BTM Layout,₹250 for two,Bihari,4.4,878,38,2.6,True,True,20% OFF,UPTO ₹50,,508965,https://www.swiggy.com/city/bangalore/witty-litti-btm-layout-rest867850
2026-09-19 21:12:19,Bengaluru,HSR Layout,12.9116,77.6446,81642,Aligarh House,HSR Layout,HSR Layout,₹400 for two,Biryani|Mughlai|Kebabs|Lucknowi|Fast Food|Desserts|Beverages,4.4,11K+,36,1.3,True,False,,,,586111,https://www.swiggy.com/city/bangalore/aligarh-house-hsr-layout-rest81642
2026-09-19 21:12:19,Bengaluru,HSR Layout,12.9116,77.6446,279024,Andhra Gunpowder,Sector 2,HSR Layout,₹350 for two,Andhra|Biryani|South Indian,4.3,9.7K+,23,0.5,True,False,ITEMS,AT ₹99,,10496,https://www.swiggy.com/city/bangalore/andhra-gunpowder-sector-2-hsr-layout-rest279024
2026-09-19 21:12:19,Bengaluru,HSR Layout,12.9116,77.6446,875705,The Pizza Bakery - Wood Fired Sourdough,HSR,HSR,₹1500 for two,Pizzas|Italian|Pastas|Salads|Desserts|Continental,4.3,3.7K+,29,0.3,True,False,ITEMS,AT ₹219,,522292,https://www.swiggy.com/city/bangalore/the-pizza-bakery-wood-fired-sourdough-hsr-rest875705
2026-09-19 21:12:19,Bengaluru,HSR Layout,12.9116,77.6446,875710,Paris Panini - Gourmet Sandwiches & Wraps,HSR,HSR,₹700 for two,sandwich|wrap|Fast Food|Pastas|Italian|Salads|Healthy Food|Desserts|Continental,4.5,5.5K+,27,0.3,True,False,ITEMS,AT ₹161,,21019,https://www.swiggy.com/city/bangalore/paris-panini-gourmet-sandwiches-and-wraps-hsr-rest875710
2026-09-19 21:12:19,Bengaluru,HSR Layout,12.9116,77.6446,36001,California Burrito,HSR Layout,HSR Layout,₹250 for two,Mexican|American|Salads|Continental|Keto|Healthy Food|Beverages|Snacks|Desserts|Fast Food,4.5,44K+,30,1,True,False,,,,1252,https://www.swiggy.com/city/bangalore/california-burrito-hsr-layout-rest36001
2026-09-19 21:12:19,Bengaluru,HSR Layout,12.9116,77.6446,50467,Bakingo,1st Block,Koramangala,₹300 for two,Bakery|Desserts|Beverages|Snacks,4.5,14K+,31,2.2,True,False,ITEMS,AT ₹69,,3818,https://www.swiggy.com/city/bangalore/bakingo-1st-block-koramangala-rest50467
2026-09-19 21:12:19,Bengaluru,HSR Layout,12.9116,77.6446,502673,The Belgian Waffle Co.,HSR Layout,HSR Layout,₹176 for two,Waffle|Desserts|Ice Cream,4.4,4.1K+,30,1.2,True,True,30% OFF,UPTO ₹60,,2233,https://www.swiggy.com/city/bangalore/the-belgian-waffle-co-hsr-layout-rest502673
2026-09-19 21:12:19,Bengaluru,HSR Layout,12.9116,77.6446,2675,Subway,HSR Layout,HSR Layout,₹350 for two,sandwich|Salads|wrap|Healthy Food,4.2,54K+,30,1.4,True,False,ITEMS,AT ₹69,,2,https://www.swiggy.com/city/bangalore/subway-hsr-layout-rest2675
2026-09-19 21:12:19,Bengaluru,HSR Layout,12.9116,77.6446,524936,Theobroma,HSR Layout,HSR Layout,₹400 for two,Desserts|Bakery|Beverages,4.4,10K+,25,0.8,True,False,ITEMS,AT ₹37,,1040,https://www.swiggy.com/city/bangalore/theobroma-hsr-layout-rest524936
2026-09-19 21:12:19,Bengaluru,HSR Layout,12.9116,77.6446,17310,KFC,HSR Layout,HSR Layout,₹400 for two,Burgers|Fast Food|Rolls & Wraps,4.2,42K+,28,0.8,True,False,50% OFF,,FLAT DEAL,547,https://www.swiggy.com/city/bangalore/kfc-hsr-layout-rest17310
2026-09-19 21:12:19,Bengaluru,HSR Layout,12.9116,77.6446,548400,Taco Bell,4th Sector,HSR Layout,₹300 for two,Mexican|Fast Food|Snacks,4.2,7.0K+,25,0.4,True,False,ITEMS,AT ₹39,,1557,https://www.swiggy.com/city/bangalore/taco-bell-4th-sector-hsr-layout-rest548400
2026-09-19 21:12:19,Bengaluru,HSR Layout,12.9116,77.6446,29954,Beijing Bites,1st Sector,HSR Layout,₹450 for two,Chinese,4.2,33K+,30,0.9,True,False,70% OFF,UPTO ₹140,,103,https://www.swiggy.com/city/bangalore/beijing-bites-1st-sector-hsr-layout-rest29954
2026-09-19 21:12:19,Bengaluru,HSR Layout,12.9116,77.6446,28981,Baskin Robbins - Ice Cream Desserts,2nd Sector,HSR Layout,₹200 for two,Desserts,4.6,5.0K+,25,1,True,True,ITEMS,AT ₹15,,5588,https://www.swiggy.com/city/bangalore/baskin-robbins-ice-cream-desserts-2nd-sector-hsr-layout-rest28981
2026-09-19 21:12:19,Bengaluru,HSR Layout,12.9116,77.6446,390053,NH1 Bowls - Highway To North,2nd Sector,HSR Layout,₹250 for two,North Indian|Punjabi|Home Food,4.8,2.3K+,25,1,True,False,ITEMS,AT ₹119,,22452,https://www.swiggy.com/city/bangalore/nh1-bowls-highway-to-north-2nd-sector-hsr-layout-rest390053
2026-09-19 21:12:19,Bengaluru,HSR Layout,12.9116,77.6446,17036,Leon's - Burgers & Wings (Leon Grill),HSR Layout,HSR Layout,₹300 for two,American|Snacks|Turkish|Portuguese|Continental,4.3,105K+,23,0.8,True,False,70% OFF,UPTO ₹140,,371281,https://www.swiggy.com/city/bangalore/leons-burgers-and-wings-leon-grill-hsr-layout-rest17036
2026-09-19 21:12:19,Bengaluru,HSR Layout,12.9116,77.6446,29349,"Frozen Bottle - Milkshakes, Desserts And Ice Cream",HSR Layout,HSR Layout,₹250 for two,Beverages|Ice Cream|Desserts,4.2,17K+,27,0.7,True,True,ITEMS,AT ₹49,,5655,https://www.swiggy.com/city/bangalore/frozen-bottle-milkshakes-desserts-and-ice-cream-hsr-layout-rest29349
2026-09-19 21:12:19,Bengaluru,HSR Layout,12.9116,77.6446,17927,Polar Bear,6th Sector,HSR Layout,₹300 for two,Ice Cream|Desserts,4.5,11K+,27,1.2,True,True,ITEMS,AT ₹59,,726,https://www.swiggy.com/city/bangalore/polar-bear-6th-sector-hsr-layout-rest17927
2026-09-19 21:12:19,Bengaluru,HSR Layout,12.9116,77.6446,376708,Chinese Wok,3rd Sector,HSR Layout,₹250 for two,Chinese|Asian|Tibetan|Desserts,4.1,9.4K+,32,1,True,False,70% OFF,UPTO ₹140,,61955,https://www.swiggy.com/city/bangalore/chinese-wok-3rd-sector-hsr-layout-rest376708
2026-09-19 21:12:19,Bengaluru,HSR Layout,12.9116,77.6446,681434,LeanCrust Pizza- ThinCrust Experts,2nd Sector,HSR Layout,₹300 for two,Pizzas|Italian|Desserts,4.7,951,25,1,True,False,70% OFF,UPTO ₹140,,11216,https://www.swiggy.com/city/bangalore/leancrust-pizza-thincrust-experts-2nd-sector-hsr-layout-rest681434
2026-09-19 21:12:19,Bengaluru,HSR Layout,12.9116,77.6446,643660,"WeFit - Protein Bowls, Salads & Sandwiches",BDA Layout,HSR Layout,₹250 for two,Healthy Food|Salads|Keto|Snacks,4.8,1.8K+,25,1,True,False,ITEMS,AT ₹119,,355285,https://www.swiggy.com/city/bangalore/wefit-protein-bowls-salads-and-sandwiches-bda-layout-hsr-layout-rest643660
2026-09-19 21:12:19,Bengaluru,HSR Layout,12.9116,77.6446,8174,Corner House Ice Cream,7th Sector,Hsr Layout,₹250 for two,Ice Cream|Desserts,4.7,74K+,33,1.2,True,False,₹550 OFF,ABOVE ₹2499,FLAT DEAL,65254,https://www.swiggy.com/city/bangalore/corner-house-ice-cream-7th-sector-hsr-layout-rest8174
2026-09-19 21:12:19,Bengaluru,HSR Layout,12.9116,77.6446,55158,Maa Di Hatti,Koramangala,Koramangala,₹249 for two,North Indian|South Indian|Indian|Bihari|Punjabi,4.2,35K+,36,1.9,True,False,ITEMS,AT ₹149,,9089,https://www.swiggy.com/city/bangalore/maa-di-hatti-koramangala-rest55158
2026-09-19 21:12:19,Bengaluru,HSR Layout,12.9116,77.6446,254831,Bathinda Station,HSR Layout,HSR Layout,₹300 for two,Punjabi|Chinese|Sweets|Desserts|Tandoor|Beverages,3.9,10K+,32,1.5,True,False,,,,14503,https://www.swiggy.com/city/bangalore/bathinda-station-hsr-layout-rest254831
2026-09-19 21:12:19,Bengaluru,HSR Layout,12.9116,77.6446,762490,Namo Andhra,Sector 2,HSR Layout,₹350 for two,South Indian,4.2,360,23,0.5,True,True,₹100 OFF,ABOVE ₹449,FLAT DEAL,507121,https://www.swiggy.com/city/bangalore/namo-andhra-sector-2-hsr-layout-rest762490
2026-09-19 21:12:19,Bengaluru,HSR Layout,12.9116,77.6446,834576,Koriken,HSR Layout,HSR Layout,₹500 for two,Korean,4.3,2.7K+,31,0.9,True,False,70% OFF,UPTO ₹140,,305814,https://www.swiggy.com/city/bangalore/koriken-hsr-layout-rest834576
2026-09-19 21:12:19,Bengaluru,HSR Layout,12.9116,77.6446,8600,Goli Vada Pav No.1,7th Sector,HSR Layout,₹100 for two,Maharashtrian|North Indian|Street Food|Snacks,4.1,26K+,36,1.2,True,True,,,,3998,https://www.swiggy.com/city/bangalore/goli-vada-pav-no-1-7th-sector-hsr-layout-rest8600
2026-09-19 21:12:19,Bengaluru,Marathahalli,12.9591,77.6974,290187,Andhra Gunpowder,Silver Spring Layout,Marathahalli,₹350 for two,Andhra|Biryani|South Indian,4.3,13K+,39,2.4,True,False,ITEMS,AT ₹99,,10496,https://www.swiggy.com/city/bangalore/andhra-gunpowder-silver-spring-layout-marathahalli-rest290187
2026-09-19 21:12:19,Bengaluru,Marathahalli,12.9591,77.6974,18772,California Burrito,Bellandur,Bellandur,₹250 for two,Mexican|American|Salads|Continental|Keto|Healthy Food|Beverages|Snacks|Desserts|Fast Food,4.6,16K+,26,1.9,True,False,ITEMS,AT ₹65,,1252,https://www.swiggy.com/city/bangalore/california-burrito-bellandur-rest18772
2026-09-19 21:12:19,Bengaluru,Marathahalli,12.9591,77.6974,237665,McDonald's,Preatige Tech park,Kadubeesanahalli,₹400 for two,Burgers|Beverages|Cafe|Desserts,4.1,11K+,39,2.9,True,False,ITEMS,AT ₹64,,630,https://www.swiggy.com/city/bangalore/mcdonalds-preatige-tech-park-kadubeesanahalli-rest237665
2026-09-19 21:12:19,Bengaluru,Marathahalli,12.9591,77.6974,29972,Domino's Pizza,marathalli,Marathahalli Outer Ring Road,₹400 for two,Pizzas|Italian|Pastas|Desserts,4.2,23K+,20,1.4,True,False,ITEMS,AT ₹59,,2456,https://www.swiggy.com/city/bangalore/dominos-pizza-marathalli-marathahalli-outer-ring-road-rest29972
2026-09-19 21:12:19,Bengaluru,Marathahalli,12.9591,77.6974,17303,KFC,Brookefields,Marathahalli,₹400 for two,Burgers|Fast Food|Rolls & Wraps,3.8,44K+,37,2.6,True,False,50% OFF,,FLAT DEAL,547,https://www.swiggy.com/city/bangalore/kfc-brookefields-marathahalli-rest17303
2026-09-19 21:12:19,Bengaluru,Marathahalli,12.9591,77.6974,32778,Subway,Divyashree Technopolis,Yemalur,₹350 for two,sandwich|Salads|wrap|Healthy Food,4,9.8K+,29,1.9,True,False,ITEMS,AT ₹69,,2,https://www.swiggy.com/city/bangalore/subway-divyashree-technopolis-yemalur-rest32778
2026-09-19 21:12:19,Bengaluru,Marathahalli,12.9591,77.6974,445762,Burger King,Kote MR Plaza,Sanjay Nagar,₹350 for two,Burgers|American,4.2,24K+,34,1.7,True,False,ITEMS,AT ₹39,,166,https://www.swiggy.com/city/bangalore/burger-king-kote-mr-plaza-sanjay-nagar-rest445762
2026-09-19 21:12:19,Bengaluru,Marathahalli,12.9591,77.6974,489129,Chinese Wok,Anand Nagar,Marathahalli,₹250 for two,Chinese|Asian|Tibetan|Desserts,4.1,7.9K+,27,1.3,True,False,70% OFF,UPTO ₹140,,61955,https://www.swiggy.com/city/bangalore/chinese-wok-anand-nagar-marathahalli-rest489129
2026-09-19 21:12:19,Bengaluru,Marathahalli,12.9591,77.6974,489235,Big Bowl,Anand Nagar,Marathahalli,₹250 for two,Chinese|Tibetan|Desserts,4.1,2.1K+,28,1.3,True,False,70% OFF,UPTO ₹140,,434792,https://www.swiggy.com/city/bangalore/big-bowl-anand-nagar-marathahalli-rest489235
2026-09-19 21:12:19,Bengaluru,Marathahalli,12.9591,77.6974,1187,Baskin Robbins - Ice Cream Desserts,Anand Nagar,"AA Arcade, Marathahalli Outer Ring Rd",₹250 for two,Desserts|Ice Cream,4.3,7.5K+,27,1.4,True,True,ITEMS,AT ₹15,,5588,https://www.swiggy.com/city/bangalore/baskin-robbins-ice-cream-desserts-anand-nagar-aa-arcade-marathahalli-outer-ring-rd-rest1187
2026-09-19 21:12:19,Bengaluru,Marathahalli,12.9591,77.6974,249716,Sweet Truth - Cake and Desserts,Tulasi theater,Marathahalli,₹450 for two,Desserts|Ice Cream|Bakery|Beverages,4,457,31,0.7,True,False,70% OFF,UPTO ₹140,,4444,https://www.swiggy.com/city/bangalore/sweet-truth-cake-and-desserts-tulasi-theater-marathahalli-rest249716
2026-09-19 21:12:19,Bengaluru,Marathahalli,12.9591,77.6974,249717,The Good Bowl,Tulasi theater,Marathahalli,₹400 for two,Biryani|Pastas|Punjabi|Desserts|Beverages,4.2,1.2K+,35,0.7,True,False,ITEMS,AT ₹99,,7918,https://www.swiggy.com/city/bangalore/the-good-bowl-tulasi-theater-marathahalli-rest249717
2026-09-19 21:12:19,Bengaluru,Marathahalli,12.9591,77.6974,725905,"WeFit - Protein Bowls, Salads & Sandwiches",Marathahalli Main Rd,Yemalur,₹250 for two,Healthy Food|Salads|Keto|Snacks,4.7,688,25,1.4,True,False,ITEMS,AT ₹119,,355285,https://www.swiggy.com/city/bangalore/wefit-protein-bowls-salads-and-sandwiches-marathahalli-main-rd-yemalur-rest725905
2026-09-19 21:12:19,Bengaluru,Marathahalli,12.9591,77.6974,725908,LeanCrust Pizza- ThinCrust Experts,Marathahalli Main Rd,Yemalur,₹300 for two,Pizzas|Italian|Desserts,4.5,581,25,1.4,True,False,70% OFF,UPTO ₹140,,11216,https://www.swiggy.com/city/bangalore/leancrust-pizza-thincrust-experts-marathahalli-main-rd-yemalur-rest725908
2026-09-19 21:12:19,Bengaluru,Marathahalli,12.9591,77.6974,725902,NH1 Bowls - Highway To North,Marathahalli Main Rd,Yemalur,₹250 for two,North Indian|Punjabi|Home Food,4.7,953,25,1.4,True,False,ITEMS,AT ₹119,,22452,https://www.swiggy.com/city/bangalore/nh1-bowls-highway-to-north-marathahalli-main-rd-yemalur-rest725902
2026-09-19 21:12:19,Bengaluru,Marathahalli,12.9591,77.6974,725903,ZAZA Mughal Biryani,Marathahalli Main Rd,Yemalur,₹250 for two,Biryani|North Indian|Awadhi,4.4,912,25,1.4,True,False,70% OFF,UPTO ₹140,,22473,https://www.swiggy.com/city/bangalore/zaza-mughal-biryani-marathahalli-main-rd-yemalur-rest725903
2026-09-19 21:12:19,Bengaluru,Marathahalli,12.9591,77.6974,725909,MOJO Pizza - 2X Toppings,Marathahalli Main Rd,Yemalur,₹250 for two,Pizzas|Italian|Fast Food|Desserts,4.7,1.0K+,25,1.4,True,False,ITEMS,AT ₹99,,11329,https://www.swiggy.com/city/bangalore/mojo-pizza-2x-toppings-marathahalli-main-rd-yemalur-rest725909
2026-09-19 21:12:19,Bengaluru,Marathahalli,12.9591,77.6974,382651,Wendy's Burgers,Tulasi theater,Marathahalli,₹200 for two,Burgers|Fast Food|wrap,4.1,9.9K+,29,0.7,True,False,ITEMS,AT ₹59,,972,https://www.swiggy.com/city/bangalore/wendys-burgers-tulasi-theater-marathahalli-rest382651
2026-09-19 21:12:19,Bengaluru,Marathahalli,12.9591,77.6974,581367,Chaayos Chai+Snacks=Relax,Outer Ring Road,Kadubeesanahalli,₹250 for two,Beverages|Chaat|Bakery|Snacks|Street Food|healthy|Home Food|Maharashtrian|Italian|Desserts,4.3,2.9K+,36,3,True,False,51% OFF,,FLAT DEAL,281782,https://www.swiggy.com/city/bangalore/chaayos-chai-snacks-relax-outer-ring-road-kadubeesanahalli-rest581367
2026-09-19 21:12:19,Bengaluru,Marathahalli,12.9591,77.6974,856700,"Frozen Bottle - Milkshakes, Desserts And Ice Cream",KEMPAPURA,YEMALURU POST,₹250 for two,Beverages|Ice Cream|Desserts,4.3,139,39,3.8,True,True,₹550 OFF,ABOVE ₹2499,FLAT DEAL,5655,https://www.swiggy.com/city/bangalore/frozen-bottle-milkshakes-desserts-and-ice-cream-kempapura-yemaluru-post-rest856700
2026-09-19 21:12:19,Bengaluru,Marathahalli,12.9591,77.6974,369783,Anand Sweets & Savouries,Tulasi Theater Road,Marathahalli,₹150 for two,Sweets|Desserts|Snacks,4.5,8.3K+,25,0.7,True,True,,,,53,https://www.swiggy.com/city/bangalore/anand-sweets-and-savouries-tulasi-theater-road-marathahalli-rest369783
2026-09-19 21:12:19,Bengaluru,Marathahalli,12.9591,77.6974,407843,Poha On Wheels,Anekal,Marathahalli,₹150 for two,Snacks,4.3,2.1K+,29,0.8,True,True,ITEMS,AT ₹50,,14633,https://www.swiggy.com/city/bangalore/poha-on-wheels-anekal-marathahalli-rest407843
2026-09-19 21:12:19,Bengaluru,Marathahalli,12.9591,77.6974,775697,La Milano Pizzeria,Marathahalli,Marathahalli,₹299 for two,Pizzas|Italian|Desserts|Pastas|Mexican|Fast Food|Beverages|Salad,4.1,2.2K+,35,1,True,False,40% OFF,UPTO ₹80,,22533,https://www.swiggy.com/city/bangalore/la-milano-pizzeria-marathahalli-rest775697
2026-09-19 21:12:19,Bengaluru,Marathahalli,12.9591,77.6974,249712,"Faasos - Wraps, Rolls & Shawarma",Tulasi theater,Marathahalli,₹200 for two,Wraps|rolls|Fast Food|Burger|shawarma|Rice Bowls,4.1,3.1K+,46,0.7,True,False,ITEMS,AT ₹10,,21809,https://www.swiggy.com/city/bangalore/faasos-wraps-rolls-and-shawarma-tulasi-theater-marathahalli-rest249712
2026-09-19 21:12:19,Bengaluru,Marathahalli,12.9591,77.6974,249713,Behrouz Biryani,Tulasi theater,Marathahalli,₹500 for two,Biryani|North Indian|Kebabs|Mughlai|Lucknowi|Hyderabadi|Desserts|Beverages,3.9,2.0K+,40,0.7,True,False,65% OFF,UPTO ₹125,,1803,https://www.swiggy.com/city/bangalore/behrouz-biryani-tulasi-theater-marathahalli-rest249713
2026-09-19 21:12:19,Bengaluru,Marathahalli,12.9591,77.6974,285473,Kanti Sweets,Aswath Nagar,Marthahalli,₹100 for two,Sweets,4.6,9.1K+,26,1.1,True,True,,,,4700,https://www.swiggy.com/city/bangalore/kanti-sweets-aswath-nagar-marthahalli-rest285473
2026-09-19 21:12:19,Bengaluru,Marathahalli,12.9591,77.6974,313792,Brahmins Tiffin Centre,Silver Spring Layout,Marathahalli,₹200 for two,South Indian|Fast Food,4.4,16K+,44,2.8,True,True,,,,20078,https://www.swiggy.com/city/bangalore/brahmins-tiffin-centre-silver-spring-layout-marathahalli-rest313792
2026-09-19 21:12:19,Bengaluru,Malleshwaram,13.0035,77.5647,48225,Kanti Sweets,"1st  Stage, Gokul",Mathikere,₹150 for two,Sweets,4.7,3.2K+,35,3.8,True,True,,,,4700,https://www.swiggy.com/city/bangalore/kanti-sweets-1st-stage-gokul-mathikere-rest48225
2026-09-19 21:12:19,Bengaluru,Malleshwaram,13.0035,77.5647,369775,Andhra Gunpowder,Bimajyothinagar,Basaveshwara Nagar,₹350 for two,Andhra|Biryani|South Indian,4.3,8.0K+,46,3.8,True,False,ITEMS,AT ₹99,,10496,https://www.swiggy.com/city/bangalore/andhra-gunpowder-bimajyothinagar-basaveshwara-nagar-rest369775
2026-09-19 21:12:19,Bengaluru,Malleshwaram,13.0035,77.5647,9208,Baskin Robbins - Ice Cream Desserts,Milk colony,Malleshwaram,₹250 for two,Desserts,4.4,4.8K+,20,0.5,True,True,ITEMS,AT ₹15,,5588,https://www.swiggy.com/city/bangalore/baskin-robbins-ice-cream-desserts-milk-colony-malleshwaram-rest9208
2026-09-19 21:12:19,Bengaluru,Malleshwaram,13.0035,77.5647,12811,A2B - Adyar Ananda Bhavan,Sampige Road,Malleshwaram,₹300 for two,South Indian|Sweets|Chinese,4.4,41K+,33,1.4,True,True,50% OFF,UPTO ₹100,,22,https://www.swiggy.com/city/bangalore/a2b-adyar-ananda-bhavan-sampige-road-malleshwaram-rest12811
2026-09-19 21:12:19,Bengaluru,Malleshwaram,13.0035,77.5647,776939,The Belgian Waffle Co.,KODHANDARAMAPURAM,MALLESHWARM,₹200 for two,Waffle|Desserts|Ice Cream|Beverages,4.4,1.2K+,24,0.9,True,True,30% OFF,UPTO ₹60,,2233,https://www.swiggy.com/city/bangalore/the-belgian-waffle-co-kodhandaramapuram-malleshwarm-rest776939
2026-09-19 21:12:19,Bengaluru,Malleshwaram,13.0035,77.5647,5932,Burger King,Malleshwaram,Malleshwaram,₹350 for two,Burgers|American,4.2,33K+,33,1.8,True,False,ITEMS,AT ₹39,,166,https://www.swiggy.com/city/bangalore/burger-king-malleshwaram-rest5932
2026-09-19 21:12:19,Bengaluru,Malleshwaram,13.0035,77.5647,23797,Domino's Pizza,5Th Cross,Malleshwaram,₹400 for two,Pizzas|Italian|Pastas|Desserts,4.3,27K+,20,1.6,True,False,ITEMS,AT ₹39,,2456,https://www.swiggy.com/city/bangalore/dominos-pizza-5th-cross-malleshwaram-rest23797
2026-09-19 21:12:19,Bengaluru,Malleshwaram,13.0035,77.5647,6441,Polar Bear,Malleshwaram,Malleshwaram,₹300 for two,Ice Cream|Desserts,4.6,13K+,15,0.7,True,True,,,,726,https://www.swiggy.com/city/bangalore/polar-bear-malleshwaram-rest6441
2026-09-19 21:12:19,Bengaluru,Malleshwaram,13.0035,77.5647,35851,Sweet Truth - Cake and Desserts,14th Main Road,Subramanya Nagar,₹450 for two,Desserts|Ice Cream|Bakery|Beverages,4.4,1.4K+,36,2.7,True,False,ITEMS,AT ₹69,,4444,https://www.swiggy.com/city/bangalore/sweet-truth-cake-and-desserts-14th-main-road-subramanya-nagar-rest35851
2026-09-19 21:12:19,Bengaluru,Malleshwaram,13.0035,77.5647,643824,"WeFit - Protein Bowls, Salads & Sandwiches",LINGAIAH ROAD,SESHADRIPURAM,₹250 for two,Healthy Food|Salads|Keto|Snacks,4.5,925,25,2.5,True,False,ITEMS,AT ₹119,,355285,https://www.swiggy.com/city/bangalore/wefit-protein-bowls-salads-and-sandwiches-lingaiah-road-seshadripuram-rest643824
2026-09-19 21:12:19,Bengaluru,Malleshwaram,13.0035,77.5647,622194,MOJO Pizza - 2X Toppings,Race Course,Malleshwaram,₹250 for two,Pizzas|Italian|Fast Food|Desserts,4.2,772,25,2.5,True,False,ITEMS,AT ₹99,,11329,https://www.swiggy.com/city/bangalore/mojo-pizza-2x-toppings-race-course-malleshwaram-rest622194
2026-09-19 21:12:19,Bengaluru,Malleshwaram,13.0035,77.5647,487241,ZAZA Mughal Biryani,Jai Bheema Nagar,Seshadripuram,₹250 for two,Biryani|North Indian|Awadhi,4.3,1.0K+,25,2.5,True,False,70% OFF,UPTO ₹140,,22473,https://www.swiggy.com/city/bangalore/zaza-mughal-biryani-jai-bheema-nagar-seshadripuram-rest487241
2026-09-19 21:12:19,Bengaluru,Malleshwaram,13.0035,77.5647,487242,NH1 Bowls - Highway To North,Jai Bheema Nagar,Seshadripuram,₹250 for two,North Indian|Punjabi|Home Food,4.6,870,25,2.5,True,False,ITEMS,AT ₹119,,22452,https://www.swiggy.com/city/bangalore/nh1-bowls-highway-to-north-jai-bheema-nagar-seshadripuram-rest487242
2026-09-19 21:12:19,Bengaluru,Malleshwaram,13.0035,77.5647,681604,LeanCrust Pizza- ThinCrust Experts,Jai Bheema Nagar,Seshadripuram,₹300 for two,Pizzas|Italian|Desserts,4.2,385,25,2.5,True,False,ITEMS,AT ₹149,,11216,https://www.swiggy.com/city/bangalore/leancrust-pizza-thincrust-experts-jai-bheema-nagar-seshadripuram-rest681604
2026-09-19 21:12:19,Bengaluru,Malleshwaram,13.0035,77.5647,27809,Natural Ice Cream,Malleshwaram,Malleshwaram,₹150 for two,Ice Cream|Desserts,4.8,14K+,14,0.5,True,False,20% OFF,UPTO ₹50,,2093,https://www.swiggy.com/city/bangalore/natural-ice-cream-malleshwaram-rest27809
2026-09-19 21:12:19,Bengaluru,Malleshwaram,13.0035,77.5647,3436,Nandhini Deluxe,Sankey Road,Seshadripuram,₹500 for two,North Indian|Chinese|Andhra|Biryani,4.3,28K+,36,3,True,False,ITEMS,AT ₹99,,2451,https://www.swiggy.com/city/bangalore/nandhini-deluxe-sankey-road-seshadripuram-rest3436
2026-09-19 21:12:19,Bengaluru,Malleshwaram,13.0035,77.5647,62906,LunchBox - Meals and Thalis,14th Main Road,Subramanya Nagar,₹200 for two,Thalis|North Indian|Biryani|South Indian|Desserts|Beverages,4.3,7.8K+,35,2.7,True,False,ITEMS,AT ₹99,,4925,https://www.swiggy.com/city/bangalore/lunchbox-meals-and-thalis-14th-main-road-subramanya-nagar-rest62906
2026-09-19 21:12:19,Bengaluru,Malleshwaram,13.0035,77.5647,344701,Mad Over Donuts,Orion Mall,Rajajinagar,₹200 for two,Desserts|Sweets|Bakery,4.3,1.2K+,39,1.8,True,True,60% OFF,UPTO ₹120,,611,https://www.swiggy.com/city/bangalore/mad-over-donuts-orion-mall-rajajinagar-rest344701
2026-09-19 21:12:19,Bengaluru,Malleshwaram,13.0035,77.5647,750388,Daily Kitchen - Everyday Homely Meals,Jai Bheema Nagar,Race Course,₹250 for two,Home Food|Indian|North Indian|Thalis,4.5,588,25,2.5,True,False,ITEMS,AT ₹139,,444382,https://www.swiggy.com/city/bangalore/daily-kitchen-everyday-homely-meals-jai-bheema-nagar-race-course-rest750388
2026-09-19 21:12:19,Bengaluru,Malleshwaram,13.0035,77.5647,49838,Ibaco,MANTRI SQUARE MALL 3RD FLOOR,MANTRI SQUARE MALL 3RD FLOOR,₹800 for two,Desserts,4.5,518,36,2,True,True,₹550 OFF,ABOVE ₹2499,FLAT DEAL,3481,https://www.swiggy.com/city/bangalore/ibaco-mantri-square-mall-3rd-floor-rest49838
2026-09-19 21:12:19,Bengaluru,Malleshwaram,13.0035,77.5647,5218,Corner House Ice Cream,Seshadripuram,Seshadripuram,₹250 for two,Ice Cream|Desserts,4.7,54K+,35,2.8,True,True,,,,65254,https://www.swiggy.com/city/bangalore/corner-house-ice-cream-seshadripuram-rest5218
2026-09-19 21:12:19,Bengaluru,Malleshwaram,13.0035,77.5647,689528,Shyamji's Chole Bhature,Malleshwaram,Malleshwaram,₹300 for two,Street Food|Chaat,4.2,2.1K+,24,1.1,True,True,₹75 OFF,ABOVE ₹399,FLAT DEAL,255424,https://www.swiggy.com/city/bangalore/shyamjis-chole-bhature-malleshwaram-rest689528
2026-09-19 21:12:19,Bengaluru,Malleshwaram,13.0035,77.5647,92283,McDonald's,Orion Mall,Malleshwaram,₹400 for two,Burgers|Beverages|Cafe|Desserts,4.3,8.7K+,40,1.8,True,False,ITEMS,AT ₹64,,630,https://www.swiggy.com/city/bangalore/mcdonalds-orion-mall-malleshwaram-rest92283
2026-09-19 21:12:19,Bengaluru,Malleshwaram,13.0035,77.5647,1420747,Kanti Sweets,Malleshwaram,Malleshwaram,₹300 for two,Sweets|Snacks|Desserts,4.6,5,25,1.9,True,True,₹550 OFF,ABOVE ₹2499,FLAT DEAL,4700,https://www.swiggy.com/city/bangalore/kanti-sweets-malleshwaram-rest1420747
2026-09-19 21:12:19,Bengaluru,Malleshwaram,13.0035,77.5647,15174,Behrouz Biryani,Rajajinagar,Rajajinagar,₹500 for two,Biryani|North Indian|Kebabs|Mughlai|Lucknowi|Hyderabadi|Desserts|Beverages,4.2,8.4K+,39,2.7,True,False,65% OFF,UPTO ₹125,,1803,https://www.swiggy.com/city/bangalore/behrouz-biryani-rajajinagar-rest15174
2026-09-19 21:12:19,Bengaluru,Malleshwaram,13.0035,77.5647,288893,Meghana Foods,Dr. Rajkumar Road,Rajajinagar,₹500 for two,Biryani|Andhra|South Indian|Chinese|Seafood,4.5,70K+,34,2.6,True,False,,,,635,https://www.swiggy.com/city/bangalore/meghana-foods-dr-rajkumar-road-rajajinagar-rest288893
2026-09-19 21:12:19,Bengaluru,Malleshwaram,13.0035,77.5647,976547,Sadda Punjabi Dhaba,Nagapura,Rajajinagar,₹600 for two,Chinese|Tandoor,4,432,46,3.5,True,False,,,,174199,https://www.swiggy.com/city/bangalore/sadda-punjabi-dhaba-nagapura-rajajinagar-rest976547
2026-09-19 21:12:19,Bengaluru,Malleshwaram,13.0035,77.5647,690552,Narmada Chain of Restaurant,Rajajinagar,Rajajinagar,₹500 for two,Andhra|Biryani|South Indian,4.3,8.0K+,41,3.5,True,False,,,,411277,https://www.swiggy.com/city/bangalore/narmada-chain-of-restaurant-rajajinagar-rest690552
2026-09-19 21:12:19,Bengaluru,Electronic City,12.8452,77.6602,382780,Andhra Gunpowder,Valankni Road,Electronic City,₹350 for two,Andhra|Biryani|South Indian,4.4,6.7K+,37,1.6,True,False,ITEMS,AT ₹99,,10496,https://www.swiggy.com/city/bangalore/andhra-gunpowder-valankni-road-electronic-city-rest382780
2026-09-19 21:12:19,Bengaluru,Electronic City,12.8452,77.6602,12479,Pizza Hut,3rd Cross road,Electronic City,₹350 for two,Pizzas,4.3,22K+,35,1.2,True,False,70% OFF,UPTO ₹140,,721,https://www.swiggy.com/city/bangalore/pizza-hut-3rd-cross-road-electronic-city-rest12479
2026-09-19 21:12:19,Bengaluru,Electronic City,12.8452,77.6602,17311,KFC,1st Phase,Electronic City,₹400 for two,Burgers|Fast Food|Rolls & Wraps,4.2,36K+,25,0.7,True,False,50% OFF,,FLAT DEAL,547,https://www.swiggy.com/city/bangalore/kfc-1st-phase-electronic-city-rest17311
2026-09-19 21:12:19,Bengaluru,Electronic City,12.8452,77.6602,239857,Domino's Pizza,Thoguru,Begur Hobli,₹400 for two,Pizzas|Italian|Pastas|Desserts,4.4,6.9K+,20,1.4,True,False,ITEMS,AT ₹59,,2456,https://www.swiggy.com/city/bangalore/dominos-pizza-thoguru-begur-hobli-rest239857
2026-09-19 21:12:19,Bengaluru,Electronic City,12.8452,77.6602,660690,Theobroma,Electronic City,Electronic City,₹400 for two,Desserts,4.4,5.3K+,32,1.6,True,False,ITEMS,AT ₹37,,1040,https://www.swiggy.com/city/bangalore/theobroma-electronic-city-rest660690
2026-09-19 21:12:19,Bengaluru,Electronic City,12.8452,77.6602,12241,Thalassery Restaurant,Venlankani Doddathogur Village,Electronic City,₹300 for two,Kerala|Biryani| South Indian| Arabian|Chinese.|Beverages|Fast Food|Snacks|Desserts,4.3,56K+,33,1.3,True,False,ITEMS,AT ₹98,,14391,https://www.swiggy.com/city/bangalore/thalassery-restaurant-venlankani-doddathogur-village-electronic-city-rest12241
2026-09-19 21:12:19,Bengaluru,Electronic City,12.8452,77.6602,264148,Chaayos Chai+Snacks=Relax,Electronic City,Electronic City,₹250 for two,Beverages|Chaat|Bakery|Snacks|Street Food|healthy|Home Food|Maharashtrian|Italian|Desserts,4.4,4.5K+,32,1.5,True,False,51% OFF,,FLAT DEAL,281782,https://www.swiggy.com/city/bangalore/chaayos-chai-snacks-relax-electronic-city-rest264148
2026-09-19 21:12:19,Bengaluru,Electronic City,12.8452,77.6602,53996,"Frozen Bottle - Milkshakes, Desserts And Ice Cream",1st Phase,Electronic City,₹250 for two,Beverages|Ice Cream|Desserts,4.1,14K+,32,1.6,True,True,20% OFF,ABOVE ₹2000,FLAT DEAL,5655,https://www.swiggy.com/city/bangalore/frozen-bottle-milkshakes-desserts-and-ice-cream-1st-phase-electronic-city-rest53996
2026-09-19 21:12:19,Bengaluru,Electronic City,12.8452,77.6602,156420,The Good Bowl,Huskur Gate,Electronic City Phase 1,₹400 for two,Biryani|Pastas|Punjabi|Desserts|Beverages,4.3,2.2K+,35,2.6,True,False,ITEMS,AT ₹99,,7918,https://www.swiggy.com/city/bangalore/the-good-bowl-huskur-gate-electronic-city-phase-1-rest156420
2026-09-19 21:12:19,Bengaluru,Electronic City,12.8452,77.6602,186086,The Biryani Life,Huskur Gate,Electronic City Phase 1,₹250 for two,Biryani|Mughlai|Lucknowi|Hyderabadi|Kebabs|Desserts|Beverages,3.9,2.3K+,36,2.6,True,False,70% OFF,UPTO ₹140,,8496,https://www.swiggy.com/city/bangalore/the-biryani-life-huskur-gate-electronic-city-phase-1-rest186086
2026-09-19 21:12:19,Bengaluru,Electronic City,12.8452,77.6602,35862,Sweet Truth - Cake and Desserts,Huskur Gate,Electronic City Phase 1,₹450 for two,Desserts|Ice Cream|Bakery|Beverages,4.3,2.3K+,34,2.6,True,False,70% OFF,UPTO ₹140,,4444,https://www.swiggy.com/city/bangalore/sweet-truth-cake-and-desserts-huskur-gate-electronic-city-phase-1-rest35862
2026-09-19 21:12:19,Bengaluru,Electronic City,12.8452,77.6602,816059,Salad Days,Electronic City,Electronic city,₹500 for two,Salads|healthy|food|Snacks,4.5,2.7K+,27,1.4,True,False,ITEMS,AT ₹129,,796,https://www.swiggy.com/city/bangalore/salad-days-electronic-city-rest816059
2026-09-19 21:12:19,Bengaluru,Electronic City,12.8452,77.6602,390997,ZAZA Mughal Biryani,Doddathogur,Electronic City,₹250 for two,Biryani|North Indian|Awadhi,4.5,1.8K+,25,2.4,True,False,70% OFF,UPTO ₹140,,22473,https://www.swiggy.com/city/bangalore/zaza-mughal-biryani-doddathogur-electronic-city-rest390997
2026-09-19 21:12:19,Bengaluru,Electronic City,12.8452,77.6602,681430,LeanCrust Pizza- ThinCrust Experts,Doddathogur,Electronic City,₹300 for two,Pizzas|Italian|Desserts,4.6,1.1K+,25,2.4,True,False,70% OFF,UPTO ₹140,,11216,https://www.swiggy.com/city/bangalore/leancrust-pizza-thincrust-experts-doddathogur-electronic-city-rest681430
2026-09-19 21:12:19,Bengaluru,Electronic City,12.8452,77.6602,643656,"WeFit - Protein Bowls, Salads & Sandwiches",Doddathogur,Electronic City Phase 1,₹250 for two,Healthy Food|Salads|Keto|Snacks,4.7,1.1K+,25,2.4,True,False,ITEMS,AT ₹119,,355285,https://www.swiggy.com/city/bangalore/wefit-protein-bowls-salads-and-sandwiches-doddathogur-electronic-city-phase-1-rest643656
2026-09-19 21:12:19,Bengaluru,Electronic City,12.8452,77.6602,622021,MOJO Pizza - 2X Toppings,1st Phase,Electronic City,₹250 for two,Pizzas|Italian|Fast Food|Desserts,4.6,2.0K+,25,2.4,True,False,ITEMS,AT ₹99,,11329,https://www.swiggy.com/city/bangalore/mojo-pizza-2x-toppings-1st-phase-electronic-city-rest622021
2026-09-19 21:12:19,Bengaluru,Electronic City,12.8452,77.6602,390049,NH1 Bowls - Highway To North,Doddathogur,Electronic City,₹250 for two,North Indian|Punjabi|Home Food,4.7,1.5K+,25,2.4,True,False,ITEMS,AT ₹119,,22452,https://www.swiggy.com/city/bangalore/nh1-bowls-highway-to-north-doddathogur-electronic-city-rest390049
2026-09-19 21:12:19,Bengaluru,Electronic City,12.8452,77.6602,570510,Bakingo,Hulimangala Village,Anekal,₹299 for two,Bakery|Desserts|Beverages|Snacks,4.5,5.8K+,37,2.1,True,False,ITEMS,AT ₹69,,3818,https://www.swiggy.com/city/bangalore/bakingo-hulimangala-village-anekal-rest570510
2026-09-19 21:12:19,Bengaluru,Electronic City,12.8452,77.6602,244007,Wow! Momo,Neeladri Road,Electronic City-1,₹300 for two,Momos|Chinese|fastfood|Asian|Beverages,4.1,4.6K+,38,1.8,True,False,ITEMS,AT ₹49,,1776,https://www.swiggy.com/city/bangalore/wow-momo-neeladri-road-electronic-city-1-rest244007
2026-09-19 21:12:19,Bengaluru,Electronic City,12.8452,77.6602,744072,Boba Bhai - Bubble Tea & Korean Street Food,"2nd Cross, Phase 1",Electronic City,₹200 for two,Bubble Tea|Burger|Korean|Beverages|Fast Food|Juice and shake,4,1.4K+,35,0.7,True,False,ITEMS,AT ₹49,,361235,https://www.swiggy.com/city/bangalore/boba-bhai-bubble-tea-and-korean-street-food-2nd-cross-phase-1-electronic-city-rest744072
2026-09-19 21:12:19,Bengaluru,Electronic City,12.8452,77.6602,917327,McDonald's,Electronic City Phase 1,Velankani,₹400 for two,Burgers|Beverages|Cafe|Desserts,4.3,2.5K+,32,1.6,True,False,ITEMS,AT ₹64,,630,https://www.swiggy.com/city/bangalore/mcdonalds-electronic-city-phase-1-velankani-rest917327
2026-09-19 21:12:19,Bengaluru,Electronic City,12.8452,77.6602,660016,Eatillam,Electronic City,Electronic City,₹300 for two,Indian,4.3,2.8K+,43,1.9,True,False,,,,396375,https://www.swiggy.com/city/bangalore/eatillam-electronic-city-rest660016
2026-09-19 21:12:19,Bengaluru,Electronic City,12.8452,77.6602,760621,Namo Andhra,Dodda thoguru,Electronic City,₹350 for two,Andhra|Biryani|South Indian,4.2,397,37,1.6,True,True,₹100 OFF,ABOVE ₹449,FLAT DEAL,507121,https://www.swiggy.com/city/bangalore/namo-andhra-dodda-thoguru-electronic-city-rest760621
2026-09-19 21:12:19,Bengaluru,Electronic City,12.8452,77.6602,409538,Madras Meal Company,Valankni road,Electronic City,₹250 for two,Chettinad|South Indian,4.5,889,38,1.6,True,False,ITEMS,AT ₹99,,128893,https://www.swiggy.com/city/bangalore/madras-meal-company-valankni-road-electronic-city-rest409538
2026-09-19 21:12:19,Bengaluru,Electronic City,12.8452,77.6602,382380,Biryani Trip - Destination Hyderabad,Doddathoguru,Electronic City,₹400 for two,Biryani|Hyderabadi|Indian,4.3,601,39,1.6,True,False,ITEMS,AT ₹109,,441462,https://www.swiggy.com/city/bangalore/biryani-trip-destination-hyderabad-doddathoguru-electronic-city-rest382380
2026-09-19 21:12:19,Bengaluru,Hebbal,13.0358,77.597,560792,McDonald's,Ganganagar,RT Nagar,₹400 for two,Burgers|Beverages|Cafe|Desserts,4.1,8.5K+,34,1.6,True,False,ITEMS,AT ₹64,,630,https://www.swiggy.com/city/bangalore/mcdonalds-ganganagar-rt-nagar-rest560792
2026-09-19 21:12:19,Bengaluru,Hebbal,13.0358,77.597,385539,Andhra Gunpowder,Manorampalya,RT Nagar,₹350 for two,Andhra|Biryani|South Indian,4.5,6.9K+,30,1.8,True,False,ITEMS,AT ₹99,,10496,https://www.swiggy.com/city/bangalore/andhra-gunpowder-manorampalya-rt-nagar-rest385539
2026-09-19 21:12:19,Bengaluru,Hebbal,13.0358,77.597,111834,Bakingo,P&T Colony,Ganganagar,₹300 for two,Bakery|Desserts|Beverages|Snacks,4.5,11K+,30,2,True,False,ITEMS,AT ₹69,,3818,https://www.swiggy.com/city/bangalore/bakingo-p-and-t-colony-ganganagar-rest111834
2026-09-19 21:12:19,Bengaluru,Hebbal,13.0358,77.597,14555,Pizza Hut,RT Nagar,RT Nagar,₹350 for two,Pizzas,4,22K+,33,1.4,True,False,70% OFF,UPTO ₹140,,721,https://www.swiggy.com/city/bangalore/pizza-hut-rt-nagar-rest14555
2026-09-19 21:12:19,Bengaluru,Hebbal,13.0358,77.597,23843,Domino's Pizza,RT Nagar,RT Nagar,₹400 for two,Pizzas|Italian|Pastas|Desserts,4.4,29K+,20,1.9,True,False,ITEMS,AT ₹59,,2456,https://www.swiggy.com/city/bangalore/dominos-pizza-rt-nagar-rest23843
2026-09-19 21:12:19,Bengaluru,Hebbal,13.0358,77.597,17304,KFC,Ganganagar,R T Nagar,₹400 for two,Burgers|Fast Food|Rolls & Wraps,4,24K+,31,2.1,True,False,50% OFF,,FLAT DEAL,547,https://www.swiggy.com/city/bangalore/kfc-ganganagar-r-t-nagar-rest17304
2026-09-19 21:12:19,Bengaluru,Hebbal,13.0358,77.597,657861,The Belgian Waffle Co.,80 Feet Rd,RT Nagar,₹200 for two,Waffle|Desserts|Ice Cream|Beverages,4.6,2.2K+,30,1.6,True,True,30% OFF,UPTO ₹60,,2233,https://www.swiggy.com/city/bangalore/the-belgian-waffle-co-80-feet-rd-rt-nagar-rest657861
2026-09-19 21:12:19,Bengaluru,Hebbal,13.0358,77.597,156150,The Good Bowl,HMT Layout,Rt Nagar,₹400 for two,Biryani|North Indian|Pastas|Punjabi|Desserts|Beverages,4.5,1.2K+,31,1.4,True,False,ITEMS,AT ₹99,,7918,https://www.swiggy.com/city/bangalore/the-good-bowl-hmt-layout-rt-nagar-rest156150
2026-09-19 21:12:19,Bengaluru,Hebbal,13.0358,77.597,6758,Beijing Bites,RT Nagar,RT Nagar,₹450 for two,Chinese|Thai,4.4,20K+,27,1.3,True,False,70% OFF,UPTO ₹140,,103,https://www.swiggy.com/city/bangalore/beijing-bites-rt-nagar-rest6758
2026-09-19 21:12:19,Bengaluru,Hebbal,13.0358,77.597,186105,The Biryani Life,80 ft Road,RT Nagar,₹250 for two,Biryani|Mughlai|Lucknowi|Hyderabadi|Kebabs|Desserts|Beverages,3.9,2.0K+,31,1.4,True,False,70% OFF,UPTO ₹140,,8496,https://www.swiggy.com/city/bangalore/the-biryani-life-80-ft-road-rt-nagar-rest186105
2026-09-19 21:12:19,Bengaluru,Hebbal,13.0358,77.597,87164,Sweet Truth - Cake and Desserts,80 ft Road,RT Nagar,₹450 for two,Desserts|Ice Cream|Bakery|Beverages,4.2,1.1K+,28,1.4,True,False,70% OFF,UPTO ₹140,,4444,https://www.swiggy.com/city/bangalore/sweet-truth-cake-and-desserts-80-ft-road-rt-nagar-rest87164
2026-09-19 21:12:19,Bengaluru,Hebbal,13.0358,77.597,333153,Baskin Robbins - Ice Cream Desserts,Dinnur Main Road,R T Nagar,₹250 for two,Desserts|Ice Cream,4.5,920,33,2.6,True,True,ITEMS,AT ₹15,,5588,https://www.swiggy.com/city/bangalore/baskin-robbins-ice-cream-desserts-dinnur-main-road-r-t-nagar-rest333153
2026-09-19 21:12:19,Bengaluru,Hebbal,13.0358,77.597,17589,Polar Bear,Deve Gowda Nagar,R.T. Nagar,₹300 for two,Ice Cream|Desserts,4.7,11K+,25,2.2,True,True,,,,726,https://www.swiggy.com/city/bangalore/polar-bear-deve-gowda-nagar-r-t-nagar-rest17589
2026-09-19 21:12:19,Bengaluru,Hebbal,13.0358,77.597,721822,Cheesecake & co.,rt nagar,Koramangala,₹500 for two,Bakery|Desserts,4.6,1.6K+,27,1,True,True,₹100 OFF,ABOVE ₹199,FLAT DEAL,387417,https://www.swiggy.com/city/bangalore/cheesecake-and-co-rt-nagar-koramangala-rest721822
2026-09-19 21:12:19,Bengaluru,Hebbal,13.0358,77.597,622155,MOJO Pizza - 2X Toppings,Serviceman Colony,RT Nagar,₹250 for two,Pizzas|Italian|Fast Food|Desserts,4.3,2.0K+,25,2.4,True,False,ITEMS,AT ₹99,,11329,https://www.swiggy.com/city/bangalore/mojo-pizza-2x-toppings-serviceman-colony-rt-nagar-rest622155
2026-09-19 21:12:19,Bengaluru,Hebbal,13.0358,77.597,643787,"WeFit - Protein Bowls, Salads & Sandwiches",R T Nagar,Hebbala,₹250 for two,Healthy Food|Salads|Keto|Snacks,4.5,714,25,2.4,True,False,ITEMS,AT ₹119,,355285,https://www.swiggy.com/city/bangalore/wefit-protein-bowls-salads-and-sandwiches-r-t-nagar-hebbala-rest643787
2026-09-19 21:12:19,Bengaluru,Hebbal,13.0358,77.597,409511,ZAZA Mughal Biryani,Ex Serviceman Colony,RT Nagar,₹250 for two,Biryani|North Indian|Awadhi,4.1,1.0K+,25,2.4,True,False,70% OFF,UPTO ₹140,,22473,https://www.swiggy.com/city/bangalore/zaza-mughal-biryani-ex-serviceman-colony-rt-nagar-rest409511
2026-09-19 21:12:19,Bengaluru,Hebbal,13.0358,77.597,681565,LeanCrust Pizza- ThinCrust Experts,Ex Servicemen Colony,RT Nagar,₹300 for two,Pizzas|Italian|Desserts,4.3,726,25,2.4,True,False,70% OFF,UPTO ₹140,,11216,https://www.swiggy.com/city/bangalore/leancrust-pizza-thincrust-experts-ex-servicemen-colony-rt-nagar-rest681565
2026-09-19 21:12:19,Bengaluru,Hebbal,13.0358,77.597,48213,Kanti Sweets,RT Nagar,RT Nagar,₹150 for two,Sweets,4.6,2.7K+,24,1.7,True,False,,,,4700,https://www.swiggy.com/city/bangalore/kanti-sweets-rt-nagar-rest48213
2026-09-19 21:12:19,Bengaluru,Hebbal,13.0358,77.597,87155,Behrouz Biryani,80 ft Road,RT Nagar,₹500 for two,Biryani|North Indian|Kebabs|Mughlai|Lucknowi|Hyderabadi|Desserts|Beverages,4.3,4.5K+,33,1.4,True,False,65% OFF,UPTO ₹125,,1803,https://www.swiggy.com/city/bangalore/behrouz-biryani-80-ft-road-rt-nagar-rest87155
2026-09-19 21:12:19,Bengaluru,Hebbal,13.0358,77.597,762378,Namo Andhra,Manorampalya,RT Nagar,₹350 for two,Andhra|Biryani|South Indian,4.6,606,30,1.8,True,True,₹100 OFF,ABOVE ₹449,FLAT DEAL,507121,https://www.swiggy.com/city/bangalore/namo-andhra-manorampalya-rt-nagar-rest762378
2026-09-19 21:12:19,Bengaluru,Hebbal,13.0358,77.597,409547,Madras Meal Company,Manorampalya,RT Nagar,₹250 for two,South Indian|Chettinad,4.6,749,33,1.8,True,False,ITEMS,AT ₹99,,128893,https://www.swiggy.com/city/bangalore/madras-meal-company-manorampalya-rt-nagar-rest409547
2026-09-19 21:12:19,Bengaluru,Hebbal,13.0358,77.597,167640,Easybites By Empire,Krishnappa Block,RT Nagar,₹200 for two,Burgers|sandwich|Fast Food|Beverages|Rolls & Wraps,4.3,8.1K+,43,2.4,True,False,,,,443171,https://www.swiggy.com/city/bangalore/easybites-by-empire-krishnappa-block-rt-nagar-rest167640
2026-09-19 21:12:19,Bengaluru,Hebbal,13.0358,77.597,238473,Pot Biryani,Nagawara,Nagawara,₹300 for two,North Indian|Biryani|Andhra|Hyderabadi,3.9,4.7K+,39,3,True,False,ITEMS,AT ₹19,,729,https://www.swiggy.com/city/bangalore/pot-biryani-nagawara-rest238473
2026-09-19 21:12:19,Bengaluru,BTM Layout,12.9166,77.6101,23683,McDonald's,2nd Stage,Btm Layout,₹400 for two,Burgers|Beverages|Cafe|Desserts,4.3,61K+,24,0.8,True,False,ITEMS,AT ₹64,,630,https://www.swiggy.com/city/bangalore/mcdonalds-2nd-stage-btm-layout-rest23683
2026-09-19 21:12:19,Bengaluru,BTM Layout,12.9166,77.6101,255038,Andhra Gunpowder,NS Palya,Btm Layout,₹350 for two,Andhra|Biryani|South Indian,4.4,12K+,33,1.8,True,False,ITEMS,AT ₹99,,10496,https://www.swiggy.com/city/bangalore/andhra-gunpowder-ns-palya-btm-layout-rest255038
2026-09-19 21:12:19,Bengaluru,BTM Layout,12.9166,77.6101,590119,Bakingo,1st  Stage,BTM Layout,₹299 for two,Bakery|Desserts|Beverages|Snacks,4.6,12K+,20,0.6,True,False,ITEMS,AT ₹69,,3818,https://www.swiggy.com/city/bangalore/bakingo-1st-stage-btm-layout-rest590119
2026-09-19 21:12:19,Bengaluru,BTM Layout,12.9166,77.6101,10894,Pizza Hut,RASHTRAKAVI KUVEMPU NAGAR,BTM Layout,₹350 for two,Pizzas,4.3,15K+,33,1.1,True,False,50% OFF,,FLAT DEAL,721,https://www.swiggy.com/city/bangalore/pizza-hut-rashtrakavi-kuvempu-nagar-btm-layout-rest10894
2026-09-19 21:12:19,Bengaluru,BTM Layout,12.9166,77.6101,334475,KFC,2nd Stage,BTM Layout,₹400 for two,Burgers|Fast Food|Rolls & Wraps,4.1,14K+,25,0.6,True,False,50% OFF,,FLAT DEAL,547,https://www.swiggy.com/city/bangalore/kfc-2nd-stage-btm-layout-rest334475
2026-09-19 21:12:19,Bengaluru,BTM Layout,12.9166,77.6101,239855,Domino's Pizza,Bannerghatta Road,JP Nagar,₹400 for two,Pizzas|Italian|Pastas|Desserts,4.6,5.5K+,20,1.8,True,False,ITEMS,AT ₹39,,2456,https://www.swiggy.com/city/bangalore/dominos-pizza-bannerghatta-road-jp-nagar-rest239855
2026-09-19 21:12:19,Bengaluru,BTM Layout,12.9166,77.6101,390993,ZAZA Mughal Biryani,2nd stage,Btm Layout,₹250 for two,Biryani|North Indian|Awadhi,4.4,1.3K+,15,0.9,True,False,70% OFF,UPTO ₹140,,22473,https://www.swiggy.com/city/bangalore/zaza-mughal-biryani-2nd-stage-btm-layout-rest390993
2026-09-19 21:12:19,Bengaluru,BTM Layout,12.9166,77.6101,29783,CakeZone Patisserie,BTM Layout,BTM Layout 2nd Stage,₹200 for two,Bakery|Desserts|Sweets|Ice Cream,4.3,50K+,31,1.1,True,False,70% OFF,UPTO ₹140,,7003,https://www.swiggy.com/city/bangalore/cakezone-patisserie-btm-layout-btm-layout-2nd-stage-rest29783
2026-09-19 21:12:19,Bengaluru,BTM Layout,12.9166,77.6101,186080,The Biryani Life,NGK Complex,BTM 1st Stage,₹250 for two,Biryani|Mughlai|Lucknowi|Hyderabadi|Kebabs|Desserts|Beverages,3.9,2.2K+,27,0.6,True,False,70% OFF,UPTO ₹140,,8496,https://www.swiggy.com/city/bangalore/the-biryani-life-ngk-complex-btm-1st-stage-rest186080
2026-09-19 21:12:19,Bengaluru,BTM Layout,12.9166,77.6101,728149,Wow! China,"BTM Layout , B.B.M.P South",BTM Layout,₹300 for two,Chinese|Asian|fastfood|Beverages|Snacks,3.7,1.2K+,33,1.1,True,False,70% OFF,UPTO ₹140,,226836,https://www.swiggy.com/city/bangalore/wow-china-b-b-m-p-south-btm-layout-rest728149
2026-09-19 21:12:19,Bengaluru,BTM Layout,12.9166,77.6101,681426,LeanCrust Pizza- ThinCrust Experts,2nd stage,Btm Layout,₹300 for two,Pizzas|Italian|Desserts,4.5,802,25,0.9,True,False,ITEMS,AT ₹149,,11216,https://www.swiggy.com/city/bangalore/leancrust-pizza-thincrust-experts-2nd-stage-btm-layout-rest681426
2026-09-19 21:12:19,Bengaluru,BTM Layout,12.9166,77.6101,622017,MOJO Pizza - 2X Toppings,BTM Layout,Btm 2nd Stage,₹250 for two,Pizzas|Italian|Fast Food|Desserts,4.6,1.4K+,25,0.9,True,False,ITEMS,AT ₹99,,11329,https://www.swiggy.com/city/bangalore/mojo-pizza-2x-toppings-btm-layout-btm-2nd-stage-rest622017
2026-09-19 21:12:19,Bengaluru,BTM Layout,12.9166,77.6101,390045,NH1 Bowls - Highway To North,2nd stage,Btm Layout,₹250 for two,North Indian|Punjabi|Home Food,4.7,1.5K+,15,0.9,True,False,ITEMS,AT ₹119,,22452,https://www.swiggy.com/city/bangalore/nh1-bowls-highway-to-north-2nd-stage-btm-layout-rest390045
2026-09-19 21:12:19,Bengaluru,BTM Layout,12.9166,77.6101,155398,The Good Bowl,NGK Complex,BTM 1st Stage,₹400 for two,Biryani|Pastas|Punjabi|Desserts|Beverages,4.2,3.2K+,26,0.6,True,False,ITEMS,AT ₹99,,7918,https://www.swiggy.com/city/bangalore/the-good-bowl-ngk-complex-btm-1st-stage-rest155398
2026-09-19 21:12:19,Bengaluru,BTM Layout,12.9166,77.6101,35856,Sweet Truth - Cake and Desserts,NGK Complex,BTM 1st Stage,₹450 for two,Desserts|Ice Cream|Bakery|Beverages,4,1.7K+,25,0.6,True,False,ITEMS,AT ₹69,,4444,https://www.swiggy.com/city/bangalore/sweet-truth-cake-and-desserts-ngk-complex-btm-1st-stage-rest35856
2026-09-19 21:12:19,Bengaluru,BTM Layout,12.9166,77.6101,333,Beijing Bites,BTM Layout,BTM Layout,₹450 for two,Chinese|Thai,4.3,32K+,30,0.7,True,False,70% OFF,UPTO ₹140,,103,https://www.swiggy.com/city/bangalore/beijing-bites-btm-layout-rest333
2026-09-19 21:12:19,Bengaluru,BTM Layout,12.9166,77.6101,643652,"WeFit - Protein Bowls, Salads & Sandwiches",16TH MAIN,BTM,₹250 for two,Healthy Food|Salads|Keto|Snacks,4.8,1.0K+,25,0.9,True,False,ITEMS,AT ₹119,,355285,https://www.swiggy.com/city/bangalore/wefit-protein-bowls-salads-and-sandwiches-16th-main-btm-rest643652
2026-09-19 21:12:19,Bengaluru,BTM Layout,12.9166,77.6101,294086,Baskin Robbins - Ice Cream Desserts,Dollars Colony,Btm Layout,₹250 for two,Desserts|Ice Cream,4.7,1.4K+,46,2.8,True,True,ITEMS,AT ₹15,,5588,https://www.swiggy.com/city/bangalore/baskin-robbins-ice-cream-desserts-dollars-colony-btm-layout-rest294086
2026-09-19 21:12:19,Bengaluru,BTM Layout,12.9166,77.6101,11215,Taco Bell,Gopalan Innovation Mall,Jayanagar,₹300 for two,Mexican|Fast Food|Snacks,4.2,35K+,31,1.8,True,False,65% OFF,UPTO ₹125,,1557,https://www.swiggy.com/city/bangalore/taco-bell-gopalan-innovation-mall-jayanagar-rest11215
2026-09-19 21:12:19,Bengaluru,BTM Layout,12.9166,77.6101,668624,Popeyes,2nd Stage,BTM Layout,₹350 for two,Burgers|American|Roll,4.4,6.6K+,30,6.1,True,False,50% OFF,,FLAT DEAL,397044,https://www.swiggy.com/city/bangalore/popeyes-2nd-stage-btm-layout-rest668624
2026-09-19 21:12:19,Bengaluru,BTM Layout,12.9166,77.6101,313780,Hari Super Sandwich,BTM Layout,BTM Layout,₹100 for two,Street Food,4.1,3.6K+,36,1.8,True,False,,,,454,https://www.swiggy.com/city/bangalore/hari-super-sandwich-btm-layout-rest313780
2026-09-19 21:12:19,Bengaluru,BTM Layout,12.9166,77.6101,873313,The Bihari Kitchen,B.B.M.P South,BTM 2nd Stage,₹400 for two,Bihari|Snacks|Home Food,4.2,3.0K+,33,0.7,True,False,ITEMS,AT ₹149,,492522,https://www.swiggy.com/city/bangalore/the-bihari-kitchen-b-b-m-p-south-btm-2nd-stage-rest873313
2026-09-19 21:12:19,Bengaluru,BTM Layout,12.9166,77.6101,16197,Kullad Cafe,BTM Layout,BTM Layout,₹150 for two,North Indian|Snacks|Breakfast|Street Food|Beverages,4.3,40K+,34,0.8,True,True,ITEMS,AT ₹49,,21550,https://www.swiggy.com/city/bangalore/kullad-cafe-btm-layout-rest16197
2026-09-19 21:12:19,Bengaluru,BTM Layout,12.9166,77.6101,37744,Punjabi Swag,BTM Layout,BTM Layout,₹400 for two,North Indian|Punjabi|Fast Food|Tandoor|Biryani|Chinese|Mughlai|Desserts,4.1,19K+,28,0.7,True,False,FREE ITEM,,,13496,https://www.swiggy.com/city/bangalore/punjabi-swag-btm-layout-rest37744
2026-09-19 21:12:19,Bengaluru,BTM Layout,12.9166,77.6101,36451,Ambara Gardenia,Bannerghatta Road,BTM Layout,₹300 for two,Andhra|Coastal|Indian|Chinese|Tandoor|Biryani|Chettinad|Mangalorean|Seafood|Thalis,4,13K+,36,3,True,False,ITEMS,AT ₹149,,21560,https://www.swiggy.com/city/bangalore/ambara-gardenia-bannerghatta-road-btm-layout-rest36451
2026-09-19 21:12:19,Bengaluru,BTM Layout,12.9166,77.6101,728444,Narmada Chain of Restaurant,2nd stage,BTM Bangalore,₹300 for two,Biryani|Andhra|South Indian,4.3,6.4K+,36,2.1,True,False,,,,410569,https://www.swiggy.com/city/bangalore/narmada-chain-of-restaurant-2nd-stage-btm-bangalore-rest728444
2026-09-19 21:12:19,Hyderabad,Gachibowli,17.4401,78.3489,73350,Agra Sweets Banjara,Gachibowli,Gachibowli,₹250 for two,Sweets|Desserts|Chaat|Snacks|Beverages,4.2,21K+,28,1.2,True,True,45% OFF,UPTO ₹90,,34,https://www.swiggy.com/city/hyderabad/agra-sweets-banjara-gachibowli-rest73350
2026-09-19 21:12:19,Hyderabad,Gachibowli,17.4401,78.3489,15855,KS Bakers,Gachibowli,Gachibowli,₹250 for two,Bakery|Pizzas|Desserts|Snacks|Fast Food,4.3,74K+,30,1.5,True,False,₹150 OFF,ABOVE ₹449,FLAT DEAL,574,https://www.swiggy.com/city/hyderabad/ks-bakers-gachibowli-rest15855
2026-09-19 21:12:19,Hyderabad,Gachibowli,17.4401,78.3489,33040,Shah Ghouse Hotel & Restaurant,Gachibowli,Gachibowli,₹350 for two,Biryani|Chinese|Mughlai|Tandoor,4.2,235K+,33,3.9,True,False,₹50 OFF,ABOVE ₹249,FLAT DEAL,19271,https://www.swiggy.com/city/hyderabad/shah-ghouse-hotel-and-restaurant-gachibowli-rest33040
2026-09-19 21:12:19,Hyderabad,Gachibowli,17.4401,78.3489,565288,Wendy's Burgers,Serilingampally,Gachibowli,₹200 for two,Burgers|Fast Food|wrap,4.3,5.1K+,28,1.8,True,False,ITEMS,AT ₹59,,972,https://www.swiggy.com/city/hyderabad/wendys-burgers-serilingampally-gachibowli-rest565288
2026-09-19 21:12:19,Hyderabad,Gachibowli,17.4401,78.3489,603434,Goila Butter Chicken,Serilingampally,Gachibowli,₹600 for two,Biryani|Kebabs|Desserts,4,4.6K+,32,1.9,True,False,ITEMS,AT ₹149,,322587,https://www.swiggy.com/city/hyderabad/goila-butter-chicken-serilingampally-gachibowli-rest603434
2026-09-19 21:12:19,Hyderabad,Gachibowli,17.4401,78.3489,594950,Biryani By Kilo,Sri Krishna Sanjay Commercial,Gachibowli,₹499 for two,Biryani|Hyderabadi|Kebabs|Mughlai|Desserts,4,10K+,34,1.9,True,False,ITEMS,AT ₹149,,130,https://www.swiggy.com/city/hyderabad/biryani-by-kilo-sri-krishna-sanjay-commercial-gachibowli-rest594950
2026-09-19 21:12:19,Hyderabad,Gachibowli,17.4401,78.3489,300359,"Barbeque Nation - Phoenix Centaurus, Gachibowli",Rajendra Nagar,Nanakramguda,₹600 for two,North Indian|Barbecue|Kebabs|Biryani|Street Food|Snacks,4,2.7K+,22,1.7,True,False,ITEMS,AT ₹149,,2438,https://www.swiggy.com/city/hyderabad/barbeque-nation-phoenix-centaurus-gachibowli-rajendra-nagar-nanakramguda-rest300359
2026-09-19 21:12:19,Hyderabad,Gachibowli,17.4401,78.3489,491518,Chinese Wok,Gachibowli,Gachibowli,₹250 for two,Chinese|Asian|Tibetan|Desserts,4,6.1K+,35,1.5,True,False,70% OFF,UPTO ₹140,,61955,https://www.swiggy.com/city/hyderabad/chinese-wok-gachibowli-rest491518
2026-09-19 21:12:19,Hyderabad,Gachibowli,17.4401,78.3489,264588,Wow! China,Ayyappa Heights,Gachibowli,₹300 for two,Chinese|Asian|fastfood|Beverages|Snacks,3.6,5.7K+,31,1.5,True,False,70% OFF,UPTO ₹140,,226836,https://www.swiggy.com/city/hyderabad/wow-china-ayyappa-heights-gachibowli-rest264588
2026-09-19 21:12:19,Hyderabad,Gachibowli,17.4401,78.3489,850057,AnTeRa Courtyard,Vattinagulapally,Nanakramguda,₹700 for two,Biryani|Indian|Andhra,4.3,7.3K+,25,4.1,True,False,ITEMS,AT ₹112,,500482,https://www.swiggy.com/city/hyderabad/antera-courtyard-vattinagulapally-nanakramguda-rest850057
2026-09-19 21:12:19,Hyderabad,Gachibowli,17.4401,78.3489,189344,The Biryani Life,Gachibowli Village,Gachibowli,₹250 for two,Biryani|Mughlai|Lucknowi|Hyderabadi|Kebabs|Desserts|Beverages,3.8,1.7K+,30,1.8,True,False,70% OFF,UPTO ₹140,,8496,https://www.swiggy.com/city/hyderabad/the-biryani-life-village-gachibowli-rest189344
2026-09-19 21:12:19,Hyderabad,Gachibowli,17.4401,78.3489,35537,Sweet Truth - Cake and Desserts,Gachibowli Village,Gachibowli,₹450 for two,Desserts|Ice Cream|Bakery|Beverages,4.2,2.3K+,26,1.8,True,False,ITEMS,AT ₹69,,4444,https://www.swiggy.com/city/hyderabad/sweet-truth-cake-and-desserts-village-gachibowli-rest35537
2026-09-19 21:12:19,Hyderabad,Gachibowli,17.4401,78.3489,156449,The Good Bowl,Gachibowli Village,Gachibowli,₹400 for two,Biryani|Pastas|Punjabi|Desserts|Beverages,4.3,3.4K+,28,1.8,True,False,ITEMS,AT ₹99,,7918,https://www.swiggy.com/city/hyderabad/the-good-bowl-village-gachibowli-rest156449
2026-09-19 21:12:19,Hyderabad,Gachibowli,17.4401,78.3489,794531,AnTeRa Kitchen and Bar,Konstruct Building 1,Gachibowli,₹650 for two,Chinese|Tandoor|Indian|Beverages,4.3,8.3K+,34,3.8,True,False,ITEMS,AT ₹112,,237768,https://www.swiggy.com/city/hyderabad/antera-kitchen-and-bar-konstruct-building-1-gachibowli-rest794531
2026-09-19 21:12:19,Hyderabad,Gachibowli,17.4401,78.3489,338288,Baskin Robbins - Ice Cream Desserts,Indira Nagar,Gachibowli,₹250 for two,Desserts|Ice Cream,4.1,1.0K+,26,1.1,True,True,ITEMS,AT ₹15,,5588,https://www.swiggy.com/city/hyderabad/baskin-robbins-ice-cream-desserts-indira-nagar-gachibowli-rest338288
2026-09-19 21:12:19,Hyderabad,Gachibowli,17.4401,78.3489,72810,NIC Ice Creams,Indra Nagar,Gachibowli,₹120 for two,Ice Cream|Desserts,4.5,15K+,30,2.6,True,True,70% OFF,UPTO ₹140,,6249,https://www.swiggy.com/city/hyderabad/nic-ice-creams-indra-nagar-gachibowli-rest72810
2026-09-19 21:12:19,Hyderabad,Gachibowli,17.4401,78.3489,354937,KFC,Nanakramguda,Kapil Tower,₹400 for two,Burgers|Fast Food|Rolls & Wraps,3.9,13K+,26,2.4,True,False,50% OFF,,FLAT DEAL,547,https://www.swiggy.com/city/hyderabad/kfc-nanakramguda-kapil-tower-rest354937
2026-09-19 21:12:19,Hyderabad,Gachibowli,17.4401,78.3489,355754,Grameen Kulfi,Indra Nagar,Gachibowli,₹120 for two,Ice Cream|Desserts,4.7,1.3K+,31,2.6,True,True,ITEMS,AT ₹59,,12175,https://www.swiggy.com/city/hyderabad/grameen-kulfi-indra-nagar-gachibowli-rest355754
2026-09-19 21:12:19,Hyderabad,Gachibowli,17.4401,78.3489,376101,Harley's Fine Baking,Hitech City,Nanakramguda,₹500 for two,Bakery|Desserts,4.6,20K+,26,3.8,True,True,ITEMS,AT ₹199,,11126,https://www.swiggy.com/city/hyderabad/harleys-fine-baking-hitech-city-nanakramguda-rest376101
2026-09-19 21:12:19,Hyderabad,Gachibowli,17.4401,78.3489,128086,"UBQ-Meals,Thalis & Bowls",RAJENDRA NAGAR,CENTARUS BY PHOENIX,₹300 for two,North Indian|Kebabs|Barbecue|Biryani|Street Food|Snacks,4.1,5.3K+,26,1.7,True,False,₹200 OFF,ABOVE ₹2999,FLAT DEAL,617376,https://www.swiggy.com/city/hyderabad/ubq-meals-thalis-and-bowls-rajendra-nagar-centarus-by-phoenix-rest128086
2026-09-19 21:12:19,Hyderabad,Gachibowli,17.4401,78.3489,1120,Sardarji's Chat and More,Gachibowli,Gachibowli,₹200 for two,Fast Food|Chaat|Punjabi,4.3,55K+,29,1.5,True,True,ITEMS,AT ₹19,,21713,https://www.swiggy.com/city/hyderabad/sardarjis-chat-and-more-gachibowli-rest1120
2026-09-19 21:12:19,Hyderabad,Gachibowli,17.4401,78.3489,1325632,Biryani Souq,Gachibowli,Kondapur,₹600 for two,Biryani|Hyderabadi,3.9,523,33,4.7,True,False,70% OFF,UPTO ₹140,,603972,https://www.swiggy.com/city/hyderabad/biryani-souq-gachibowli-kondapur-rest1325632
2026-09-19 21:12:19,Hyderabad,Gachibowli,17.4401,78.3489,1325622,Marhaba Shawarma - Yalla Habibi !,Gachibowli,Kondapur,₹500 for two,Rolls & Wraps|Middle Eastern|Kebabs|Mediterranean,4,455,35,4.7,True,False,70% OFF,UPTO ₹140,,687921,https://www.swiggy.com/city/hyderabad/marhaba-shawarma-yalla-habibi-gachibowli-kondapur-rest1325622
2026-09-19 21:12:19,Hyderabad,Gachibowli,17.4401,78.3489,1287858,Jalapenos Mexican Kitchen,Rajendra Nagar Circle No 11,Nanakramguda,₹350 for two,Mexican,4.3,356,28,3,True,False,ITEMS,AT ₹89,,666289,https://www.swiggy.com/city/hyderabad/jalapenos-mexican-kitchen-rajendra-nagar-circle-no-11-nanakramguda-rest1287858
2026-09-19 21:12:19,Hyderabad,Gachibowli,17.4401,78.3489,1366370,Peni Ice Candy,Gachibowli,Gachibowli,₹100 for two,Ice Cream Cakes|Indian|Desserts|Beverages,4.6,20,28,2.2,True,True,₹550 OFF,ABOVE ₹2499,FLAT DEAL,301179,https://www.swiggy.com/city/hyderabad/peni-ice-candy-gachibowli-rest1366370
2026-09-19 21:12:19,Hyderabad,Gachibowli,17.4401,78.3489,760536,Shree Balaji Family Dhaba.,Serlingampally,Nanakramguda,₹300 for two,Snacks|Chinese|Biryani,3.9,1.5K+,30,3.6,True,True,70% OFF,UPTO ₹140,,424869,https://www.swiggy.com/city/hyderabad/shree-balaji-family-dhaba-serlingampally-nanakramguda-rest760536
2026-09-19 21:12:19,Hyderabad,Banjara Hills,17.4126,78.4392,367769,Lucky Restaurant,Banjara Hills,Banjara Hills,₹300 for two,Biryani|Tandoor,4,87K+,45,4.1,True,False,70% OFF,UPTO ₹140,,535180,https://www.swiggy.com/city/hyderabad/lucky-restaurant-banjara-hills-rest367769
2026-09-19 21:12:19,Hyderabad,Banjara Hills,17.4126,78.4392,2535,Agra Sweets Banjara,Masab Tank,Masab Tank,₹250 for two,Sweets|Desserts|Chaat|Snacks|Beverages,4.5,99K+,32,1.9,True,True,45% OFF,UPTO ₹90,,34,https://www.swiggy.com/city/hyderabad/agra-sweets-banjara-masab-tank-rest2535
2026-09-19 21:12:19,Hyderabad,Banjara Hills,17.4126,78.4392,185544,NIC Ice Creams,Khairatabad,Banjara Hills,₹120 for two,Desserts|Ice Cream,4.6,7.7K+,31,2.6,True,True,70% OFF,UPTO ₹140,,6249,https://www.swiggy.com/city/hyderabad/nic-ice-creams-khairatabad-banjara-hills-rest185544
2026-09-19 21:12:19,Hyderabad,Banjara Hills,17.4126,78.4392,23698,McDonald's,Pragathi Nagar,Banjara Hills,₹400 for two,Burgers|Beverages|Cafe|Desserts,4.4,51K+,35,2.5,True,True,ITEMS,AT ₹64,,630,https://www.swiggy.com/city/hyderabad/mcdonalds-pragathi-nagar-banjara-hills-rest23698
2026-09-19 21:12:19,Hyderabad,Banjara Hills,17.4126,78.4392,345712,Baskin Robbins - Ice Cream Desserts,# 14. KBR park road,Banjara Hills,₹250 for two,Desserts|Ice Cream,4.5,1.9K+,31,2.7,True,True,ITEMS,AT ₹15,,5588,https://www.swiggy.com/city/hyderabad/baskin-robbins-ice-cream-desserts-14-kbr-park-road-banjara-hills-rest345712
2026-09-19 21:12:19,Hyderabad,Banjara Hills,17.4126,78.4392,435640,Bakingo,Khairtabad,Banjara Hills,₹300 for two,Bakery,4.5,10K+,33,3,True,False,ITEMS,AT ₹649,,3818,https://www.swiggy.com/city/hyderabad/bakingo-khairtabad-banjara-hills-rest435640
2026-09-19 21:12:19,Hyderabad,Banjara Hills,17.4126,78.4392,639473,Dum Safar Biryani,ANR Center,BANJARA HILL,₹500 for two,Biryani|Hyderabadi|Kebabs|North Indian|barbeque,4,1.1K+,36,2.7,True,False,ITEMS,AT ₹149,,351013,https://www.swiggy.com/city/hyderabad/dum-safar-biryani-anr-center-banjara-hill-rest639473
2026-09-19 21:12:19,Hyderabad,Banjara Hills,17.4126,78.4392,22964,Haiku,12th Road,Banjara Hills,₹900 for two,Pan-Asian|Sushi|Chinese|Japanese|Salads|Indonesian|Beverages|Bubble Tea|Seafood|Malaysian,4.3,5.5K+,33,1.1,True,False,₹75 OFF,ABOVE ₹199,FLAT DEAL,19228,https://www.swiggy.com/city/hyderabad/haiku-12th-road-banjara-hills-rest22964
2026-09-19 21:12:19,Hyderabad,Banjara Hills,17.4126,78.4392,344287,Varalakshmi Tiffins,Film nagar,Jubliee hills,₹300 for two,South Indian,4.5,29K+,30,3.5,True,True,ITEMS,AT ₹109,,6482,https://www.swiggy.com/city/hyderabad/varalakshmi-tiffins-film-nagar-jubliee-hills-rest344287
2026-09-19 21:12:19,Hyderabad,Banjara Hills,17.4126,78.4392,643820,"WeFit - Protein Bowls, Salads & Sandwiches",Vaibhav Nagar,Khairtabad,₹250 for two,Healthy Food|Salads|Keto|Snacks,4.6,1.9K+,25,2.9,True,False,ITEMS,AT ₹119,,355285,https://www.swiggy.com/city/hyderabad/wefit-protein-bowls-salads-and-sandwiches-vaibhav-nagar-khairtabad-rest643820
2026-09-19 21:12:19,Hyderabad,Banjara Hills,17.4126,78.4392,622190,MOJO Pizza - 2X Toppings,Masab Tank,Khairatabad,₹250 for two,Pizzas|Italian|Fast Food|Desserts,4.5,2.0K+,25,2.9,True,False,ITEMS,AT ₹99,,11329,https://www.swiggy.com/city/hyderabad/mojo-pizza-2x-toppings-masab-tank-khairatabad-rest622190
2026-09-19 21:12:19,Hyderabad,Banjara Hills,17.4126,78.4392,487214,ZAZA Mughal Biryani,Khairatabad,Vaibhav Nagar,₹250 for two,Biryani|North Indian|Awadhi,4.4,1.0K+,25,2.9,True,False,70% OFF,UPTO ₹140,,22473,https://www.swiggy.com/city/hyderabad/zaza-mughal-biryani-khairatabad-vaibhav-nagar-rest487214
2026-09-19 21:12:19,Hyderabad,Banjara Hills,17.4126,78.4392,487215,NH1 Bowls - Highway To North,Khairatabad,Vaibhav Nagar,₹250 for two,North Indian|Punjabi|Home Food,4.6,2.0K+,25,2.9,True,False,ITEMS,AT ₹119,,22452,https://www.swiggy.com/city/hyderabad/nh1-bowls-highway-to-north-khairatabad-vaibhav-nagar-rest487215
2026-09-19 21:12:19,Hyderabad,Banjara Hills,17.4126,78.4392,35543,Sweet Truth - Cake and Desserts,Gachibowli,Gachibowli,₹450 for two,Desserts|Ice Cream|Bakery|Beverages,4.2,1.7K+,36,3,True,True,ITEMS,AT ₹69,,4444,https://www.swiggy.com/city/hyderabad/sweet-truth-cake-and-desserts-gachibowli-rest35543
2026-09-19 21:12:19,Hyderabad,Banjara Hills,17.4126,78.4392,155413,The Good Bowl,Union Bank of India Colony,Banjara Hills,₹400 for two,Biryani|North Indian|Pastas|Punjabi|Desserts|Beverages,4.3,3.5K+,36,3,True,False,ITEMS,AT ₹99,,7918,https://www.swiggy.com/city/hyderabad/the-good-bowl-union-bank-of-india-colony-banjara-hills-rest155413
2026-09-19 21:12:19,Hyderabad,Banjara Hills,17.4126,78.4392,681600,LeanCrust Pizza- ThinCrust Experts,Vaibhav Nagar,Khairatabad,₹300 for two,Pizzas|Italian|Desserts,4.4,1.8K+,25,2.9,True,False,ITEMS,AT ₹149,,11216,https://www.swiggy.com/city/hyderabad/leancrust-pizza-thincrust-experts-vaibhav-nagar-khairatabad-rest681600
2026-09-19 21:12:19,Hyderabad,Banjara Hills,17.4126,78.4392,647349,Louis Burger,Mithila Nagar Colony,Banjara Hills,₹600 for two,Burgers|American|Fast Food,4,6.8K+,25,1.3,True,False,50% OFF,,FLAT DEAL,22485,https://www.swiggy.com/city/hyderabad/louis-burger-mithila-nagar-colony-banjara-hills-rest647349
2026-09-19 21:12:19,Hyderabad,Banjara Hills,17.4126,78.4392,62509,Ohri's Cake Nation,Ohri'S Banjara,Banjara Hills,₹450 for two,Bakery|Desserts|Beverages,4.3,5.8K+,17,0.5,True,False,70% OFF,UPTO ₹140,,233127,https://www.swiggy.com/city/hyderabad/ohris-cake-nation-ohris-banjara-banjara-hills-rest62509
2026-09-19 21:12:19,Hyderabad,Banjara Hills,17.4126,78.4392,33236,Spice 6-The Arab Villagio,Banjara Hills,Banjara Hills,₹900 for two,Arabian|Indian|Tandoor|Chinese|Desserts,4.3,23K+,31,0.8,True,False,20% OFF,UPTO ₹50,,19225,https://www.swiggy.com/city/hyderabad/spice-6-the-arab-villagio-banjara-hills-rest33236
2026-09-19 21:12:19,Hyderabad,Banjara Hills,17.4126,78.4392,876015,Manam Chocolate,Banjara Hills,Banjara Hills,₹800 for two,Chocolate|Cakes & Pastries|Coffee,4.5,1.4K+,34,1.2,True,False,₹550 OFF,ABOVE ₹2499,FLAT DEAL,513251,https://www.swiggy.com/city/hyderabad/manam-chocolate-banjara-hills-rest876015
2026-09-19 21:12:19,Hyderabad,Banjara Hills,17.4126,78.4392,1037718,Biryani Souq,Jubilee Hills,Jubilee Hills,₹600 for two,Biryani|Hyderabadi|Kebabs|North Indian|Tandoor|Starters,4.1,4.1K+,35,3.5,True,False,ITEMS,AT ₹79,,603972,https://www.swiggy.com/city/hyderabad/biryani-souq-jubilee-hills-rest1037718
2026-09-19 21:12:19,Hyderabad,Banjara Hills,17.4126,78.4392,1753,Bikanervala,Road No 1,Banjara Hills,₹450 for two,Sweets|Indian|Pizzas,4.5,41K+,31,1.9,True,True,,,,45936,https://www.swiggy.com/city/hyderabad/bikanervala-road-no-1-banjara-hills-rest1753
2026-09-19 21:12:19,Hyderabad,Banjara Hills,17.4126,78.4392,1370018,Seasons Xprs,Banjara Hills,Banjara Hills,₹200 for two,Lebanese|Arabian,4.1,150,38,3,True,False,50% OFF,,FLAT DEAL,19636,https://www.swiggy.com/city/hyderabad/seasons-xprs-banjara-hills-rest1370018
2026-09-19 21:12:19,Hyderabad,Banjara Hills,17.4126,78.4392,6336,Spicy Restaurant,Yousufguda,Yousufguda,₹300 for two,Biryani|Tandoor,4.1,129K+,34,4,True,False,ITEMS,AT ₹149,,894,https://www.swiggy.com/city/hyderabad/spicy-restaurant-yousufguda-rest6336
2026-09-19 21:12:19,Hyderabad,Banjara Hills,17.4126,78.4392,1412687,Yummy Bee,Avenue 4,Banjara Hills,₹800 for two,Desserts|Continental|Bakery|Pizzas|Cafe|Cakes|Mexican|Rice Bowls,4.2,<3,31,2.1,True,False,60% OFF,UPTO ₹120,,358572,https://www.swiggy.com/city/hyderabad/yummy-bee-avenue-4-banjara-hills-rest1412687
2026-09-19 21:12:19,Hyderabad,Banjara Hills,17.4126,78.4392,100942,Lucky Multicuisine Restaurant,Somajiguda,Somajiguda,₹350 for two,Biryani|Tandoor|South Indian,3.9,78K+,43,5,True,False,70% OFF,UPTO ₹140,,18963,https://www.swiggy.com/city/hyderabad/lucky-multicuisine-restaurant-somajiguda-rest100942
2026-09-19 21:12:19,Hyderabad,Madhapur,17.4483,78.3915,23695,McDonald's,Hitech City,Madhapur,₹400 for two,Burgers|Beverages|Cafe|Desserts,4.3,104K+,28,2.1,True,False,ITEMS,AT ₹64,,630,https://www.swiggy.com/city/hyderabad/mcdonalds-hitech-city-madhapur-rest23695
2026-09-19 21:12:19,Hyderabad,Madhapur,17.4483,78.3915,697621,Tigerlily Coffee & Bistro,Jubilee Hills,Jubilee Hills,₹1500 for two,European|Asian|Italian|Continental|Pizzas|Burgers|Coffee|Beverages|Pastas|Desserts,4.3,909,44,3.8,True,False,,,,682596,https://www.swiggy.com/city/hyderabad/tigerlily-coffee-and-bistro-jubilee-hills-rest697621
2026-09-19 21:12:19,Hyderabad,Madhapur,17.4483,78.3915,2534,Agra Sweets Banjara,Rajendra Nagar,Kondapur,₹250 for two,Sweets|Desserts|Chaat|Snacks|Beverages,4.2,33K+,38,4.4,True,True,45% OFF,UPTO ₹90,,34,https://www.swiggy.com/city/hyderabad/agra-sweets-banjara-rajendra-nagar-kondapur-rest2534
2026-09-19 21:12:19,Hyderabad,Madhapur,17.4483,78.3915,47521,Baskin Robbins - Ice Cream Desserts,Inorbit Mall,Madhapur,₹200 for two,Desserts|Ice Cream,4.5,1.7K+,34,2.7,True,True,ITEMS,AT ₹15,,5588,https://www.swiggy.com/city/hyderabad/baskin-robbins-ice-cream-desserts-inorbit-mall-madhapur-rest47521
2026-09-19 21:12:19,Hyderabad,Madhapur,17.4483,78.3915,723212,Wow! China,Beside Pizza Hut,VIP Hills,₹300 for two,Chinese|Asian|fastfood|Beverages|Snacks,3.5,1.3K+,28,0.8,True,False,70% OFF,UPTO ₹140,,226836,https://www.swiggy.com/city/hyderabad/wow-china-beside-pizza-hut-vip-hills-rest723212
2026-09-19 21:12:19,Hyderabad,Madhapur,17.4483,78.3915,415056,Bakingo,Bhanu Arcade,Madhapur,₹500 for two,Bakery|Desserts|Beverages|Snacks,4.6,18K+,23,0.7,True,False,ITEMS,AT ₹649,,3818,https://www.swiggy.com/city/hyderabad/bakingo-bhanu-arcade-madhapur-rest415056
2026-09-19 21:12:19,Hyderabad,Madhapur,17.4483,78.3915,768473,Wendy's Burgers,L&T E GALLERIA MALL,Hitech City,₹400 for two,Burgers|Fast Food|wrap,4.2,4.5K+,29,1.2,True,False,ITEMS,AT ₹59,,972,https://www.swiggy.com/city/hyderabad/wendys-burgers-l-and-t-e-galleria-mall-hitech-city-rest768473
2026-09-19 21:12:19,Hyderabad,Madhapur,17.4483,78.3915,66768,Taco Bell,Madhapur,Hitech City,₹300 for two,Mexican|Fast Food|Snacks,4,11K+,29,1.2,True,False,65% OFF,UPTO ₹125,,1557,https://www.swiggy.com/city/hyderabad/taco-bell-madhapur-hitech-city-rest66768
2026-09-19 21:12:19,Hyderabad,Madhapur,17.4483,78.3915,643320,Magnolia Bakery,Jubilee Hills,Jubilee Hills,₹500 for two,Bakery|Desserts,4.5,9.2K+,34,3,True,False,70% OFF,UPTO ₹140,,267303,https://www.swiggy.com/city/hyderabad/magnolia-bakery-jubilee-hills-rest643320
2026-09-19 21:12:19,Hyderabad,Madhapur,17.4483,78.3915,300353,Barbeque Nation,Jubilee Hills,Jubilee Hills,₹600 for two,North Indian|Barbecue|Kebabs|Biryani|Street Food|Snacks,3.9,1.5K+,35,2.9,True,False,ITEMS,AT ₹149,,2438,https://www.swiggy.com/city/hyderabad/barbeque-nation-jubilee-hills-rest300353
2026-09-19 21:12:19,Hyderabad,Madhapur,17.4483,78.3915,238125,The Biryani Life,Serlingampally,Hitech City,₹250 for two,Biryani|Mughlai|Lucknowi|Hyderabadi|Kebabs|Desserts|Beverages,3.5,1.0K+,30,3,True,False,70% OFF,UPTO ₹140,,8496,https://www.swiggy.com/city/hyderabad/the-biryani-life-serlingampally-hitech-city-rest238125
2026-09-19 21:12:19,Hyderabad,Madhapur,17.4483,78.3915,679988,Chaayos Chai+Snacks=Relax,Serlingampally Circle,Raheja Mindspace,₹250 for two,Beverages|Chaat|Bakery|Snacks|Street Food|healthy|Home Food|Maharashtrian|Italian|Desserts,4.4,2.8K+,33,2.4,True,False,51% OFF,,FLAT DEAL,281782,https://www.swiggy.com/city/hyderabad/chaayos-chai-snacks-relax-serlingampally-circle-raheja-mindspace-rest679988
2026-09-19 21:12:19,Hyderabad,Madhapur,17.4483,78.3915,459237,AnTeRa Kitchen And Bar,Roadno10,Jubilee Hills,₹900 for two,Indian|Biryani|Chinese,4.2,11K+,35,3.7,True,False,ITEMS,AT ₹112,,237768,https://www.swiggy.com/city/hyderabad/antera-kitchen-and-bar-roadno10-jubilee-hills-rest459237
2026-09-19 21:12:19,Hyderabad,Madhapur,17.4483,78.3915,26602,Gudgudee-Tickle your tastebuds,Madhapur,Madhapur,₹1000 for two,Chinese,4.3,6.8K+,32,1.1,True,False,70% OFF,UPTO ₹140,,91177,https://www.swiggy.com/city/hyderabad/gudgudee-tickle-your-tastebuds-madhapur-rest26602
2026-09-19 21:12:19,Hyderabad,Madhapur,17.4483,78.3915,509004,Chinese Wok,Kondapur,Madhapur,₹250 for two,Chinese|Asian|Tibetan|Desserts,3.9,4.5K+,33,1.4,True,False,70% OFF,UPTO ₹140,,1001,https://www.swiggy.com/city/hyderabad/chinese-wok-kondapur-madhapur-rest509004
2026-09-19 21:12:19,Hyderabad,Madhapur,17.4483,78.3915,1205,Blue Fox,Madhapur,Hitech City,₹1000 for two,Chinese|Andhra,4,12K+,33,1.2,True,False,70% OFF,UPTO ₹140,,759188,https://www.swiggy.com/city/hyderabad/blue-fox-madhapur-hitech-city-rest1205
2026-09-19 21:12:19,Hyderabad,Madhapur,17.4483,78.3915,30257,CakeZone Patisserie,Ayyappa Society,100 Feet Road,₹200 for two,Bakery|Desserts|Sweets|Ice Cream,4.2,33K+,29,0.6,True,False,70% OFF,UPTO ₹140,,7003,https://www.swiggy.com/city/hyderabad/cakezone-patisserie-ayyappa-society-100-feet-road-rest30257
2026-09-19 21:12:19,Hyderabad,Madhapur,17.4483,78.3915,509082,Big Bowl,Serilingampally Mandal,Madhapur,₹250 for two,Chinese|Tibetan|Desserts,3.9,3.4K+,36,1.4,True,False,70% OFF,UPTO ₹140,,434792,https://www.swiggy.com/city/hyderabad/big-bowl-serilingampally-mandal-madhapur-rest509082
2026-09-19 21:12:19,Hyderabad,Madhapur,17.4483,78.3915,833925,Olio - The Wood Fired Pizzeria,ANDRA BASTI,BHAGYALAKSHMI TOWRS,₹300 for two,Pizzas|Pastas|Italian|Fast Food|Snacks|Beverages|Desserts,4.2,3.7K+,24,0.6,True,False,70% OFF,UPTO ₹140,,11633,https://www.swiggy.com/city/hyderabad/olio-the-wood-fired-pizzeria-andra-basti-bhagyalakshmi-towrs-rest833925
2026-09-19 21:12:19,Hyderabad,Madhapur,17.4483,78.3915,548827,Ikka Dukka,Durgam Cheruvu,Madhapur,₹500 for two,North Indian|Chinese|Biryani|Tandoor|Kebabs|Desserts,4.2,3.1K+,36,1.7,True,False,70% OFF,UPTO ₹130,,329898,https://www.swiggy.com/city/hyderabad/ikka-dukka-durgam-cheruvu-madhapur-rest548827
2026-09-19 21:12:19,Hyderabad,Madhapur,17.4483,78.3915,93740,Maharaja chaat and foods,Madhapur,Madhapur,₹200 for two,Fast Food,4.3,17K+,27,1.4,True,True,₹550 OFF,ABOVE ₹2499,FLAT DEAL,19733,https://www.swiggy.com/city/hyderabad/maharaja-chaat-and-foods-madhapur-rest93740
2026-09-19 21:12:19,Hyderabad,Madhapur,17.4483,78.3915,968221,The Homely Bowls,Jubilee Hills,Jubilee Hills,₹200 for two,Biryani|South Indian,4,876,23,0.8,True,False,70% OFF,UPTO ₹140,,566928,https://www.swiggy.com/city/hyderabad/the-homely-bowls-jubilee-hills-rest968221
2026-09-19 21:12:19,Hyderabad,Madhapur,17.4483,78.3915,248771,Raju Gari Biryani,"AYYAPA SOCIETY, MADHAPUR.",Madhapur,₹200 for two,Biryani|Snacks|Chinese|Mughlai,3.7,71K+,14,0.2,True,False,70% OFF,UPTO ₹140,,165947,https://www.swiggy.com/city/hyderabad/raju-gari-biryani-ayyapa-society-madhapur-rest248771
2026-09-19 21:12:19,Hyderabad,Madhapur,17.4483,78.3915,1037882,Broadway,Jubilee Hills,Kondapur,₹2000 for two,Italian|Chinese|Indian,4.3,751,48,3.6,True,False,,,,19188,https://www.swiggy.com/city/hyderabad/broadway-jubilee-hills-kondapur-rest1037882
2026-09-19 21:12:19,Hyderabad,Madhapur,17.4483,78.3915,1414775,Yummy Bee,Banjara Hills,Jubilee Hills,₹800 for two,Continental|Bakery|Pizzas|Cafe|Cakes|Desserts|Mexican|Rice Bowls,4.2,6,36,3,True,False,60% OFF,UPTO ₹120,,358572,https://www.swiggy.com/city/hyderabad/yummy-bee-banjara-hills-jubilee-hills-rest1414775
2026-09-19 21:12:19,Hyderabad,Madhapur,17.4483,78.3915,1161763,Jalapenos Mexican Kitchen,Kondapur,Kondapur,₹470 for two,American|Mexican|Salads|Healthy Food,4.3,1.1K+,41,5,True,False,ITEMS,AT ₹139,,666289,https://www.swiggy.com/city/hyderabad/jalapenos-mexican-kitchen-kondapur-rest1161763
2026-09-19 21:12:19,Hyderabad,Kukatpally,17.4849,78.4138,65882,KS Bakers,Kukatpally,Kukatpally,₹300 for two,Bakery|Pizzas|Desserts|Snacks|Fast Food,4.2,29K+,21,0.8,True,False,₹150 OFF,ABOVE ₹449,FLAT DEAL,574,https://www.swiggy.com/city/hyderabad/ks-bakers-kukatpally-rest65882
2026-09-19 21:12:19,Hyderabad,Kukatpally,17.4849,78.4138,104530,Bakingo,K P H B Phase 1,Nizampet,₹300 for two,Bakery|Desserts|Beverages|Snacks,4.5,20K+,32,3,True,False,ITEMS,AT ₹649,,3818,https://www.swiggy.com/city/hyderabad/bakingo-k-p-h-b-phase-1-nizampet-rest104530
2026-09-19 21:12:19,Hyderabad,Kukatpally,17.4849,78.4138,492267,Chinese Wok,Kukatpally,Kukatpally,₹250 for two,Chinese|Asian|Tibetan|Desserts,3.8,3.0K+,24,0.3,True,False,70% OFF,UPTO ₹140,,61955,https://www.swiggy.com/city/hyderabad/chinese-wok-kukatpally-rest492267
2026-09-19 21:12:19,Hyderabad,Kukatpally,17.4849,78.4138,754375,Wendy's Burgers,Jayanagar Colony Kaman,Venkat Nagar Colony,₹200 for two,Burgers|Fast Food|wrap,3.8,5.1K+,35,2.3,True,False,ITEMS,AT ₹59,,972,https://www.swiggy.com/city/hyderabad/wendys-burgers-jayanagar-colony-kaman-venkat-nagar-colony-rest754375
2026-09-19 21:12:19,Hyderabad,Kukatpally,17.4849,78.4138,189348,The Biryani Life,Jayanagar Colony Kaman,Venkat Nagar Colony,₹250 for two,Biryani|Mughlai|Lucknowi|Hyderabadi|Kebabs|Desserts|Beverages,3.3,1.8K+,32,2.3,True,False,70% OFF,UPTO ₹140,,8496,https://www.swiggy.com/city/hyderabad/the-biryani-life-jayanagar-colony-kaman-venkat-nagar-colony-rest189348
2026-09-19 21:12:19,Hyderabad,Kukatpally,17.4849,78.4138,681538,LeanCrust Pizza ThinCrust Experts,Kukatpally,Venkat Nagar Colony,₹300 for two,Pizzas|Italian|Desserts,4.4,2.6K+,25,2,True,False,ITEMS,AT ₹149,,11216,https://www.swiggy.com/city/hyderabad/leancrust-pizza-thincrust-experts-kukatpally-venkat-nagar-colony-rest681538
2026-09-19 21:12:19,Hyderabad,Kukatpally,17.4849,78.4138,156452,The Good Bowl,Jayanagar Colony Kaman,Venkat Nagar Colony,₹400 for two,Biryani|Pastas|Punjabi|Desserts|Beverages,4,2.4K+,34,2.3,True,False,ITEMS,AT ₹99,,7918,https://www.swiggy.com/city/hyderabad/the-good-bowl-jayanagar-colony-kaman-venkat-nagar-colony-rest156452
2026-09-19 21:12:19,Hyderabad,Kukatpally,17.4849,78.4138,35538,Sweet Truth - Cake and Desserts,Jayanagar Colony Kaman,Venkat Nagar Colony,₹450 for two,Desserts|Ice Cream|Bakery|Beverages,4.2,1.9K+,30,2.3,True,False,ITEMS,AT ₹79,,4444,https://www.swiggy.com/city/hyderabad/sweet-truth-cake-and-desserts-jayanagar-colony-kaman-venkat-nagar-colony-rest35538
2026-09-19 21:12:19,Hyderabad,Kukatpally,17.4849,78.4138,622127,MOJO Pizza  2X Toppings,Kukatpally,Venkat Nagar Colony,₹250 for two,Pizzas|Italian|Fast Food|Desserts,4.4,2.1K+,25,2,True,False,ITEMS,AT ₹99,,11329,https://www.swiggy.com/city/hyderabad/mojo-pizza-2x-toppings-kukatpally-venkat-nagar-colony-rest622127
2026-09-19 21:12:19,Hyderabad,Kukatpally,17.4849,78.4138,390164,NH1 Bowls  Highway To North,Kukatpally,RAJU NAGAR,₹250 for two,North Indian|Punjabi|Home Food,4.5,1.2K+,25,2,True,False,ITEMS,AT ₹119,,22452,https://www.swiggy.com/city/hyderabad/nh1-bowls-highway-to-north-kukatpally-raju-nagar-rest390164
2026-09-19 21:12:19,Hyderabad,Kukatpally,17.4849,78.4138,643760,"WeFit  Protein Bowls, Salads & Sandwiches",A S RAJU NAGAR,Kukatpally,₹250 for two,Healthy Food|Salads|Keto|Snacks,4.5,1.7K+,25,2,True,False,ITEMS,AT ₹119,,355285,https://www.swiggy.com/city/hyderabad/wefit-protein-bowls-salads-and-sandwiches-a-s-raju-nagar-kukatpally-rest643760
2026-09-19 21:12:19,Hyderabad,Kukatpally,17.4849,78.4138,391108,ZAZA Mughal Biryani,Kukatpally,A S RAJU NAGAR,₹250 for two,Biryani|North Indian|Awadhi,4.2,2.0K+,25,2,True,False,70% OFF,UPTO ₹140,,22473,https://www.swiggy.com/city/hyderabad/zaza-mughal-biryani-kukatpally-a-s-raju-nagar-rest391108
2026-09-19 21:12:19,Hyderabad,Kukatpally,17.4849,78.4138,489242,Big Bowl,Metro Station,Kukatpally,₹250 for two,Chinese|Tibetan|Desserts,3.8,1.7K+,21,0.3,True,False,70% OFF,UPTO ₹140,,434792,https://www.swiggy.com/city/hyderabad/big-bowl-metro-station-kukatpally-rest489242
2026-09-19 21:12:19,Hyderabad,Kukatpally,17.4849,78.4138,798842,Harley's Fine Baking,Nahar chowk,Kukatpally,₹500 for two,Bakery|Desserts,4.5,1.4K+,31,2.5,True,True,ITEMS,AT ₹199,,11126,https://www.swiggy.com/city/hyderabad/harleys-fine-baking-nahar-chowk-kukatpally-rest798842
2026-09-19 21:12:19,Hyderabad,Kukatpally,17.4849,78.4138,49768,Ibaco,Kukatpally,Kukatpally,₹800 for two,Ice Cream|Desserts,4.4,6.7K+,27,1.7,True,True,₹550 OFF,ABOVE ₹2499,FLAT DEAL,3481,https://www.swiggy.com/city/hyderabad/ibaco-kukatpally-rest49768
2026-09-19 21:12:19,Hyderabad,Kukatpally,17.4849,78.4138,704795,KFC,Moosapet,One Mall,₹400 for two,Burgers|Fast Food|Rolls & Wraps,4,2.1K+,26,0.9,True,False,50% OFF,,FLAT DEAL,547,https://www.swiggy.com/city/hyderabad/kfc-moosapet-one-mall-rest704795
2026-09-19 21:12:19,Hyderabad,Kukatpally,17.4849,78.4138,20346,Subway,Bhagya nagar Colony,Venkat Nagar Colony,₹350 for two,sandwich|Salads|wrap|Healthy Food,4.1,22K+,34,2.6,True,False,,,,2,https://www.swiggy.com/city/hyderabad/subway-bhagya-nagar-colony-venkat-nagar-colony-rest20346
2026-09-19 21:12:19,Hyderabad,Kukatpally,17.4849,78.4138,832054,Grameen Kulfi,Bagh Ameer,Kukatpally,₹120 for two,Ice Cream|Desserts,4.7,366,21,1,True,True,ITEMS,AT ₹59,,12175,https://www.swiggy.com/city/hyderabad/grameen-kulfi-bagh-ameer-kukatpally-rest832054
2026-09-19 21:12:19,Hyderabad,Kukatpally,17.4849,78.4138,267251,Wow! Momo,Gachibowli,Gachibowli,₹300 for two,Momos|Chinese|fastfood|Asian|Beverages,4.3,4.0K+,24,1.2,True,False,70% OFF,UPTO ₹140,,1776,https://www.swiggy.com/city/hyderabad/wow-momo-gachibowli-rest267251
2026-09-19 21:12:19,Hyderabad,Kukatpally,17.4849,78.4138,324758,Natural Ice Cream,Kukatpally,Kukatpally,₹150 for two,Ice Cream|Desserts,4.6,12K+,30,2.6,True,True,₹550 OFF,ABOVE ₹2499,FLAT DEAL,2093,https://www.swiggy.com/city/hyderabad/natural-ice-cream-kukatpally-rest324758
2026-09-19 21:12:19,Hyderabad,Kukatpally,17.4849,78.4138,6372,Raja Rani Ruchulu,Kukatpally,Kukatpally,₹300 for two,Biryani|Andhra|Chinese|South Indian|Tandoor,4.2,228K+,24,1.2,True,False,,,,8315,https://www.swiggy.com/city/hyderabad/raja-rani-ruchulu-kukatpally-rest6372
2026-09-19 21:12:19,Hyderabad,Kukatpally,17.4849,78.4138,1075988,The Homely Bowls,Kukatpally,Kukatpally,₹300 for two,North Indian,3.8,662,23,1.1,True,False,55% OFF,UPTO ₹110,,566928,https://www.swiggy.com/city/hyderabad/the-homely-bowls-kukatpally-rest1075988
2026-09-19 21:12:19,Hyderabad,Kukatpally,17.4849,78.4138,292360,Raju Gari Biryani,Nizampet & Pragathi Nagar,Kukatpally,₹200 for two,Biryani|Snacks|Chinese|Mughlai,3.7,28K+,30,3.9,True,False,70% OFF,UPTO ₹140,,165947,https://www.swiggy.com/city/hyderabad/raju-gari-biryani-nizampet-and-pragathi-nagar-kukatpally-rest292360
2026-09-19 21:12:19,Hyderabad,Kukatpally,17.4849,78.4138,1165814,Polar Bear,Kukatpally,Kukatpally,₹350 for two,Ice Cream,4.3,145,32,2.6,True,True,ITEMS,AT ₹89,,726,https://www.swiggy.com/city/hyderabad/polar-bear-kukatpally-rest1165814
2026-09-19 21:12:19,Hyderabad,Kukatpally,17.4849,78.4138,623059,Varalakshmi Tiffins,Aditya Nagar,Nizampet & Pragathi Nagar,₹300 for two,South Indian,4.4,20K+,32,4.3,True,True,ITEMS,AT ₹109,,6482,https://www.swiggy.com/city/hyderabad/varalakshmi-tiffins-aditya-nagar-nizampet-and-pragathi-nagar-rest623059
2026-09-19 21:12:19,Hyderabad,Kukatpally,17.4849,78.4138,1378282,Baskin Robbins - Ice Cream Desserts,MEDCHAL,KPHP COLONY,₹250 for two,Desserts|Ice Cream,4.5,78,34,3.7,True,True,ITEMS,AT ₹15,,5588,https://www.swiggy.com/city/hyderabad/baskin-robbins-ice-cream-desserts-medchal-kphp-colony-rest1378282
2026-09-19 21:12:19,Hyderabad,Secunderabad,17.4399,78.4983,9020,Agra Sweets Banjara,West Marredpally,East Nehru Nagar,₹250 for two,Sweets|Desserts|Chaat|Snacks|Beverages,4.4,42K+,21,1.1,True,True,45% OFF,UPTO ₹90,,34,https://www.swiggy.com/city/hyderabad/agra-sweets-banjara-west-marredpally-east-nehru-nagar-rest9020
2026-09-19 21:12:19,Hyderabad,Secunderabad,17.4399,78.4983,23710,McDonald's,SD Road,SD Road,₹400 for two,Burgers|Beverages|Cafe|Desserts,4.3,64K+,29,1.1,True,False,ITEMS,AT ₹64,,630,https://www.swiggy.com/city/hyderabad/mcdonalds-sd-road-rest23710
2026-09-19 21:12:19,Hyderabad,Secunderabad,17.4399,78.4983,53796,Jaggu Mithai,Secunderabad,General Bazar,₹250 for two,Sweets|Chaat|Desserts|Snacks,4.4,56K+,29,1.3,True,True,ITEMS,AT ₹29,,9629,https://www.swiggy.com/city/hyderabad/jaggu-mithai-secunderabad-general-bazar-rest53796
2026-09-19 21:12:19,Hyderabad,Secunderabad,17.4399,78.4983,183789,Bakingo,Secunderabad,Rasool pura,₹300 for two,Bakery|Desserts|Beverages|Snacks,4.6,13K+,34,3,True,False,70% OFF,UPTO ₹140,,3818,https://www.swiggy.com/city/hyderabad/bakingo-secunderabad-rasool-pura-rest183789
2026-09-19 21:12:19,Hyderabad,Secunderabad,17.4399,78.4983,738913,Telangana Spice Kitchen,SD Road,Secunderabad,₹500 for two,Chinese|Beverages,4.3,3.4K+,36,1.1,True,False,₹200 OFF,ABOVE ₹1199,FLAT DEAL,764740,https://www.swiggy.com/city/hyderabad/telangana-spice-kitchen-sd-road-secunderabad-rest738913
2026-09-19 21:12:19,Hyderabad,Secunderabad,17.4399,78.4983,788229,Baskin Robbins - Ice Cream Desserts,ASHA APARTMENT,PRENDERGHAST ROAD,₹250 for two,Desserts|Ice Cream,4.7,339,30,2,True,True,ITEMS,AT ₹15,,5588,https://www.swiggy.com/city/hyderabad/baskin-robbins-ice-cream-desserts-asha-apartment-prenderghast-road-rest788229
2026-09-19 21:12:19,Hyderabad,Secunderabad,17.4399,78.4983,608719,Wow! China,Entrenchment Road,Marredpally,₹300 for two,Chinese|Asian|fastfood|Beverages|Snacks,4,2.5K+,33,1.7,True,False,70% OFF,UPTO ₹140,,226836,https://www.swiggy.com/city/hyderabad/wow-china-entrenchment-road-marredpally-rest608719
2026-09-19 21:12:19,Hyderabad,Secunderabad,17.4399,78.4983,156158,The Good Bowl,Diamond Point Secunderabad FC,Kharkhana & Trimulgherry,₹400 for two,Biryani|North Indian|Pastas|Punjabi|Desserts|Beverages,4.2,3.0K+,34,2.9,True,False,70% OFF,UPTO ₹140,,7918,https://www.swiggy.com/city/hyderabad/the-good-bowl-diamond-point-secunderabad-fc-kharkhana-and-trimulgherry-rest156158
2026-09-19 21:12:19,Hyderabad,Secunderabad,17.4399,78.4983,189390,The Biryani Life,MAHALAXMI TRADE CENTER,Karkhana,₹250 for two,Biryani|Mughlai|Lucknowi|Hyderabadi|Kebabs|Desserts|Beverages,3.9,1.2K+,33,2.9,True,False,70% OFF,UPTO ₹140,,8496,https://www.swiggy.com/city/hyderabad/the-biryani-life-mahalaxmi-trade-center-karkhana-rest189390
2026-09-19 21:12:19,Hyderabad,Secunderabad,17.4399,78.4983,92498,Sweet Truth - Cake and Desserts,MAHALAXMI TRADE CENTER,Karkhana,₹450 for two,Desserts|Ice Cream|Bakery|Beverages,4.2,1.9K+,31,2.9,True,False,70% OFF,UPTO ₹140,,4444,https://www.swiggy.com/city/hyderabad/sweet-truth-cake-and-desserts-mahalaxmi-trade-center-karkhana-rest92498
2026-09-19 21:12:19,Hyderabad,Secunderabad,17.4399,78.4983,643818,"WeFit - Protein Bowls, Salads & Sandwiches",Circle No.29,SINDHI COLONY,₹250 for two,Healthy Food|Salads|Keto|Snacks,4.7,1.9K+,25,2.3,True,False,ITEMS,AT ₹119,,355285,https://www.swiggy.com/city/hyderabad/wefit-protein-bowls-salads-and-sandwiches-circle-no-29-sindhi-colony-rest643818
2026-09-19 21:12:19,Hyderabad,Secunderabad,17.4399,78.4983,622188,MOJO Pizza - 2X Toppings,Circle No.29,SINDHI COLONY,₹250 for two,Pizzas|Italian|Fast Food|Desserts,4.6,1.1K+,25,2.3,True,False,70% OFF,UPTO ₹140,,11329,https://www.swiggy.com/city/hyderabad/mojo-pizza-2x-toppings-circle-no-29-sindhi-colony-rest622188
2026-09-19 21:12:19,Hyderabad,Secunderabad,17.4399,78.4983,482476,ZAZA Mughal Biryani,Circle No.29,SINDHI COLONY,₹250 for two,Biryani|North Indian|Awadhi,4.4,1.2K+,25,2.3,True,False,70% OFF,UPTO ₹140,,22473,https://www.swiggy.com/city/hyderabad/zaza-mughal-biryani-circle-no-29-sindhi-colony-rest482476
2026-09-19 21:12:19,Hyderabad,Secunderabad,17.4399,78.4983,482477,NH1 Bowls - Highway To North,Circle No.29,SINDHI COLONY,₹250 for two,North Indian|Punjabi|Home Food,4.6,1.9K+,25,2.3,True,False,70% OFF,UPTO ₹140,,22452,https://www.swiggy.com/city/hyderabad/nh1-bowls-highway-to-north-circle-no-29-sindhi-colony-rest482477
2026-09-19 21:12:19,Hyderabad,Secunderabad,17.4399,78.4983,681598,LeanCrust Pizza- ThinCrust Experts,Circle No.29,SINDHI COLONY,₹300 for two,Pizzas|Italian|Desserts,4.5,1.0K+,25,2.3,True,False,70% OFF,UPTO ₹140,,11216,https://www.swiggy.com/city/hyderabad/leancrust-pizza-thincrust-experts-circle-no-29-sindhi-colony-rest681598
2026-09-19 21:12:19,Hyderabad,Secunderabad,17.4399,78.4983,62510,Ohri's Cake Nation,SD Road,SD Road,₹450 for two,Bakery|Desserts|Beverages,4.2,16K+,24,0.3,True,True,70% OFF,UPTO ₹140,,233127,https://www.swiggy.com/city/hyderabad/ohris-cake-nation-sd-road-rest62510
2026-09-19 21:12:19,Hyderabad,Secunderabad,17.4399,78.4983,2348,Blue Fox,SD Road,Kalasiguda,₹800 for two,Biryani|Chinese|Tandoor,4.3,42K+,36,1.1,True,False,ITEMS,AT ₹110,,759188,https://www.swiggy.com/city/hyderabad/blue-fox-sd-road-kalasiguda-rest2348
2026-09-19 21:12:19,Hyderabad,Secunderabad,17.4399,78.4983,209311,Almond House,SD Road,Secunderabad,₹500 for two,Sweets|Desserts|Snacks|Beverages,4.6,10K+,23,0.6,True,True,₹125 OFF,ABOVE ₹999,FLAT DEAL,40,https://www.swiggy.com/city/hyderabad/almond-house-sd-road-secunderabad-rest209311
2026-09-19 21:12:19,Hyderabad,Secunderabad,17.4399,78.4983,626811,Paradise Biryani,New Boiguda,Padmarao Nagar,₹400 for two,Biryani|Kebabs|Desserts|Beverages|Haleem,4.2,11K+,28,1.9,True,False,ITEMS,AT ₹37,,700,https://www.swiggy.com/city/hyderabad/paradise-biryani-new-boiguda-padmarao-nagar-rest626811
2026-09-19 21:12:19,Hyderabad,Secunderabad,17.4399,78.4983,359256,NIC Ice Creams,Secunderabad,Bhoiguda,₹120 for two,Ice Cream|Desserts,4.5,7.3K+,26,2,True,True,ITEMS,AT ₹42,,6249,https://www.swiggy.com/city/hyderabad/nic-ice-creams-secunderabad-bhoiguda-rest359256
2026-09-19 21:12:19,Hyderabad,Secunderabad,17.4399,78.4983,1230431,Lucky MultiCuisine Restaurant,Kharkhana & Trimulgherry,Kharkhana & Trimulgherry,₹400 for two,Biryani,3.7,2.4K+,35,2.4,True,False,70% OFF,UPTO ₹140,,18963,https://www.swiggy.com/city/hyderabad/lucky-multicuisine-restaurant-kharkhana-and-trimulgherry-rest1230431
2026-09-19 21:12:19,Hyderabad,Secunderabad,17.4399,78.4983,707723,Yummy Bee,Karkhana,Secunderabad,₹500 for two,Cakes|Desserts|Bakery|Pizzas|Pastas|Healthy,4.6,1.1K+,21,0.9,True,False,70% OFF,UPTO ₹140,,358572,https://www.swiggy.com/city/hyderabad/yummy-bee-karkhana-secunderabad-rest707723
2026-09-19 21:12:19,Hyderabad,Secunderabad,17.4399,78.4983,10070,Bikanervala,Hyderguda - Basheerbagh road,Basheer Bagh,₹500 for two,Sweets|North Indian|Chinese|South Indian,4.5,40K+,50,6.1,True,True,,,,45936,https://www.swiggy.com/city/hyderabad/bikanervala-hyderguda-basheerbagh-road-basheer-bagh-rest10070
2026-09-19 21:12:19,Hyderabad,Secunderabad,17.4399,78.4983,1148881,Raju Gari Biryani,Kharkhana & Trimulgherry,Kharkhana & Trimulgherry,₹200 for two,Biryani,3.7,8.0K+,20,1.3,True,False,70% OFF,UPTO ₹140,,165947,https://www.swiggy.com/city/hyderabad/raju-gari-biryani-kharkhana-and-trimulgherry-rest1148881
2026-09-19 21:12:19,Hyderabad,Secunderabad,17.4399,78.4983,5862,Megha City,Basheerbagh,Basheerbagh,₹500 for two,South Indian|Biryani|Chinese|Seafood|Beverages,4.5,69K+,49,5,True,False,,,,488865,https://www.swiggy.com/city/hyderabad/megha-city-basheerbagh-rest5862
2026-09-19 21:12:19,Hyderabad,Secunderabad,17.4399,78.4983,1310370,Jalapenos Mexican Kitchen,Banjara Hills,Banjara Hills,₹400 for two,Italian-American,4.3,210,60,7.6,True,False,ITEMS,AT ₹149,,666289,https://www.swiggy.com/city/hyderabad/jalapenos-mexican-kitchen-banjara-hills-rest1310370
2026-09-19 21:12:19,Hyderabad,Ameerpet,17.4374,78.4487,358725,Lucky Restaurant,Ameerpet,Banjara Hills,₹300 for two,Biryani|Tandoor,4.1,70K+,41,5,True,False,70% OFF,UPTO ₹140,,535180,https://www.swiggy.com/city/hyderabad/lucky-restaurant-ameerpet-banjara-hills-rest358725
2026-09-19 21:12:19,Hyderabad,Ameerpet,17.4374,78.4487,2797,KS Bakers,Nagarjuna nagar colony,Ameerpet ,₹250 for two,Bakery|Pizzas|Desserts|Snacks|Fast Food,4.2,68K+,34,1.6,True,False,₹150 OFF,ABOVE ₹449,FLAT DEAL,574,https://www.swiggy.com/city/hyderabad/ks-bakers-nagarjuna-nagar-colony-ameerpet-rest2797
2026-09-19 21:12:19,Hyderabad,Ameerpet,17.4374,78.4487,23698,McDonald's,Pragathi Nagar,Banjara Hills,₹400 for two,Burgers|Beverages|Cafe|Desserts,4.4,51K+,41,4,True,True,ITEMS,AT ₹64,,630,https://www.swiggy.com/city/hyderabad/mcdonalds-pragathi-nagar-banjara-hills-rest23698
2026-09-19 21:12:19,Hyderabad,Ameerpet,17.4374,78.4487,2535,Agra Sweets Banjara,Masab Tank,Masab Tank,₹250 for two,Sweets|Desserts|Chaat|Snacks|Beverages,4.5,99K+,45,4.7,True,True,45% OFF,UPTO ₹90,,34,https://www.swiggy.com/city/hyderabad/agra-sweets-banjara-masab-tank-rest2535
2026-09-19 21:12:19,Hyderabad,Ameerpet,17.4374,78.4487,435640,Bakingo,Khairtabad,Banjara Hills,₹300 for two,Bakery,4.5,10K+,36,3.8,True,False,ITEMS,AT ₹649,,3818,https://www.swiggy.com/city/hyderabad/bakingo-khairtabad-banjara-hills-rest435640
2026-09-19 21:12:19,Hyderabad,Ameerpet,17.4374,78.4487,565286,Wendy's Burgers,Sanjeeva Reddy Nagar Rd,S R Nagar,₹200 for two,Burgers|Fast Food|wrap,4.2,7.4K+,35,2.7,True,False,ITEMS,AT ₹59,,972,https://www.swiggy.com/city/hyderabad/wendys-burgers-sanjeeva-reddy-nagar-rd-s-r-nagar-rest565286
2026-09-19 21:12:19,Hyderabad,Ameerpet,17.4374,78.4487,485370,Big Bowl,Balkampet Road,Ameerpet,₹250 for two,Chinese|Tibetan|Desserts,4,3.7K+,28,1.9,True,False,70% OFF,UPTO ₹140,,434792,https://www.swiggy.com/city/hyderabad/big-bowl-balkampet-road-ameerpet-rest485370
2026-09-19 21:12:19,Hyderabad,Ameerpet,17.4374,78.4487,491475,Chinese Wok,Ameerpet,Gachibowli,₹250 for two,Chinese|Asian|Tibetan|Desserts,4,5.0K+,29,1.9,True,False,70% OFF,UPTO ₹140,,61955,https://www.swiggy.com/city/hyderabad/chinese-wok-ameerpet-gachibowli-rest491475
2026-09-19 21:12:19,Hyderabad,Ameerpet,17.4374,78.4487,54215,Taco Bell,L&T Punjagutta Mall,Punjagutta,₹300 for two,Mexican|Fast Food|Snacks,4.2,18K+,36,2.2,True,False,65% OFF,UPTO ₹125,,1557,https://www.swiggy.com/city/hyderabad/taco-bell-l-and-t-mall-punjagutta-rest54215
2026-09-19 21:12:19,Hyderabad,Ameerpet,17.4374,78.4487,63177,Baskin Robbins - Ice Cream Desserts,Begumpet,Begumpet,₹300 for two,Desserts|Ice Cream,4.6,7.7K+,27,2.2,True,True,ITEMS,AT ₹15,,5588,https://www.swiggy.com/city/hyderabad/baskin-robbins-ice-cream-desserts-begumpet-rest63177
2026-09-19 21:12:19,Hyderabad,Ameerpet,17.4374,78.4487,748258,Popeyes,Balkampet Road,Asian Satyam Mall,₹350 for two,Burgers|American|Roll,4.5,4.2K+,30,0.1,True,False,50% OFF,,FLAT DEAL,397044,https://www.swiggy.com/city/hyderabad/popeyes-balkampet-road-asian-satyam-mall-rest748258
2026-09-19 21:12:19,Hyderabad,Ameerpet,17.4374,78.4487,3324,Srikanya,Somajiguda,Panjagutta,₹250 for two,Biryani|Andhra|South Indian,4.3,95K+,33,2.6,True,False,ITEMS,AT ₹95,,7317,https://www.swiggy.com/city/hyderabad/srikanya-somajiguda-panjagutta-rest3324
2026-09-19 21:12:19,Hyderabad,Ameerpet,17.4374,78.4487,189350,The Biryani Life,S R Nagar,Sanath Nagar,₹250 for two,Biryani|Mughlai|Lucknowi|Hyderabadi|Kebabs|Desserts|Beverages,3.9,1.7K+,34,2.7,True,False,70% OFF,UPTO ₹140,,8496,https://www.swiggy.com/city/hyderabad/the-biryani-life-s-r-nagar-sanath-nagar-rest189350
2026-09-19 21:12:19,Hyderabad,Ameerpet,17.4374,78.4487,35540,Sweet Truth - Cake and Desserts,S R Nagar,Sanath Nagar,₹450 for two,Desserts|Ice Cream|Bakery|Beverages,4.2,2.4K+,32,2.7,True,False,ITEMS,AT ₹69,,4444,https://www.swiggy.com/city/hyderabad/sweet-truth-cake-and-desserts-s-r-nagar-sanath-nagar-rest35540
2026-09-19 21:12:19,Hyderabad,Ameerpet,17.4374,78.4487,155414,The Good Bowl,S R Nagar,Sanath Nagar,₹400 for two,Biryani|Pastas|Punjabi|Desserts|Beverages,4.2,2.5K+,34,2.7,True,False,ITEMS,AT ₹99,,7918,https://www.swiggy.com/city/hyderabad/the-good-bowl-s-r-nagar-sanath-nagar-rest155414
2026-09-19 21:12:19,Hyderabad,Ameerpet,17.4374,78.4487,173458,CakeZone Patisserie,BANJARA HILLS ROAD,"VST Colony, Punjagutta",₹200 for two,Bakery|Desserts|Sweets|Ice Cream,4.2,17K+,32,1.8,True,False,70% OFF,UPTO ₹140,,7003,https://www.swiggy.com/city/hyderabad/cakezone-patisserie-banjara-hills-road-vst-colony-punjagutta-rest173458
2026-09-19 21:12:19,Hyderabad,Ameerpet,17.4374,78.4487,681567,LeanCrust Pizza- ThinCrust Experts,TARA TOWERS AMEERPET,Khairatabad Circle No.17,₹300 for two,Pizzas|Italian|Desserts,4.6,1.6K+,25,0.2,True,False,ITEMS,AT ₹149,,11216,https://www.swiggy.com/city/hyderabad/leancrust-pizza-thincrust-experts-tara-towers-ameerpet-khairatabad-circle-no-17-rest681567
2026-09-19 21:12:19,Hyderabad,Ameerpet,17.4374,78.4487,622157,MOJO Pizza - 2X Toppings,TARA TOWERS AMEERPET,Khairatabad Circle No.17,₹250 for two,Pizzas|Italian|Fast Food|Desserts,4.6,1.5K+,25,0.2,True,False,ITEMS,AT ₹99,,11329,https://www.swiggy.com/city/hyderabad/mojo-pizza-2x-toppings-tara-towers-ameerpet-khairatabad-circle-no-17-rest622157
2026-09-19 21:12:19,Hyderabad,Ameerpet,17.4374,78.4487,643789,"WeFit - Protein Bowls, Salads & Sandwiches",TARA TOWERS AMEERPET,Khairatabad Circle No.17,₹250 for two,Healthy Food|Salads|Keto|Snacks,4.7,2.0K+,25,0.2,True,False,ITEMS,AT ₹119,,355285,https://www.swiggy.com/city/hyderabad/wefit-protein-bowls-salads-and-sandwiches-tara-towers-ameerpet-khairatabad-circle-no-17-rest643789
2026-09-19 21:12:19,Hyderabad,Ameerpet,17.4374,78.4487,418444,ZAZA Mughal Biryani,TARA TOWERS AMEERPET,Khairatabad Circle No.17,₹250 for two,Biryani|North Indian|Awadhi,4.4,1.7K+,25,0.2,True,False,70% OFF,UPTO ₹140,,22473,https://www.swiggy.com/city/hyderabad/zaza-mughal-biryani-tara-towers-ameerpet-khairatabad-circle-no-17-rest418444
2026-09-19 21:12:19,Hyderabad,Ameerpet,17.4374,78.4487,367769,Lucky Restaurant,Banjara Hills,Banjara Hills,₹300 for two,Biryani|Tandoor,4,87K+,49,5,True,False,70% OFF,UPTO ₹140,,535180,https://www.swiggy.com/city/hyderabad/lucky-restaurant-banjara-hills-rest367769
2026-09-19 21:12:19,Hyderabad,Ameerpet,17.4374,78.4487,100942,Lucky Multicuisine Restaurant,Somajiguda,Somajiguda,₹350 for two,Biryani|Tandoor|South Indian,3.9,78K+,33,2.9,True,False,70% OFF,UPTO ₹140,,18963,https://www.swiggy.com/city/hyderabad/lucky-multicuisine-restaurant-somajiguda-rest100942
2026-09-19 21:12:19,Hyderabad,Ameerpet,17.4374,78.4487,968180,The Homely Bowls,Ameerpet,Ameerpet,₹200 for two,Biryani|South Indian,4.1,1.7K+,25,1.7,True,False,ITEMS,AT ₹59,,566928,https://www.swiggy.com/city/hyderabad/the-homely-bowls-ameerpet-rest968180
2026-09-19 21:12:19,Hyderabad,Ameerpet,17.4374,78.4487,6336,Spicy Restaurant,Yousufguda,Yousufguda,₹300 for two,Biryani|Tandoor,4.1,129K+,36,4.3,True,False,ITEMS,AT ₹149,,894,https://www.swiggy.com/city/hyderabad/spicy-restaurant-yousufguda-rest6336
2026-09-19 21:12:19,Hyderabad,Ameerpet,17.4374,78.4487,1061328,Crimson Chopsticks,Jubilee Hills,Jubilee Hills,₹400 for two,Chinese|Asian|Fast Food|Thai|Hyderabadi,4.1,1.6K+,52,7.1,True,False,ITEMS,AT ₹149,,616251,https://www.swiggy.com/city/hyderabad/crimson-chopsticks-jubilee-hills-rest1061328
2026-09-19 21:12:19,Hyderabad,Ameerpet,17.4374,78.4487,1037718,Biryani Souq,Jubilee Hills,Jubilee Hills,₹600 for two,Biryani|Hyderabadi|Kebabs|North Indian|Tandoor|Starters,4.1,4.1K+,46,7.1,True,False,ITEMS,AT ₹79,,603972,https://www.swiggy.com/city/hyderabad/biryani-souq-jubilee-hills-rest1037718
2026-09-19 21:12:19,Hyderabad,Ameerpet,17.4374,78.4487,1140766,Marhaba Shawarma - Yalla Habibi !,Jubilee Hills,Jubilee Hills,₹300 for two,shawarma|Arabian|Lebanese|Kebabs|Biryani,4,1.0K+,50,7.1,True,False,70% OFF,UPTO ₹140,,687921,https://www.swiggy.com/city/hyderabad/marhaba-shawarma-yalla-habibi-jubilee-hills-rest1140766
2026-09-19 21:12:19,Hyderabad,Dilsukhnagar,17.3687,78.5247,40998,Lucky Restaurant,Nagole,Nagole,₹300 for two,Biryani|Tandoor,4.1,332K+,34,5,True,False,70% OFF,UPTO ₹140,,535180,https://www.swiggy.com/city/hyderabad/lucky-restaurant-nagole-rest40998
2026-09-19 21:12:19,Hyderabad,Dilsukhnagar,17.3687,78.5247,2533,Agra Sweets Banjara,Vijaypuri Colony,Kharmanghat,₹250 for two,Sweets|Desserts|Chaat|Snacks|Beverages,4.2,24K+,39,5,True,True,45% OFF,UPTO ₹90,,34,https://www.swiggy.com/city/hyderabad/agra-sweets-banjara-vijaypuri-colony-kharmanghat-rest2533
2026-09-19 21:12:19,Hyderabad,Dilsukhnagar,17.3687,78.5247,29287,KS Bakers,L B Nagar,L B Nagar,₹250 for two,Bakery|Pizzas|Desserts|Snacks|Fast Food,4.1,80K+,38,5.8,True,False,₹150 OFF,ABOVE ₹449,FLAT DEAL,574,https://www.swiggy.com/city/hyderabad/ks-bakers-l-b-nagar-rest29287
2026-09-19 21:12:19,Hyderabad,Dilsukhnagar,17.3687,78.5247,309343,Baskin Robbins - Ice Cream Desserts,Alkapuri,Kothapet,₹250 for two,Desserts|Ice Cream,4.4,1.9K+,31,4.1,True,True,ITEMS,AT ₹15,,5588,https://www.swiggy.com/city/hyderabad/baskin-robbins-ice-cream-desserts-alkapuri-kothapet-rest309343
2026-09-19 21:12:19,Hyderabad,Dilsukhnagar,17.3687,78.5247,639489,Dum Safar Biryani,Doctors Colony,KOTHAPET,₹500 for two,Biryani|Hyderabadi|Kebabs|North Indian|barbeque,3.6,1.0K+,32,3.5,True,False,ITEMS,AT ₹149,,351013,https://www.swiggy.com/city/hyderabad/dum-safar-biryani-doctors-colony-kothapet-rest639489
2026-09-19 21:12:19,Hyderabad,Dilsukhnagar,17.3687,78.5247,495452,Chinese Wok,Saroor Nagar West,Saroor Nagar West,₹250 for two,Chinese|Asian|Tibetan|Desserts,3.9,4.7K+,36,3,True,False,70% OFF,UPTO ₹140,,61955,https://www.swiggy.com/city/hyderabad/chinese-wok-saroor-nagar-west-rest495452
2026-09-19 21:12:19,Hyderabad,Dilsukhnagar,17.3687,78.5247,726147,Bakingo,Dilsukh Nagar,Saroornagar,₹299 for two,Bakery|Desserts|Beverages|Snacks,4.6,15K+,27,2.5,True,False,ITEMS,AT ₹649,,3818,https://www.swiggy.com/city/hyderabad/bakingo-dilsukh-nagar-saroornagar-rest726147
2026-09-19 21:12:19,Hyderabad,Dilsukhnagar,17.3687,78.5247,173999,Taco Bell,L&T mall Malakpet,New Malakpet,₹300 for two,Mexican|Fast Food|Snacks,4,10K+,36,2.4,True,False,65% OFF,UPTO ₹125,,1557,https://www.swiggy.com/city/hyderabad/taco-bell-l-and-t-mall-malakpet-new-malakpet-rest173999
2026-09-19 21:12:19,Hyderabad,Dilsukhnagar,17.3687,78.5247,464700,ZAZA Mughal Biryani,Dilsukhnagar,Sri Nagar Colony,₹250 for two,Biryani|North Indian|Awadhi,4.5,2.5K+,25,1.7,True,False,70% OFF,UPTO ₹140,,22473,https://www.swiggy.com/city/hyderabad/zaza-mughal-biryani-dilsukhnagar-sri-nagar-colony-rest464700
2026-09-19 21:12:19,Hyderabad,Dilsukhnagar,17.3687,78.5247,464701,NH1 Bowls - Highway To North,Dilsukhnagar,Sri Nagar Colony,₹250 for two,North Indian|Punjabi|Home Food,4.7,2.1K+,25,1.7,True,False,ITEMS,AT ₹119,,22452,https://www.swiggy.com/city/hyderabad/nh1-bowls-highway-to-north-dilsukhnagar-sri-nagar-colony-rest464701
2026-09-19 21:12:19,Hyderabad,Dilsukhnagar,17.3687,78.5247,681588,LeanCrust Pizza- ThinCrust Experts,Sri Nagar Colony,Dilsukhnagar,₹300 for two,Pizzas|Italian|Desserts,4.7,2.8K+,25,1.7,True,False,ITEMS,AT ₹149,,11216,https://www.swiggy.com/city/hyderabad/leancrust-pizza-thincrust-experts-sri-nagar-colony-dilsukhnagar-rest681588
2026-09-19 21:12:19,Hyderabad,Dilsukhnagar,17.3687,78.5247,622178,MOJO Pizza - 2X Toppings,Sri Nagar Colony,Dilsukhnagar,₹250 for two,Pizzas|Italian|Fast Food|Desserts,4.7,2.8K+,25,1.7,True,False,ITEMS,AT ₹99,,11329,https://www.swiggy.com/city/hyderabad/mojo-pizza-2x-toppings-sri-nagar-colony-dilsukhnagar-rest622178
2026-09-19 21:12:19,Hyderabad,Dilsukhnagar,17.3687,78.5247,643809,"WeFit - Protein Bowls, Salads & Sandwiches",Sri Nagar Colony,Dilsukhnagar,₹250 for two,Healthy Food|Salads|Keto|Snacks,4.7,3.4K+,25,1.7,True,False,ITEMS,AT ₹119,,355285,https://www.swiggy.com/city/hyderabad/wefit-protein-bowls-salads-and-sandwiches-sri-nagar-colony-dilsukhnagar-rest643809
2026-09-19 21:12:19,Hyderabad,Dilsukhnagar,17.3687,78.5247,156177,The Good Bowl,Dilsukhnagar FC,New Malakpet,₹400 for two,Biryani|North Indian|Pastas|Punjabi|Desserts|Beverages,4.2,2.1K+,30,1.2,True,False,ITEMS,AT ₹99,,7918,https://www.swiggy.com/city/hyderabad/the-good-bowl-dilsukhnagar-fc-new-malakpet-rest156177
2026-09-19 21:12:19,Hyderabad,Dilsukhnagar,17.3687,78.5247,124595,Sweet Truth - Cake and Desserts,Moosarambagh,New Malakpet,₹450 for two,Desserts|Ice Cream|Bakery|Beverages,4.1,2.7K+,24,1.2,True,False,ITEMS,AT ₹69,,4444,https://www.swiggy.com/city/hyderabad/sweet-truth-cake-and-desserts-moosarambagh-new-malakpet-rest124595
2026-09-19 21:12:19,Hyderabad,Dilsukhnagar,17.3687,78.5247,189412,The Biryani Life,Moosarambagh,New Malakpet,₹250 for two,Biryani|Mughlai|Lucknowi|Hyderabadi|Kebabs|Desserts|Beverages,3.6,1.2K+,30,1.2,True,False,70% OFF,UPTO ₹140,,8496,https://www.swiggy.com/city/hyderabad/the-biryani-life-moosarambagh-new-malakpet-rest189412
2026-09-19 21:12:19,Hyderabad,Dilsukhnagar,17.3687,78.5247,362219,Natural Ice Cream,Dilsukhnagar FC,New Malakpet,₹150 for two,Ice Cream|Desserts,4.5,2.5K+,22,1.2,True,True,₹550 OFF,ABOVE ₹2499,FLAT DEAL,2093,https://www.swiggy.com/city/hyderabad/natural-ice-cream-dilsukhnagar-fc-new-malakpet-rest362219
2026-09-19 21:12:19,Hyderabad,Dilsukhnagar,17.3687,78.5247,385799,KFC,Near Metro Station,Dilsukhnagar,₹400 for two,Burgers|Fast Food|Rolls & Wraps,4.1,6.2K+,23,0.8,True,False,50% OFF,,FLAT DEAL,547,https://www.swiggy.com/city/hyderabad/kfc-near-metro-station-dilsukhnagar-rest385799
2026-09-19 21:12:19,Hyderabad,Dilsukhnagar,17.3687,78.5247,860947,McDonald's,Sagar Road,Champapet,₹400 for two,Burgers|Beverages|Cafe|Desserts,4.3,3.4K+,41,4.5,True,False,ITEMS,AT ₹64,,630,https://www.swiggy.com/city/hyderabad/mcdonalds-sagar-road-champapet-rest860947
2026-09-19 21:12:19,Hyderabad,Dilsukhnagar,17.3687,78.5247,355757,Grameen Kulfi,Magic Spoons Enterprises,Kothapet,₹120 for two,Ice Cream|Desserts,4.6,2.2K+,24,2.6,True,True,ITEMS,AT ₹59,,12175,https://www.swiggy.com/city/hyderabad/grameen-kulfi-magic-spoons-enterprises-kothapet-rest355757
2026-09-19 21:12:19,Hyderabad,Dilsukhnagar,17.3687,78.5247,40377,Lucky Restaurant,Santosh Nagar,Santosh Nagar,₹300 for two,Biryani|Tandoor,4.1,248K+,37,5,True,False,70% OFF,UPTO ₹140,,535180,https://www.swiggy.com/city/hyderabad/lucky-restaurant-santosh-nagar-rest40377
2026-09-19 21:12:19,Hyderabad,Dilsukhnagar,17.3687,78.5247,33998,G.Pulla Reddy - Pure Ghee Sweets,Dilsukhnagar,Dilsukhnagar,₹300 for two,Sweets|Snacks|Bakery,4.6,18K+,22,1.3,True,True,,,,606921,https://www.swiggy.com/city/hyderabad/g-pulla-reddy-pure-ghee-sweets-dilsukhnagar-rest33998
2026-09-19 21:12:19,Hyderabad,Dilsukhnagar,17.3687,78.5247,1196327,Yummy Bee,Saidabad,Kothapet & Dilsukhnagar,₹800 for two,Cakes|Desserts|Bakery|Pizzas|Pastas|Healthy,4.4,453,19,0.5,True,False,70% OFF,UPTO ₹140,,358572,https://www.swiggy.com/city/hyderabad/yummy-bee-saidabad-kothapet-and-dilsukhnagar-rest1196327
2026-09-19 21:12:19,Hyderabad,Dilsukhnagar,17.3687,78.5247,991080,Raju Gari Biryani,Kothapet & Dilsukhnagar,Kothapet & Dilsukhnagar,₹300 for two,Chinese|Biryani,3.7,14K+,24,2,True,False,70% OFF,UPTO ₹140,,165947,https://www.swiggy.com/city/hyderabad/raju-gari-biryani-kothapet-and-dilsukhnagar-rest991080
2026-09-19 21:12:19,Hyderabad,Dilsukhnagar,17.3687,78.5247,1218089,Venkateshwara Fast Food Pure Veg,Himayath Nagar,Himayath Nagar,₹300 for two,Chinese|South Indian|Indian|Fast Food,4.1,147,48,6.3,True,True,ITEMS,AT ₹89,,695703,https://www.swiggy.com/city/hyderabad/venkateshwara-fast-food-pure-veg-himayath-nagar-rest1218089
2026-09-19 21:12:19,Hyderabad,Dilsukhnagar,17.3687,78.5247,114253,Shah Ghouse Hotel & Restaurant,Kothapet & Dilsukhnagar,L B Nagar,₹350 for two,Biryani|Chinese|Mughlai|Tandoor,4.2,79K+,35,7,True,False,,,,19271,https://www.swiggy.com/city/hyderabad/shah-ghouse-hotel-and-restaurant-kothapet-and-dilsukhnagar-l-b-nagar-rest114253
2026-09-19 21:12:19,Hyderabad,Dilsukhnagar,17.3687,78.5247,21633,A-1 Chicken Pakoda,Dilsukh Nagar,Dilsukh Nagar,₹250 for two,Biryani|Chinese|Mughlai,4.2,45K+,18,0.5,True,False,20% OFF,UPTO ₹50,,12043,https://www.swiggy.com/city/hyderabad/a-1-chicken-pakoda-dilsukh-nagar-rest21633
2026-09-19 21:12:19,Hyderabad,Kondapur,17.4615,78.3639,2534,Agra Sweets Banjara,Rajendra Nagar,Kondapur,₹250 for two,Sweets|Desserts|Chaat|Snacks|Beverages,4.2,33K+,25,0.9,True,True,45% OFF,UPTO ₹90,,34,https://www.swiggy.com/city/hyderabad/agra-sweets-banjara-rajendra-nagar-kondapur-rest2534
2026-09-19 21:12:19,Hyderabad,Kondapur,17.4615,78.3639,15855,KS Bakers,Gachibowli,Gachibowli,₹250 for two,Bakery|Pizzas|Desserts|Snacks|Fast Food,4.3,74K+,40,4,True,False,₹150 OFF,ABOVE ₹449,FLAT DEAL,574,https://www.swiggy.com/city/hyderabad/ks-bakers-gachibowli-rest15855
2026-09-19 21:12:19,Hyderabad,Kondapur,17.4615,78.3639,34633,Srikanya,Kothaguda,Kondapur,₹400 for two,Biryani|Andhra|South Indian,4.2,119K+,25,0.9,True,False,ITEMS,AT ₹75,,7317,https://www.swiggy.com/city/hyderabad/srikanya-kothaguda-kondapur-rest34633
2026-09-19 21:12:19,Hyderabad,Kondapur,17.4615,78.3639,794531,AnTeRa Kitchen and Bar,Konstruct Building 1,Gachibowli,₹650 for two,Chinese|Tandoor|Indian|Beverages,4.3,8.3K+,34,4.1,True,False,ITEMS,AT ₹112,,237768,https://www.swiggy.com/city/hyderabad/antera-kitchen-and-bar-konstruct-building-1-gachibowli-rest794531
2026-09-19 21:12:19,Hyderabad,Kondapur,17.4615,78.3639,603434,Goila Butter Chicken,Serilingampally,Gachibowli,₹600 for two,Biryani|Kebabs|Desserts,4,4.6K+,36,2.9,True,False,70% OFF,UPTO ₹140,,322587,https://www.swiggy.com/city/hyderabad/goila-butter-chicken-serilingampally-gachibowli-rest603434
2026-09-19 21:12:19,Hyderabad,Kondapur,17.4615,78.3639,8665,Baskin Robbins - Ice Cream Desserts,Kondapur,Kondapur,₹300 for two,Ice Cream|Beverages,4.4,9.1K+,25,1.1,True,True,ITEMS,AT ₹15,,5588,https://www.swiggy.com/city/hyderabad/baskin-robbins-ice-cream-desserts-kondapur-rest8665
2026-09-19 21:12:19,Hyderabad,Kondapur,17.4615,78.3639,565288,Wendy's Burgers,Serilingampally,Gachibowli,₹200 for two,Burgers|Fast Food|wrap,4.3,5.1K+,33,3,True,False,70% OFF,UPTO ₹140,,972,https://www.swiggy.com/city/hyderabad/wendys-burgers-serilingampally-gachibowli-rest565288
2026-09-19 21:12:19,Hyderabad,Kondapur,17.4615,78.3639,647348,Louis Burger,Kondapur,Gachibowli,₹600 for two,Burgers|American|Fast Food,3.9,12K+,35,2.1,True,False,70% OFF,UPTO ₹130,,22485,https://www.swiggy.com/city/hyderabad/louis-burger-kondapur-gachibowli-rest647348
2026-09-19 21:12:19,Hyderabad,Kondapur,17.4615,78.3639,371639,Wow! China,Kothaguda,Kondapur,₹300 for two,Chinese|Asian|fastfood|Beverages|Snacks,3.8,3.7K+,35,0.9,True,False,70% OFF,UPTO ₹140,,226836,https://www.swiggy.com/city/hyderabad/wow-china-kothaguda-kondapur-rest371639
2026-09-19 21:12:19,Hyderabad,Kondapur,17.4615,78.3639,127321,Taco Bell,Saraths City Capital Shopping Mall,Forest Dept Colony,₹300 for two,Mexican|Fast Food|Snacks,4.1,8.6K+,36,0.9,True,False,ITEMS,AT ₹39,,1557,https://www.swiggy.com/city/hyderabad/taco-bell-saraths-city-capital-shopping-mall-forest-dept-colony-rest127321
2026-09-19 21:12:19,Hyderabad,Kondapur,17.4615,78.3639,634470,Chaayos Chai+Snacks=Relax,APHB Colony,Gachibowli,₹250 for two,Beverages|Chaat|Bakery|Snacks|Street Food|healthy|Home Food|Maharashtrian|Italian|Desserts,4.5,6.0K+,31,2.6,True,False,51% OFF,,FLAT DEAL,281782,https://www.swiggy.com/city/hyderabad/chaayos-chai-snacks-relax-aphb-colony-gachibowli-rest634470
2026-09-19 21:12:19,Hyderabad,Kondapur,17.4615,78.3639,189351,The Biryani Life,Serlingampally Mandal,Shilpa Hills,₹250 for two,Biryani|Mughlai|Lucknowi|Hyderabadi|Kebabs|Desserts|Beverages,3.4,1.4K+,33,1.1,True,False,70% OFF,UPTO ₹140,,8496,https://www.swiggy.com/city/hyderabad/the-biryani-life-serlingampally-mandal-shilpa-hills-rest189351
2026-09-19 21:12:19,Hyderabad,Kondapur,17.4615,78.3639,156451,The Good Bowl,Hanuman Nagar,Shilpa Hills,₹400 for two,Biryani|Pastas|Punjabi|Desserts|Beverages,4,3.2K+,29,1.1,True,False,70% OFF,UPTO ₹140,,7918,https://www.swiggy.com/city/hyderabad/the-good-bowl-hanuman-nagar-shilpa-hills-rest156451
2026-09-19 21:12:19,Hyderabad,Kondapur,17.4615,78.3639,35541,Sweet Truth - Cake and Desserts,Hanuman Nagar,Shilpa Hills,₹450 for two,Desserts|Ice Cream|Bakery|Beverages,3.8,3.0K+,23,1.1,True,False,70% OFF,UPTO ₹140,,4444,https://www.swiggy.com/city/hyderabad/sweet-truth-cake-and-desserts-hanuman-nagar-shilpa-hills-rest35541
2026-09-19 21:12:19,Hyderabad,Kondapur,17.4615,78.3639,639490,Dum Safar Biryani,SRI MYTHRI SQUARE,KONDAPUR,₹500 for two,Biryani|Hyderabadi|Kebabs|North Indian|barbeque,3.8,2.0K+,30,1.4,True,False,ITEMS,AT ₹149,,351013,https://www.swiggy.com/city/hyderabad/dum-safar-biryani-sri-mythri-square-kondapur-rest639490
2026-09-19 21:12:19,Hyderabad,Kondapur,17.4615,78.3639,511927,CakeZone Patisserie,NEAR GREEN MARK,Marthanda Nagar,₹200 for two,Bakery|Desserts|Sweets|Ice Cream,4.3,6.4K+,29,2.1,True,False,70% OFF,UPTO ₹140,,7003,https://www.swiggy.com/city/hyderabad/cakezone-patisserie-near-green-mark-marthanda-nagar-rest511927
2026-09-19 21:12:19,Hyderabad,Kondapur,17.4615,78.3639,1100,Santosh Dhaba Exclusive,Kothaguda,Gachibowli,₹300 for two,North Indian|Chinese|Biryani,4,136K+,23,0.4,True,True,₹150 OFF,ABOVE ₹449,FLAT DEAL,8784,https://www.swiggy.com/city/hyderabad/santosh-dhaba-exclusive-kothaguda-gachibowli-rest1100
2026-09-19 21:12:19,Hyderabad,Kondapur,17.4615,78.3639,322212,100N, Ravi Colony,Gachibowli,₹250 for two,Barbecue|Juices|Healthy Food,4.3,15K+,22,0.8,True,False,70% OFF,UPTO ₹140,,22768,https://www.swiggy.com/city/hyderabad/100n-ravi-colony-gachibowli-rest322212
2026-09-19 21:12:19,Hyderabad,Kondapur,17.4615,78.3639,300357,Barbeque Nation,Kothaguda,Kothaguda,₹600 for two,North Indian|Barbecue|Kebabs|Biryani|Street Food|Snacks,3.8,2.4K+,32,1.4,True,False,ITEMS,AT ₹149,,2438,https://www.swiggy.com/city/hyderabad/barbeque-nation-kothaguda-rest300357
2026-09-19 21:12:19,Hyderabad,Kondapur,17.4615,78.3639,681539,LeanCrust Pizza ThinCrust Experts,Kondapur,Land Mark Residency,₹300 for two,Pizzas|Italian|Desserts,4.5,1.8K+,25,0.7,True,False,70% OFF,UPTO ₹140,,11216,https://www.swiggy.com/city/hyderabad/leancrust-pizza-thincrust-experts-kondapur-land-mark-residency-rest681539
2026-09-19 21:12:19,Hyderabad,Kondapur,17.4615,78.3639,1139325,Special 9,Gachibowli,Gachibowli,₹1000 for two,Biryani,4.3,1.7K+,26,1.4,True,False,10% OFF,UPTO ₹40,,655893,https://www.swiggy.com/city/hyderabad/special-9-gachibowli-rest1139325
2026-09-19 21:12:19,Hyderabad,Kondapur,17.4615,78.3639,1161763,Jalapenos Mexican Kitchen,Kondapur,Kondapur,₹470 for two,American|Mexican|Salads|Healthy Food,4.3,1.1K+,23,0.4,True,False,ITEMS,AT ₹139,,666289,https://www.swiggy.com/city/hyderabad/jalapenos-mexican-kitchen-kondapur-rest1161763
2026-09-19 21:12:19,Hyderabad,Kondapur,17.4615,78.3639,1262787,The Homely bowls,Gachibowli,Kothaguda,₹300 for two,Biryani,3.8,279,22,0.8,True,False,70% OFF,UPTO ₹140,,566928,https://www.swiggy.com/city/hyderabad/the-homely-bowls-gachibowli-kothaguda-rest1262787
2026-09-19 21:12:19,Hyderabad,Kondapur,17.4615,78.3639,1037385,Yummy Bee,Gachibowli,Kondapur,₹800 for two,Cakes|Desserts|Bakery|Pizzas|Pastas|Healthy,4.2,2.1K+,32,3,True,False,55% OFF,UPTO ₹110,,358572,https://www.swiggy.com/city/hyderabad/yummy-bee-gachibowli-kondapur-rest1037385
2026-09-19 21:12:19,Hyderabad,Kondapur,17.4615,78.3639,353236,KS Bakers,Kondapur,Kondapur,₹250 for two,Bakery|Pizzas|Desserts|Snacks|Fast Food,4.1,6.1K+,32,2.1,True,False,₹150 OFF,ABOVE ₹449,FLAT DEAL,574,https://www.swiggy.com/city/hyderabad/ks-bakers-kondapur-rest353236
2026-09-19 21:12:19,Hyderabad,Kondapur,17.4615,78.3639,1037882,Broadway,Jubilee Hills,Kondapur,₹2000 for two,Italian|Chinese|Indian,4.3,751,41,1.4,True,False,,,,19188,https://www.swiggy.com/city/hyderabad/broadway-jubilee-hills-kondapur-rest1037882
2026-09-19 21:12:19,Hyderabad,Kondapur,17.4615,78.3639,742304,Al Taza,Kothaguda,Kondapur,₹399 for two,Arabian|Beverages|Juices,4.4,3.5K+,23,0.9,True,False,ITEMS,AT ₹120,,405299,https://www.swiggy.com/city/hyderabad/al-taza-kothaguda-kondapur-rest742304
2026-09-19 21:12:19,Hyderabad,Miyapur,17.4968,78.3577,185816,McDonald's,Lingampally,Miyapur,₹400 for two,Burgers|Beverages|Cafe|Desserts,4.2,23K+,35,2.9,True,False,ITEMS,AT ₹64,,630,https://www.swiggy.com/city/hyderabad/mcdonalds-lingampally-miyapur-rest185816
2026-09-19 21:12:19,Hyderabad,Miyapur,17.4968,78.3577,2792,KS Bakers,Miyapur,Miyapur,₹250 for two,Bakery|Pizzas|Desserts|Snacks|Fast Food,4,64K+,30,1.7,True,False,₹150 OFF,ABOVE ₹449,FLAT DEAL,574,https://www.swiggy.com/city/hyderabad/ks-bakers-miyapur-rest2792
2026-09-19 21:12:19,Hyderabad,Miyapur,17.4968,78.3577,118675,Baskin Robbins - Ice Cream Desserts,Chandanagar,Icrisat Colony,₹300 for two,Desserts|Ice Cream,4.4,3.8K+,29,2.7,True,True,ITEMS,AT ₹15,,5588,https://www.swiggy.com/city/hyderabad/baskin-robbins-ice-cream-desserts-chandanagar-icrisat-colony-rest118675
2026-09-19 21:12:19,Hyderabad,Miyapur,17.4968,78.3577,167116,Taco Bell,GSM Shopping Mall,Icrisat Colony,₹300 for two,Mexican|Fast Food|Snacks,4,7.7K+,36,3,True,False,65% OFF,UPTO ₹125,,1557,https://www.swiggy.com/city/hyderabad/taco-bell-gsm-shopping-mall-icrisat-colony-rest167116
2026-09-19 21:12:19,Hyderabad,Miyapur,17.4968,78.3577,189349,The Biryani Life,Madinaguda,Hafeezpet,₹250 for two,Biryani|Mughlai|Lucknowi|Hyderabadi|Kebabs|Desserts|Beverages,3.8,2.0K+,30,1.7,True,False,70% OFF,UPTO ₹140,,8496,https://www.swiggy.com/city/hyderabad/the-biryani-life-madinaguda-hafeezpet-rest189349
2026-09-19 21:12:19,Hyderabad,Miyapur,17.4968,78.3577,156450,The Good Bowl,Madinaguda,Hafeezpet,₹400 for two,Biryani|Pastas|Punjabi|Desserts|Beverages,4.2,2.3K+,35,1.7,True,False,ITEMS,AT ₹99,,7918,https://www.swiggy.com/city/hyderabad/the-good-bowl-madinaguda-hafeezpet-rest156450
2026-09-19 21:12:19,Hyderabad,Miyapur,17.4968,78.3577,35539,Sweet Truth - Cake and Desserts,Madinaguda,Hafeezpet,₹450 for two,Desserts|Ice Cream|Bakery|Beverages,4.2,2.6K+,29,1.7,True,False,ITEMS,AT ₹69,,4444,https://www.swiggy.com/city/hyderabad/sweet-truth-cake-and-desserts-madinaguda-hafeezpet-rest35539
2026-09-19 21:12:19,Hyderabad,Miyapur,17.4968,78.3577,377868,NIC Ice Creams,Miyapur,Miyapur,₹120 for two,Ice Cream|Desserts,4.6,5.6K+,23,2.2,True,False,70% OFF,UPTO ₹140,,6249,https://www.swiggy.com/city/hyderabad/nic-ice-creams-miyapur-rest377868
2026-09-19 21:12:19,Hyderabad,Miyapur,17.4968,78.3577,17467,Cream Stone Ice Cream,Sriram Nagar Colony,Chanda Nagar,₹350 for two,Ice Cream|Desserts|Beverages|Ice Cream Cakes,4.4,83K+,35,4,True,True,50% OFF,,FLAT DEAL,538712,https://www.swiggy.com/city/hyderabad/cream-stone-ice-cream-sriram-nagar-colony-chanda-nagar-rest17467
2026-09-19 21:12:19,Hyderabad,Miyapur,17.4968,78.3577,355753,Grameen Kulfi,Madinaguda main road,Hafeezpet,₹120 for two,Ice Cream|Desserts,4.7,1.8K+,24,2.2,True,True,ITEMS,AT ₹59,,12175,https://www.swiggy.com/city/hyderabad/grameen-kulfi-madinaguda-main-road-hafeezpet-rest355753
2026-09-19 21:12:19,Hyderabad,Miyapur,17.4968,78.3577,46881,Pista House,Kukatpally,Kukatpally,₹500 for two,Biryani|Chinese|Kebabs|Mughlai|Tandoor|Desserts,4.2,309K+,36,3.7,True,False,70% OFF,UPTO ₹140,,1732,https://www.swiggy.com/city/hyderabad/pista-house-kukatpally-rest46881
2026-09-19 21:12:19,Hyderabad,Miyapur,17.4968,78.3577,24624,Domino's Pizza,Opp  Ratandeep Supermarket,Friends Colony,₹400 for two,Pizzas|Italian|Pastas|Desserts,4.2,26K+,25,0.3,True,False,50% OFF,,FLAT DEAL,2456,https://www.swiggy.com/city/hyderabad/dominos-pizza-opp-ratandeep-supermarket-friends-colony-rest24624
2026-09-19 21:12:19,Hyderabad,Miyapur,17.4968,78.3577,8794,Subway,Mythri Nagar,Sri Durga Colony,₹350 for two,sandwich|Salads|wrap|Healthy Food,4.3,31K+,26,1.8,True,False,,,,2,https://www.swiggy.com/city/hyderabad/subway-mythri-nagar-sri-durga-colony-rest8794
2026-09-19 21:12:19,Hyderabad,Miyapur,17.4968,78.3577,17102,KFC,Beside Vijetha Super Market,Hafeezpet,₹400 for two,Burgers|Fast Food|Rolls & Wraps,4.1,31K+,27,1.4,True,False,50% OFF,,FLAT DEAL,547,https://www.swiggy.com/city/hyderabad/kfc-beside-vijetha-super-market-hafeezpet-rest17102
2026-09-19 21:12:19,Hyderabad,Miyapur,17.4968,78.3577,577939,Burger King,Chandanagar Circle No 21,Miyapur,₹350 for two,Burgers|American,3.9,20K+,28,1.4,True,False,ITEMS,AT ₹39,,166,https://www.swiggy.com/city/hyderabad/burger-king-chandanagar-circle-no-21-miyapur-rest577939
2026-09-19 21:12:19,Hyderabad,Miyapur,17.4968,78.3577,549032,La Pino'z Pizza,Madinaguda,Miyapur,₹400 for two,Pizzas|Pastas|Italian|Desserts|Beverages,3.9,6.2K+,36,3,True,False,ITEMS,AT ₹89,,4961,https://www.swiggy.com/city/hyderabad/la-pinoz-pizza-madinaguda-miyapur-rest549032
2026-09-19 21:12:19,Hyderabad,Miyapur,17.4968,78.3577,253016,Ibaco,Miyapur,Miyapur,₹800 for two,Ice Cream,4.1,939,35,2.8,True,False,,,,3481,https://www.swiggy.com/city/hyderabad/ibaco-miyapur-rest253016
2026-09-19 21:12:19,Hyderabad,Miyapur,17.4968,78.3577,261361,The Red Box,Miyapur,Hafeezpet,₹400 for two,Chinese|Asian|Momos|Thai|Beverages|Starters,4.1,8.0K+,36,2.7,True,False,₹550 OFF,ABOVE ₹2499,FLAT DEAL,1636,https://www.swiggy.com/city/hyderabad/the-red-box-miyapur-hafeezpet-rest261361
2026-09-19 21:12:19,Hyderabad,Miyapur,17.4968,78.3577,843575,Go Zero Ice Creams & Desserts,Madinaguda,Miyapur,₹150 for two,Ice Cream|Desserts|Healthy Food,4.2,280,26,1.6,True,True,70% OFF,UPTO ₹140,,343689,https://www.swiggy.com/city/hyderabad/go-zero-ice-creams-and-desserts-madinaguda-miyapur-rest843575
2026-09-19 21:12:19,Hyderabad,Miyapur,17.4968,78.3577,837814,The Pizza Project by Oven Story,Hafeezpet,Hafeezpet,₹400 for two,Pizzas|Italian|Desserts|Beverages,4.4,210,35,1.7,True,False,ITEMS,AT ₹139,,497031,https://www.swiggy.com/city/hyderabad/the-pizza-project-by-oven-story-hafeezpet-rest837814
2026-09-19 21:12:19,Hyderabad,Miyapur,17.4968,78.3577,16164,Lucky Multicuisine Restaurant,Miyapur,Miyapur,₹300 for two,Indian|Chinese|Tandoor,3.6,115K+,20,0.8,True,False,70% OFF,UPTO ₹140,,18963,https://www.swiggy.com/city/hyderabad/lucky-multicuisine-restaurant-miyapur-rest16164
2026-09-19 21:12:19,Hyderabad,Miyapur,17.4968,78.3577,208050,G.Pulla Reddy - Pure Ghee Sweets,Miyapur,Miyapur,₹300 for two,Sweets|Snacks|Bakery,4.4,9.7K+,28,1.5,True,True,,,,606921,https://www.swiggy.com/city/hyderabad/g-pulla-reddy-pure-ghee-sweets-miyapur-rest208050
2026-09-19 21:12:19,Hyderabad,Miyapur,17.4968,78.3577,1325632,Biryani Souq,Gachibowli,Kondapur,₹600 for two,Biryani|Hyderabadi,3.9,523,45,8.2,True,False,70% OFF,UPTO ₹140,,603972,https://www.swiggy.com/city/hyderabad/biryani-souq-gachibowli-kondapur-rest1325632
2026-09-19 21:12:19,Hyderabad,Miyapur,17.4968,78.3577,1325622,Marhaba Shawarma - Yalla Habibi !,Gachibowli,Kondapur,₹500 for two,Rolls & Wraps|Middle Eastern|Kebabs|Mediterranean,4,455,43,8.2,True,False,70% OFF,UPTO ₹140,,687921,https://www.swiggy.com/city/hyderabad/marhaba-shawarma-yalla-habibi-gachibowli-kondapur-rest1325622
2026-09-19 21:12:19,Hyderabad,Miyapur,17.4968,78.3577,1318020,Crimson Chopsticks,Lingampally & Nallagandla,Gachibowli,₹300 for two,Chinese|Bakery|Desserts|Sweets,4.1,341,49,8.2,True,False,70% OFF,UPTO ₹140,,616251,https://www.swiggy.com/city/hyderabad/crimson-chopsticks-lingampally-and-nallagandla-gachibowli-rest1318020
2026-09-19 21:12:19,Hyderabad,Miyapur,17.4968,78.3577,620829,Raju Gari Biryani,Chanda Nagar,Serilingampalle,₹500 for two,Biryani|North Indian|Snacks|Chinese|Mughlai,3.8,14K+,29,3.9,True,False,70% OFF,UPTO ₹140,,165947,https://www.swiggy.com/city/hyderabad/raju-gari-biryani-chanda-nagar-serilingampalle-rest620829
2026-09-19 21:12:19,Hyderabad,Begumpet,17.4435,78.4645,367769,Lucky Restaurant,Banjara Hills,Banjara Hills,₹300 for two,Biryani|Tandoor,4,87K+,53,6.1,True,False,70% OFF,UPTO ₹140,,535180,https://www.swiggy.com/city/hyderabad/lucky-restaurant-banjara-hills-rest367769
2026-09-19 21:12:19,Hyderabad,Begumpet,17.4435,78.4645,23710,McDonald's,SD Road,SD Road,₹400 for two,Burgers|Beverages|Cafe|Desserts,4.3,64K+,40,3,True,False,ITEMS,AT ₹64,,630,https://www.swiggy.com/city/hyderabad/mcdonalds-sd-road-rest23710
2026-09-19 21:12:19,Hyderabad,Begumpet,17.4435,78.4645,9020,Agra Sweets Banjara,West Marredpally,East Nehru Nagar,₹250 for two,Sweets|Desserts|Chaat|Snacks|Beverages,4.4,42K+,37,4.6,True,True,45% OFF,UPTO ₹90,,34,https://www.swiggy.com/city/hyderabad/agra-sweets-banjara-west-marredpally-east-nehru-nagar-rest9020
2026-09-19 21:12:19,Hyderabad,Begumpet,17.4435,78.4645,2797,KS Bakers,Nagarjuna nagar colony,Ameerpet ,₹250 for two,Bakery|Pizzas|Desserts|Snacks|Fast Food,4.2,68K+,50,5,True,False,₹150 OFF,ABOVE ₹449,FLAT DEAL,574,https://www.swiggy.com/city/hyderabad/ks-bakers-nagarjuna-nagar-colony-ameerpet-rest2797
2026-09-19 21:12:19,Hyderabad,Begumpet,17.4435,78.4645,788229,Baskin Robbins - Ice Cream Desserts,ASHA APARTMENT,PRENDERGHAST ROAD,₹250 for two,Desserts|Ice Cream,4.7,339,30,2.3,True,True,ITEMS,AT ₹15,,5588,https://www.swiggy.com/city/hyderabad/baskin-robbins-ice-cream-desserts-asha-apartment-prenderghast-road-rest788229
2026-09-19 21:12:19,Hyderabad,Begumpet,17.4435,78.4645,748258,Popeyes,Balkampet Road,Asian Satyam Mall,₹350 for two,Burgers|American|Roll,4.5,4.2K+,30,5,True,False,50% OFF,,FLAT DEAL,397044,https://www.swiggy.com/city/hyderabad/popeyes-balkampet-road-asian-satyam-mall-rest748258
2026-09-19 21:12:19,Hyderabad,Begumpet,17.4435,78.4645,183789,Bakingo,Secunderabad,Rasool pura,₹300 for two,Bakery|Desserts|Beverages|Snacks,4.6,13K+,33,2.7,True,False,ITEMS,AT ₹649,,3818,https://www.swiggy.com/city/hyderabad/bakingo-secunderabad-rasool-pura-rest183789
2026-09-19 21:12:19,Hyderabad,Begumpet,17.4435,78.4645,681567,LeanCrust Pizza- ThinCrust Experts,TARA TOWERS AMEERPET,Khairatabad Circle No.17,₹300 for two,Pizzas|Italian|Desserts,4.6,1.6K+,25,4.3,True,False,ITEMS,AT ₹149,,11216,https://www.swiggy.com/city/hyderabad/leancrust-pizza-thincrust-experts-tara-towers-ameerpet-khairatabad-circle-no-17-rest681567
2026-09-19 21:12:19,Hyderabad,Begumpet,17.4435,78.4645,622157,MOJO Pizza - 2X Toppings,TARA TOWERS AMEERPET,Khairatabad Circle No.17,₹250 for two,Pizzas|Italian|Fast Food|Desserts,4.6,1.5K+,25,4.3,True,False,ITEMS,AT ₹99,,11329,https://www.swiggy.com/city/hyderabad/mojo-pizza-2x-toppings-tara-towers-ameerpet-khairatabad-circle-no-17-rest622157
2026-09-19 21:12:19,Hyderabad,Begumpet,17.4435,78.4645,643789,"WeFit - Protein Bowls, Salads & Sandwiches",TARA TOWERS AMEERPET,Khairatabad Circle No.17,₹250 for two,Healthy Food|Salads|Keto|Snacks,4.7,2.0K+,25,4.3,True,False,ITEMS,AT ₹119,,355285,https://www.swiggy.com/city/hyderabad/wefit-protein-bowls-salads-and-sandwiches-tara-towers-ameerpet-khairatabad-circle-no-17-rest643789
2026-09-19 21:12:19,Hyderabad,Begumpet,17.4435,78.4645,418444,ZAZA Mughal Biryani,TARA TOWERS AMEERPET,Khairatabad Circle No.17,₹250 for two,Biryani|North Indian|Awadhi,4.4,1.7K+,25,4.3,True,False,70% OFF,UPTO ₹140,,22473,https://www.swiggy.com/city/hyderabad/zaza-mughal-biryani-tara-towers-ameerpet-khairatabad-circle-no-17-rest418444
2026-09-19 21:12:19,Hyderabad,Begumpet,17.4435,78.4645,418445,NH1 Bowls - Highway To North,TARA TOWERS AMEERPET,Khairatabad Circle No.17,₹250 for two,North Indian|Punjabi|Home Food,4.6,2.2K+,25,4.3,True,False,ITEMS,AT ₹119,,22452,https://www.swiggy.com/city/hyderabad/nh1-bowls-highway-to-north-tara-towers-ameerpet-khairatabad-circle-no-17-rest418445
2026-09-19 21:12:19,Hyderabad,Begumpet,17.4435,78.4645,750351,Daily Kitchen - Everyday Homely Meals,TARA TOWERS AMEERPET,Khairatabad Circle No.17,₹250 for two,Home Food|Indian|North Indian|Thalis,4.6,1.8K+,25,4.3,True,False,ITEMS,AT ₹139,,444382,https://www.swiggy.com/city/hyderabad/daily-kitchen-everyday-homely-meals-tara-towers-ameerpet-khairatabad-circle-no-17-rest750351
2026-09-19 21:12:19,Hyderabad,Begumpet,17.4435,78.4645,108985,NIC Ice Creams,Ameerpeth,Begumpet,₹120 for two,Ice Cream|Desserts,4.5,24K+,36,4.1,True,True,70% OFF,UPTO ₹140,,6249,https://www.swiggy.com/city/hyderabad/nic-ice-creams-ameerpeth-begumpet-rest108985
2026-09-19 21:12:19,Hyderabad,Begumpet,17.4435,78.4645,418439,BOX8 - Desi Meals,TARA TOWERS AMEERPET,Khairatabad Circle No.17,₹200 for two,North Indian|Biryani|Thalis|Home Food,4.6,5.2K+,25,4.3,True,False,ITEMS,AT ₹119,,10655,https://www.swiggy.com/city/hyderabad/box8-desi-meals-tara-towers-ameerpet-khairatabad-circle-no-17-rest418439
2026-09-19 21:12:19,Hyderabad,Begumpet,17.4435,78.4645,698238,KFC,SP Road,Secunderabad,₹400 for two,Burgers|Fast Food|Rolls & Wraps,4.2,3.7K+,35,2.6,True,False,50% OFF,,FLAT DEAL,547,https://www.swiggy.com/city/hyderabad/kfc-sp-road-secunderabad-rest698238
2026-09-19 21:12:19,Hyderabad,Begumpet,17.4435,78.4645,268615,Almond House,Begumpet,Secunderabad,₹500 for two,Sweets|Desserts|Snacks|Beverages,4.7,3.3K+,30,1.7,True,True,₹125 OFF,ABOVE ₹999,FLAT DEAL,40,https://www.swiggy.com/city/hyderabad/almond-house-begumpet-secunderabad-rest268615
2026-09-19 21:12:19,Hyderabad,Begumpet,17.4435,78.4645,16571,Subway,SP Road,SP Road,₹350 for two,sandwich|Salads|wrap|Healthy Food,4.2,16K+,33,2,True,False,₹80 OFF,ABOVE ₹499,FLAT DEAL,2,https://www.swiggy.com/city/hyderabad/subway-sp-road-rest16571
2026-09-19 21:12:19,Hyderabad,Begumpet,17.4435,78.4645,44934,The Belgian Waffle Co.,Begumpet,Begumpet,₹200 for two,Desserts|Waffle|Coffee,4.6,13K+,28,1.8,True,True,50% OFF,,FLAT DEAL,2233,https://www.swiggy.com/city/hyderabad/the-belgian-waffle-co-begumpet-rest44934
2026-09-19 21:12:19,Hyderabad,Begumpet,17.4435,78.4645,28777,Domino's Pizza,Sindhi Colony,P G Road Sindhi Colony,₹400 for two,Pizzas|Italian|Pastas|Desserts,4.4,19K+,25,1.9,True,False,50% OFF,,FLAT DEAL,2456,https://www.swiggy.com/city/hyderabad/dominos-pizza-sindhi-colony-p-g-road-sindhi-colony-rest28777
2026-09-19 21:12:19,Hyderabad,Begumpet,17.4435,78.4645,100942,Lucky Multicuisine Restaurant,Somajiguda,Somajiguda,₹350 for two,Biryani|Tandoor|South Indian,3.9,78K+,43,5,True,False,70% OFF,UPTO ₹140,,18963,https://www.swiggy.com/city/hyderabad/lucky-multicuisine-restaurant-somajiguda-rest100942
2026-09-19 21:12:19,Hyderabad,Begumpet,17.4435,78.4645,1753,Bikanervala,Road No 1,Banjara Hills,₹450 for two,Sweets|Indian|Pizzas,4.5,41K+,50,6.7,True,True,,,,45936,https://www.swiggy.com/city/hyderabad/bikanervala-road-no-1-banjara-hills-rest1753
2026-09-19 21:12:19,Hyderabad,Begumpet,17.4435,78.4645,920068,Raju Gari Biryani,Punjagutta Officers Colony,Ameerpet,₹300 for two,Chinese|Biryani|Desserts|Beverages|Tandoor,3.8,11K+,34,4.1,True,False,70% OFF,UPTO ₹140,,165947,https://www.swiggy.com/city/hyderabad/raju-gari-biryani-punjagutta-officers-colony-ameerpet-rest920068
2026-09-19 21:12:19,Hyderabad,Begumpet,17.4435,78.4645,5862,Megha City,Basheerbagh,Basheerbagh,₹500 for two,South Indian|Biryani|Chinese|Seafood|Beverages,4.5,69K+,54,7.1,True,False,,,,488865,https://www.swiggy.com/city/hyderabad/megha-city-basheerbagh-rest5862
2026-09-19 21:12:19,Hyderabad,Begumpet,17.4435,78.4645,1310370,Jalapenos Mexican Kitchen,Banjara Hills,Banjara Hills,₹400 for two,Italian-American,4.3,210,49,4.1,True,False,ITEMS,AT ₹149,,666289,https://www.swiggy.com/city/hyderabad/jalapenos-mexican-kitchen-banjara-hills-rest1310370
2026-09-19 21:12:19,Mumbai,Andheri West,19.1364,72.8296,578578,Bakingo-Cakes & Desserts,Versova,R D P II Mhada,₹299 for two,Bakery|Desserts|Beverages|Snacks,4.5,2.3K+,21,1.1,True,False,ITEMS,AT ₹69,,3818,https://www.swiggy.com/city/mumbai/bakingo-cakes-and-desserts-versova-r-d-p-ii-mhada-rest578578
2026-09-19 21:12:19,Mumbai,Andheri West,19.1364,72.8296,76772,Pishu's,Andheri Lokhandwala,Andheri Lokhandwala,₹300 for two,Healthy Food|Juices|Salads|Pastas|Italian|Italian-American,4.5,11K+,28,,True,False,70% OFF,UPTO ₹140,,1268,https://www.swiggy.com/city/mumbai/pishus-andheri-lokhandwala-rest76772
2026-09-19 21:12:19,Mumbai,Andheri West,19.1364,72.8296,26660,Fit Food Company,Oshiwara,Andheri West,₹400 for two,Healthy Food|Continental|Salads|Juices|Seafood|Beverages,4.5,11K+,39,2.7,True,False,70% OFF,UPTO ₹140,,5480,https://www.swiggy.com/city/mumbai/fit-food-company-oshiwara-andheri-west-rest26660
2026-09-19 21:12:19,Mumbai,Andheri West,19.1364,72.8296,23663,McDonald's,Fun Republic,Andheri West,₹400 for two,Burgers|Beverages|Cafe|Desserts,4.3,31K+,23,0.4,True,False,ITEMS,AT ₹64,,630,https://www.swiggy.com/city/mumbai/mcdonalds-fun-republic-andheri-west-rest23663
2026-09-19 21:12:19,Mumbai,Andheri West,19.1364,72.8296,24497,Domino's Pizza,Mahim,Andheri West,₹400 for two,Pizzas|Italian|Pastas|Desserts,4.2,11K+,25,1.1,True,False,ITEMS,AT ₹39,,2456,https://www.swiggy.com/city/mumbai/dominos-pizza-mahim-andheri-west-rest24497
2026-09-19 21:12:19,Mumbai,Andheri West,19.1364,72.8296,7355,Burger King,Andheri Lokhandwala,Andheri West,₹350 for two,Burgers|American,4.2,34K+,36,1.4,True,False,ITEMS,AT ₹39,,166,https://www.swiggy.com/city/mumbai/burger-king-andheri-lokhandwala-andheri-west-rest7355
2026-09-19 21:12:19,Mumbai,Andheri West,19.1364,72.8296,31784,Subway,Inside Kokila Ben Dhirubhai Ambani Hospital,Andheri West,₹350 for two,sandwich|Salads|wrap|Healthy Food,4,7.4K+,33,1.1,True,False,ITEMS,AT ₹69,,2,https://www.swiggy.com/city/mumbai/subway-inside-kokila-ben-dhirubhai-ambani-hospital-andheri-west-rest31784
2026-09-19 21:12:19,Mumbai,Andheri West,19.1364,72.8296,18645,The Belgian Waffle Co.,Near Andheri West Station,Andheri West,₹200 for two,Waffle|Desserts|Ice Cream,4.4,15K+,29,1,True,True,30% OFF,UPTO ₹60,,2233,https://www.swiggy.com/city/mumbai/the-belgian-waffle-co-near-station-andheri-west-rest18645
2026-09-19 21:12:19,Mumbai,Andheri West,19.1364,72.8296,5169,Theobroma,Andheri West,Andheri West,₹400 for two,Bakery|Desserts,4.4,18K+,25,1.9,True,False,ITEMS,AT ₹37,,1040,https://www.swiggy.com/city/mumbai/theobroma-andheri-west-rest5169
2026-09-19 21:12:19,Mumbai,Andheri West,19.1364,72.8296,467269,Pizza Hut,Vicino Mall,Andheri West,₹350 for two,Pizzas,4.2,2.2K+,36,2.5,True,False,50% OFF,,FLAT DEAL,721,https://www.swiggy.com/city/mumbai/pizza-hut-vicino-mall-andheri-west-rest467269
2026-09-19 21:12:19,Mumbai,Andheri West,19.1364,72.8296,110824,Baskin Robbins - Ice Cream Desserts,INFINITI - ANDHERI Infiniti Mall,Andheri West,₹350 for two,Desserts,4.3,692,43,1.4,True,True,ITEMS,AT ₹15,,5588,https://www.swiggy.com/city/mumbai/baskin-robbins-ice-cream-desserts-infiniti-andheri-infiniti-mall-andheri-west-rest110824
2026-09-19 21:12:19,Mumbai,Andheri West,19.1364,72.8296,30898,Natural Ice Cream,Andheri Lokhandwala,Andheri West,₹150 for two,Ice Cream|Desserts,4.7,12K+,20,1,True,False,20% OFF,UPTO ₹50,,2093,https://www.swiggy.com/city/mumbai/natural-ice-cream-andheri-lokhandwala-andheri-west-rest30898
2026-09-19 21:12:19,Mumbai,Andheri West,19.1364,72.8296,296048,Big Bowl,LOKHANDWALA COMPLEX,Andheri West,₹300 for two,North Indian|Chinese|Tibetan|Desserts,4.2,2.6K+,29,1.1,True,False,70% OFF,UPTO ₹140,,434792,https://www.swiggy.com/city/mumbai/big-bowl-lokhandwala-complex-andheri-west-rest296048
2026-09-19 21:12:19,Mumbai,Andheri West,19.1364,72.8296,37058,Chinese Wok,Andheri Lokhandwala,Andheri West,₹250 for two,Chinese|Asian|Tibetan|Desserts,4.1,10K+,27,1.1,True,False,70% OFF,UPTO ₹140,,61955,https://www.swiggy.com/city/mumbai/chinese-wok-andheri-lokhandwala-andheri-west-rest37058
2026-09-19 21:12:19,Mumbai,Andheri West,19.1364,72.8296,47613,"Frozen Bottle - Milkshakes, Desserts And Ice Cream",Andheri Lokhandwala,Andheri Lokhandwala,₹250 for two,Beverages|Ice Cream|Desserts,4.3,4.1K+,23,0.9,True,True,50% OFF,,FLAT DEAL,5655,https://www.swiggy.com/city/mumbai/frozen-bottle-milkshakes-desserts-and-ice-cream-andheri-lokhandwala-rest47613
2026-09-19 21:12:19,Mumbai,Andheri West,19.1364,72.8296,27334,Chaayos Chai+Snacks=Relax,Versova,Andheri West,₹250 for two,Beverages|Chaat|Bakery|Snacks|Street Food|healthy|Home Food|Maharashtrian|Italian|Desserts,4.5,8.6K+,23,1.3,True,True,51% OFF,,FLAT DEAL,281782,https://www.swiggy.com/city/mumbai/chaayos-chai-snacks-relax-versova-andheri-west-rest27334
2026-09-19 21:12:19,Mumbai,Andheri West,19.1364,72.8296,768474,Wendy's Burgers,SMGK Associate Residency,Hill Park Complex,₹400 for two,Burgers|Fast Food|wrap,4.1,2.1K+,35,1.9,True,False,ITEMS,AT ₹59,,972,https://www.swiggy.com/city/mumbai/wendys-burgers-smgk-associate-residency-hill-park-complex-rest768474
2026-09-19 21:12:19,Mumbai,Andheri West,19.1364,72.8296,903368,Salad Days, Enclave Premises Co-Operative Society,Andheri West,₹500 for two,Salads|healthy|food|Snacks,4.4,2.7K+,23,0.5,True,False,ITEMS,AT ₹129,,796,https://www.swiggy.com/city/mumbai/salad-days-enclave-premises-co-operative-society-andheri-west-rest903368
2026-09-19 21:12:19,Mumbai,Andheri West,19.1364,72.8296,639525,Dum Safar Biryani,Andheri West,FUN REPUBLIC MALL,₹500 for two,Biryani|Hyderabadi|Kebabs|North Indian|barbeque,3.6,913,29,0.5,True,False,ITEMS,AT ₹149,,351013,https://www.swiggy.com/city/mumbai/dum-safar-biryani-andheri-west-fun-republic-mall-rest639525
2026-09-19 21:12:19,Mumbai,Andheri West,19.1364,72.8296,603115,"UBQ-Meals,Thalis & Bowls",Veera Desai,Lokhandwala,₹300 for two,North Indian|Kebabs|Barbecue|Biryani|Street Food|Snacks,3.8,840,27,0.5,True,False,₹200 OFF,ABOVE ₹2999,FLAT DEAL,617376,https://www.swiggy.com/city/mumbai/ubq-meals-thalis-and-bowls-veera-desai-lokhandwala-rest603115
2026-09-19 21:12:19,Mumbai,Andheri West,19.1364,72.8296,375944,Sadak Chaap,Andheri Link Road ,Andheri West,₹400 for two,North Indian|Biryani|Tandoor|Punjabi|rolls|Mughlai|Kebabs,4.2,7.3K+,34,1.4,True,True,ITEMS,AT ₹190,,22110,https://www.swiggy.com/city/mumbai/sadak-chaap-andheri-link-road-andheri-west-rest375944
2026-09-19 21:12:19,Mumbai,Andheri West,19.1364,72.8296,438385,Deliure & The Eatrium,Andheri Lokhandwala,Andheri Lokhandwala,₹400 for two,Desserts|Bakery,4.6,17K+,29,1.7,True,True,70% OFF,UPTO ₹140,,70641,https://www.swiggy.com/city/mumbai/deliure-and-the-eatrium-andheri-lokhandwala-rest438385
2026-09-19 21:12:19,Mumbai,Andheri West,19.1364,72.8296,612718,Tibb's Frankie,Shastri Nagar,Andheri West,₹200 for two,Rolls & Wraps|Fast Food|Snacks|Indian,4.1,920,24,0.3,True,False,ITEMS,AT ₹49,,216056,https://www.swiggy.com/city/mumbai/tibbs-frankie-shastri-nagar-andheri-west-rest612718
2026-09-19 21:12:19,Mumbai,Andheri West,19.1364,72.8296,381242,Baba Falooda ( Jogeshwari ),Jogeshwari West,Jog Gor West,₹250 for two,Desserts|Beverages,4.5,8.7K+,30,2.4,True,False,70% OFF,UPTO ₹140,,241510,https://www.swiggy.com/city/mumbai/baba-falooda-jogeshwari-jogeshwari-west-jog-gor-west-rest381242
2026-09-19 21:12:19,Mumbai,Andheri West,19.1364,72.8296,1094896,Sigdi,Andheri West,Andheri West,₹300 for two,Chinese|Mughlai|Grill|Tandoor|Kebabs|North Indian,4,155,32,,True,False,70% OFF,UPTO ₹140,,4267,https://www.swiggy.com/city/mumbai/sigdi-andheri-west-rest1094896
2026-09-19 21:12:19,Mumbai,Andheri West,19.1364,72.8296,766744,Cremure,S V Road,Jog Gor West,₹400 for two,Bakery|Desserts|Waffle|Beverages,4.6,8.7K+,30,2.2,True,False,ITEMS,AT ₹139,,351103,https://www.swiggy.com/city/mumbai/cremure-s-v-road-jog-gor-west-rest766744
2026-09-19 21:12:19,Mumbai,Bandra West,19.0596,72.8295,20354,Meraki,Bandra West,Bandra West,₹399 for two,Chinese|Asian|Thai,4.4,50K+,35,0.7,True,False,70% OFF,UPTO ₹140,,2356,https://www.swiggy.com/city/mumbai/meraki-bandra-west-rest20354
2026-09-19 21:12:19,Mumbai,Bandra West,19.0596,72.8295,294037,Seefah,Bandra West,Bandra West,₹1800 for two,Japanese|Asian,4.3,2.3K+,30,0.7,True,False,,,,179815,https://www.swiggy.com/city/mumbai/seefah-bandra-west-rest294037
2026-09-19 21:12:19,Mumbai,Bandra West,19.0596,72.8295,600670,Bakingo-Cakes & Desserts,Linking Road,Bandra West,₹299 for two,Bakery|Desserts|Beverages|Snacks,4.6,4.2K+,23,0.9,True,False,70% OFF,UPTO ₹140,,3818,https://www.swiggy.com/city/mumbai/bakingo-cakes-and-desserts-linking-road-bandra-west-rest600670
2026-09-19 21:12:19,Mumbai,Bandra West,19.0596,72.8295,378292,Theobroma,Pali Hil,Pali Hill,₹400 for two,Bakery|Desserts,4.5,12K+,18,0.3,True,False,ITEMS,AT ₹37,,1040,https://www.swiggy.com/city/mumbai/theobroma-pali-hil-pali-hill-rest378292
2026-09-19 21:12:19,Mumbai,Bandra West,19.0596,72.8295,16051,KFC,Bandra West,Bandra West,₹400 for two,Burgers|Fast Food|Rolls & Wraps,4.1,31K+,22,1.1,True,False,70% OFF,UPTO ₹140,,547,https://www.swiggy.com/city/mumbai/kfc-bandra-west-rest16051
2026-09-19 21:12:19,Mumbai,Bandra West,19.0596,72.8295,30243,McDonald's,Bandra West,Bandra West,₹400 for two,Burgers|Beverages|Cafe|Desserts,4.3,22K+,22,0.7,True,False,ITEMS,AT ₹64,,630,https://www.swiggy.com/city/mumbai/mcdonalds-bandra-west-rest30243
2026-09-19 21:12:19,Mumbai,Bandra West,19.0596,72.8295,31774,Subway,Bandra West,Bandra West,₹350 for two,sandwich|Salads|wrap|Healthy Food,4.3,30K+,20,0.7,True,False,ITEMS,AT ₹69,,2,https://www.swiggy.com/city/mumbai/subway-bandra-west-rest31774
2026-09-19 21:12:19,Mumbai,Bandra West,19.0596,72.8295,292885,Fresh Catch,Bandra West,Bandra West,₹1000 for two,Seafood,4.3,1.8K+,33,0.7,True,False,20% OFF,UPTO ₹50,,818876,https://www.swiggy.com/city/mumbai/fresh-catch-bandra-west-rest292885
2026-09-19 21:12:19,Mumbai,Bandra West,19.0596,72.8295,15470,The Belgian Waffle Co.,Bandra West,Bandra West,₹200 for two,Waffle|Desserts|Ice Cream,4.4,8.5K+,32,2,True,True,30% OFF,UPTO ₹60,,2233,https://www.swiggy.com/city/mumbai/the-belgian-waffle-co-bandra-west-rest15470
2026-09-19 21:12:19,Mumbai,Bandra West,19.0596,72.8295,656188,Burger King,Station Road,Bandra west,₹350 for two,Burgers|American,4.1,6.4K+,27,1.6,True,False,ITEMS,AT ₹39,,166,https://www.swiggy.com/city/mumbai/burger-king-station-road-bandra-west-rest656188
2026-09-19 21:12:19,Mumbai,Bandra West,19.0596,72.8295,45947,Baskin Robbins - Ice Cream Desserts,Carter Road,Khar West,₹250 for two,Desserts,4.6,4.7K+,21,1.9,True,True,ITEMS,AT ₹15,,5588,https://www.swiggy.com/city/mumbai/baskin-robbins-ice-cream-desserts-carter-road-khar-west-rest45947
2026-09-19 21:12:19,Mumbai,Bandra West,19.0596,72.8295,746101,Bombay Sweet Shop,Darvesh Royale,Bandra West,₹700 for two,Sweets|Desserts|Snacks,4.6,2.7K+,20,,True,True,30% OFF,,FLAT DEAL,48883,https://www.swiggy.com/city/mumbai/bombay-sweet-shop-darvesh-royale-bandra-west-rest746101
2026-09-19 21:12:19,Mumbai,Bandra West,19.0596,72.8295,799856,Magnolia Bakery,Panchasheel Nagar,Bandra West,₹600 for two,Bakery|Desserts,4.6,4.5K+,21,0.1,True,False,70% OFF,UPTO ₹140,,267303,https://www.swiggy.com/city/mumbai/magnolia-bakery-panchasheel-nagar-bandra-west-rest799856
2026-09-19 21:12:19,Mumbai,Bandra West,19.0596,72.8295,75087,NIC Ice Creams,Khar Road West,Bandra West,₹120 for two,Ice Cream|Desserts,4.6,13K+,25,2,True,True,ITEMS,AT ₹42,,6249,https://www.swiggy.com/city/mumbai/nic-ice-creams-khar-road-west-bandra-west-rest75087
2026-09-19 21:12:19,Mumbai,Bandra West,19.0596,72.8295,30891,Natural Ice Cream,Bandra West,Bandra West,₹150 for two,Ice Cream|Desserts,4.7,14K+,15,0.8,True,True,20% OFF,UPTO ₹50,,2093,https://www.swiggy.com/city/mumbai/natural-ice-cream-bandra-west-rest30891
2026-09-19 21:12:19,Mumbai,Bandra West,19.0596,72.8295,170435,Good Flippin' Burgers,Pali Hill,Bandra West,₹600 for two,Burgers|American|Fast Food|Beverages|Wraps|Coffee,4.6,10K+,21,0.2,True,False,70% OFF,UPTO ₹140,,11748,https://www.swiggy.com/city/mumbai/good-flippin-burgers-pali-hill-bandra-west-rest170435
2026-09-19 21:12:19,Mumbai,Bandra West,19.0596,72.8295,389321,Big Bowl,BANDRA POLICE STATION,Bandra West,₹250 for two,Chinese|Tibetan|Desserts,4.3,4.7K+,31,1.1,True,False,70% OFF,UPTO ₹140,,434792,https://www.swiggy.com/city/mumbai/big-bowl-bandra-police-station-bandra-west-rest389321
2026-09-19 21:12:19,Mumbai,Bandra West,19.0596,72.8295,338330,The Good Bowl,Turner Road,Patkar Blocks,₹400 for two,Biryani|Pastas|Punjabi|Desserts|Beverages,4.2,1.0K+,32,1.2,True,False,70% OFF,UPTO ₹140,,7918,https://www.swiggy.com/city/mumbai/the-good-bowl-turner-road-patkar-blocks-rest338330
2026-09-19 21:12:19,Mumbai,Bandra West,19.0596,72.8295,338331,The Biryani Life,Turner Road,Patkar Blocks,₹250 for two,Biryani|Mughlai|Lucknowi|Hyderabadi|Kebabs|Desserts|Beverages,4.2,815,28,1.2,True,False,70% OFF,UPTO ₹140,,8496,https://www.swiggy.com/city/mumbai/the-biryani-life-turner-road-patkar-blocks-rest338331
2026-09-19 21:12:19,Mumbai,Bandra West,19.0596,72.8295,338328,Sweet Truth - Cake and Desserts,Turner Road,Patkar Blocks,₹450 for two,Desserts|Ice Cream|Bakery|Beverages,3.9,368,25,1.2,True,False,70% OFF,UPTO ₹140,,4444,https://www.swiggy.com/city/mumbai/sweet-truth-cake-and-desserts-turner-road-patkar-blocks-rest338328
2026-09-19 21:12:19,Mumbai,Bandra West,19.0596,72.8295,816077,Cremure,Bandra West,Bandra West,₹400 for two,Bakery|Desserts|Waffle|Beverages,4.5,4.3K+,19,0.9,True,False,ITEMS,AT ₹129,,351103,https://www.swiggy.com/city/mumbai/cremure-bandra-west-rest816077
2026-09-19 21:12:19,Mumbai,Bandra West,19.0596,72.8295,23077,Jai Jawan,Bandra Linking Road,Khar West,₹600 for two,Mughlai|North Indian,4.6,18K+,30,1.2,True,False,,,,108517,https://www.swiggy.com/city/mumbai/jai-jawan-bandra-linking-road-khar-west-rest23077
2026-09-19 21:12:19,Mumbai,Bandra West,19.0596,72.8295,1204268,Bikkgane Biryani,S.V. Road,Bandra West,₹400 for two,Biryani| Hyderabadi| Andhra| Lucknowi| Kolkata| Desserts|Beverages,4.4,1.2K+,31,1.5,True,False,65% OFF,UPTO ₹125,,5070,https://www.swiggy.com/city/mumbai/bikkgane-biryani-s-v-road-bandra-west-rest1204268
2026-09-19 21:12:19,Mumbai,Bandra West,19.0596,72.8295,1077307,Zaatar W Zeit,Bandra West,Bandra West,₹800 for two,Lebanese|Middle Eastern|shawarma|Salads,4.4,577,22,0.3,True,False,₹200 OFF,ABOVE ₹849,FLAT DEAL,626615,https://www.swiggy.com/city/mumbai/zaatar-w-zeit-bandra-west-rest1077307
2026-09-19 21:12:19,Mumbai,Bandra West,19.0596,72.8295,1079928,Stand By Coffee,Bandra West,Bandra West,₹500 for two,Desserts|Cafe,4.5,388,30,0.5,True,False,70% OFF,UPTO ₹140,,503174,https://www.swiggy.com/city/mumbai/stand-by-coffee-bandra-west-rest1079928
2026-09-19 21:12:19,Mumbai,Bandra West,19.0596,72.8295,253046,Sadak Chaap,Bandra West,KharWest,₹200 for two,North Indian|Biryani|Tandoor|Punjabi|rolls|Mughlai|Kebabs,4.4,8.3K+,36,2,True,True,30% OFF,,FLAT DEAL,22110,https://www.swiggy.com/city/mumbai/sadak-chaap-bandra-west-kharwest-rest253046
2026-09-19 21:12:19,Mumbai,Powai,19.1176,72.906,564691,Sweet County Cake Shop,HIRANANDANI GARDENS,Powai,₹500 for two,Bakery|Cakes & Pastries,4.5,1.6K+,16,0.7,True,True,60% OFF,,FLAT DEAL,441853,https://www.swiggy.com/city/mumbai/sweet-county-cake-shop-hiranandani-gardens-powai-rest564691
2026-09-19 21:12:19,Mumbai,Powai,19.1176,72.906,10772,Pishu's - Drink Your Fruit,Narayan Plaza,powai,₹550 for two,Beverages|Healthy Food|Juices,4,9.6K+,29,2.4,True,True,70% OFF,UPTO ₹140,,471268,https://www.swiggy.com/city/mumbai/pishus-drink-your-fruit-narayan-plaza-powai-rest10772
2026-09-19 21:12:19,Mumbai,Powai,19.1176,72.906,1941,Shivsagar Sakinaka,Sakinaka,Andheri East,₹200 for two,North Indian|Chinese|South Indian|Juices|Beverages,4.3,44K+,36,3,True,True,₹550 OFF,ABOVE ₹2499,FLAT DEAL,183859,https://www.swiggy.com/city/mumbai/shivsagar-sakinaka-sakinaka-andheri-east-rest1941
2026-09-19 21:12:19,Mumbai,Powai,19.1176,72.906,578577,Bakingo-Cakes & Desserts,Powai,IIT main gate Powai,₹299 for two,Bakery|Desserts|Beverages|Snacks,4.5,3.7K+,21,1.8,True,False,ITEMS,AT ₹69,,3818,https://www.swiggy.com/city/mumbai/bakingo-cakes-and-desserts-powai-iit-main-gate-powai-rest578577
2026-09-19 21:12:19,Mumbai,Powai,19.1176,72.906,636524,The Belgian Waffle Co.,HIRANANDANI GARDENS,POWAI,₹200 for two,Waffle|Desserts|Ice Cream|Beverages,4.5,2.5K+,20,0.5,True,True,30% OFF,UPTO ₹60,,2233,https://www.swiggy.com/city/mumbai/the-belgian-waffle-co-hiranandani-gardens-powai-rest636524
2026-09-19 21:12:19,Mumbai,Powai,19.1176,72.906,5933,Burger King,Marol,Marol,₹350 for two,Burgers|American,4.3,96K+,34,3.9,True,False,ITEMS,AT ₹39,,166,https://www.swiggy.com/city/mumbai/burger-king-marol-rest5933
2026-09-19 21:12:19,Mumbai,Powai,19.1176,72.906,693079,Theobroma,Powai,Powai,₹400 for two,Desserts,4.5,5.9K+,15,1.1,True,False,ITEMS,AT ₹37,,1040,https://www.swiggy.com/city/mumbai/theobroma-powai-rest693079
2026-09-19 21:12:19,Mumbai,Powai,19.1176,72.906,731683,La Pino'z Pizza,Rambaugh,"Shankaracharya Marg,Powai Mumbai",₹800 for two,Pizzas|Italian|Pastas|Mexican|Desserts|Beverages|Snacks|Combos|Fast Food,4.1,4.9K+,27,1.3,True,False,50% OFF,,FLAT DEAL,4961,https://www.swiggy.com/city/mumbai/la-pinoz-pizza-rambaugh-shankaracharya-marg-powai-mumbai-rest731683
2026-09-19 21:12:19,Mumbai,Powai,19.1176,72.906,7012,KFC,Powai,Powai,₹400 for two,Burgers|Fast Food|Rolls & Wraps,4.2,36K+,24,0.6,True,False,50% OFF,,FLAT DEAL,547,https://www.swiggy.com/city/mumbai/kfc-powai-rest7012
2026-09-19 21:12:19,Mumbai,Powai,19.1176,72.906,31860,Subway,"Hiranandani Business Park, Powai",Powai,₹350 for two,sandwich|Salads|wrap|Healthy Food,4.5,31K+,12,0.6,True,False,,,,2,https://www.swiggy.com/city/mumbai/subway-hiranandani-business-park-powai-rest31860
2026-09-19 21:12:19,Mumbai,Powai,19.1176,72.906,39676,Pizza Hut,Powai,Powai,₹400 for two,Pastas,4.2,19K+,21,0.8,True,False,50% OFF,,FLAT DEAL,721,https://www.swiggy.com/city/mumbai/pizza-hut-powai-rest39676
2026-09-19 21:12:19,Mumbai,Powai,19.1176,72.906,668678,McDonald's,ATL Corporate Park,Saki Vihar Powai,₹400 for two,Burgers|Beverages|Cafe|Desserts,4.4,7.5K+,25,2.4,True,False,ITEMS,AT ₹64,,630,https://www.swiggy.com/city/mumbai/mcdonalds-atl-corporate-park-saki-vihar-powai-rest668678
2026-09-19 21:12:19,Mumbai,Powai,19.1176,72.906,6866,Baskin Robbins - Ice Cream Desserts,Kurla West,Powai,₹250 for two,Desserts|Ice Cream,4.6,11K+,15,0.5,True,True,ITEMS,AT ₹15,,5588,https://www.swiggy.com/city/mumbai/baskin-robbins-ice-cream-desserts-kurla-west-powai-rest6866
2026-09-19 21:12:19,Mumbai,Powai,19.1176,72.906,30908,Natural Ice Cream,Powai,Powai,₹150 for two,Ice Cream|Desserts,4.7,21K+,13,0.5,True,True,20% OFF,UPTO ₹50,,2093,https://www.swiggy.com/city/mumbai/natural-ice-cream-powai-rest30908
2026-09-19 21:12:19,Mumbai,Powai,19.1176,72.906,254571,Wow! Momo,Hiranandani,Chandivali,₹300 for two,Momos|Chinese|fastfood|Asian|Beverages,4.1,5.0K+,28,2.2,True,False,70% OFF,UPTO ₹140,,1776,https://www.swiggy.com/city/mumbai/wow-momo-hiranandani-chandivali-rest254571
2026-09-19 21:12:19,Mumbai,Powai,19.1176,72.906,14013,Chaayos Chai+Snacks=Relax,Versova,Powai,₹250 for two,Beverages|Chaat|Bakery|Snacks|Street Food|healthy|Home Food|Maharashtrian|Italian|Desserts,4.4,28K+,17,0.7,True,False,51% OFF,,FLAT DEAL,281782,https://www.swiggy.com/city/mumbai/chaayos-chai-snacks-relax-versova-powai-rest14013
2026-09-19 21:12:19,Mumbai,Powai,19.1176,72.906,485045,CakeZone Patisserie,Kailash Industrial Estate,Near Veer Savarkar Marg,₹200 for two,Bakery|Desserts|Sweets|Ice Cream,4.5,1.8K+,32,1.7,True,False,70% OFF,UPTO ₹140,,7003,https://www.swiggy.com/city/mumbai/cakezone-patisserie-kailash-industrial-estate-near-veer-savarkar-marg-rest485045
2026-09-19 21:12:19,Mumbai,Powai,19.1176,72.906,251095,House Of Mandarin,Powai,Powai,₹2100 for two,Chinese|Sushi|Asian|Japanese|Seafood,4.5,3.2K+,31,0.6,True,False,50% OFF,UPTO ₹100,,22311,https://www.swiggy.com/city/mumbai/house-of-mandarin-powai-rest251095
2026-09-19 21:12:19,Mumbai,Powai,19.1176,72.906,583817,Starbucks Coffee,Powai,Powai,₹400 for two,Beverages|Cafe|Snacks|Desserts|Bakery|Ice Cream,4.6,1.6K+,18,0.4,True,False,₹85 OFF,ABOVE ₹199,FLAT DEAL,195515,https://www.swiggy.com/city/mumbai/starbucks-coffee-powai-rest583817
2026-09-19 21:12:19,Mumbai,Powai,19.1176,72.906,323509,Chinese Wok,Powai,Powai,₹300 for two,Chinese|Asian|Tibetan|Desserts,4.2,8.8K+,25,1.5,True,False,70% OFF,UPTO ₹140,,61955,https://www.swiggy.com/city/mumbai/chinese-wok-powai-rest323509
2026-09-19 21:12:19,Mumbai,Powai,19.1176,72.906,626918,Deliure & The Eatrium,veer sawarkar marg,Vikhroli West,₹300 for two,Desserts|Bakery|Snacks|Chaat,4.6,11K+,18,1.6,True,True,ITEMS,AT ₹115,,70641,https://www.swiggy.com/city/mumbai/deliure-and-the-eatrium-veer-sawarkar-marg-vikhroli-west-rest626918
2026-09-19 21:12:19,Mumbai,Powai,19.1176,72.906,24997,Mangalore Tadka,Powai,Powai,₹500 for two,North Indian|Mangalorean|Seafood|Coastal|Biryani|Chinese|Tandoor,4.4,54K+,35,2.1,True,False,70% OFF,UPTO ₹140,,8363,https://www.swiggy.com/city/mumbai/mangalore-tadka-powai-rest24997
2026-09-19 21:12:19,Mumbai,Powai,19.1176,72.906,16378,China Chilli,Hiranandani,Powai,₹250 for two,Chinese|Pan-Asian|Thai|Asian|Oriental|Burmese|Indonesian,4.2,9.0K+,26,0.6,True,False,70% OFF,UPTO ₹140,,61331,https://www.swiggy.com/city/mumbai/china-chilli-hiranandani-powai-rest16378
2026-09-19 21:12:19,Mumbai,Powai,19.1176,72.906,254016,The Northern Vibe (TNV Momos),Powai,Powai,₹400 for two,Chinese|Momos|Tibetan|pan asian|North Eastern|fastfood|Thai|Tandoor|Asian,4.1,1.7K+,36,1.6,True,False,₹200 OFF,ABOVE ₹549,FLAT DEAL,212004,https://www.swiggy.com/city/mumbai/the-northern-vibe-tnv-momos-powai-rest254016
2026-09-19 21:12:19,Mumbai,Powai,19.1176,72.906,1617,Kosho,Chandivali,Powai,₹300 for two,Mughlai|North Indian|Chinese|Seafood|Italian,4.1,25K+,28,1.7,True,False,ITEMS,AT ₹29,,120294,https://www.swiggy.com/city/mumbai/kosho-chandivali-powai-rest1617
2026-09-19 21:12:19,Mumbai,Powai,19.1176,72.906,1109860,Northwala - Swaad Uttar Ka,Marol Sakinaka,Marol Sakinaka,₹399 for two,Mughlai|North Indian,4.3,353,34,2.5,True,False,70% OFF,UPTO ₹140,,643708,https://www.swiggy.com/city/mumbai/northwala-swaad-uttar-ka-marol-sakinaka-rest1109860
2026-09-19 21:12:19,Mumbai,Lower Parel,18.996,72.8258,229952,Tibb's Frankie,Ward-D,Tardeo,₹250 for two,Rolls & Wraps|Fast Food|Snacks|Indian,4.6,5.5K+,27,4.6,True,False,ITEMS,AT ₹49,,216056,https://www.swiggy.com/city/mumbai/tibbs-frankie-ward-d-tardeo-rest229952
2026-09-19 21:12:19,Mumbai,Lower Parel,18.996,72.8258,508471,KFC,Lower Parel,Lower Parel,₹400 for two,Burgers|Fast Food|Rolls & Wraps,4,8.8K+,30,0.4,True,False,50% OFF,,FLAT DEAL,547,https://www.swiggy.com/city/mumbai/kfc-lower-parel-rest508471
2026-09-19 21:12:19,Mumbai,Lower Parel,18.996,72.8258,597743,Bakingo-Cakes & Desserts,Lamington road,Dreamland Cinema,₹299 for two,Bakery|Desserts|Beverages|Snacks,4.6,3.8K+,31,4.8,True,False,ITEMS,AT ₹69,,3818,https://www.swiggy.com/city/mumbai/bakingo-cakes-and-desserts-lamington-road-dreamland-cinema-rest597743
2026-09-19 21:12:19,Mumbai,Lower Parel,18.996,72.8258,90864,The Belgian Waffle Co.,Lower Parel,Lower Parel,₹200 for two,Waffle|Desserts|Ice Cream,4.6,5.2K+,29,1.5,True,True,30% OFF,UPTO ₹60,,2233,https://www.swiggy.com/city/mumbai/the-belgian-waffle-co-lower-parel-rest90864
2026-09-19 21:12:19,Mumbai,Lower Parel,18.996,72.8258,507003,McDonald's,Byculla,Byculla,₹400 for two,Burgers|Beverages|Cafe|Desserts,4.3,6.0K+,26,3,True,False,ITEMS,AT ₹64,,630,https://www.swiggy.com/city/mumbai/mcdonalds-byculla-rest507003
2026-09-19 21:12:19,Mumbai,Lower Parel,18.996,72.8258,853379,Subway,JUPITER TEXTILE MILLS,OWC (One world centre),₹350 for two,sandwich|Salads|wrap|Healthy Food,4.3,1.3K+,33,2.6,True,False,ITEMS,AT ₹69,,2,https://www.swiggy.com/city/mumbai/subway-jupiter-textile-mills-owc-one-world-centre--rest853379
2026-09-19 21:12:19,Mumbai,Lower Parel,18.996,72.8258,683064,Pizza Hut,Saat Rasta Circle,Mahalaxmi Malabar Hill,₹350 for two,Pizzas,4,4.3K+,32,2.5,True,False,50% OFF,,FLAT DEAL,721,https://www.swiggy.com/city/mumbai/pizza-hut-saat-rasta-circle-mahalaxmi-malabar-hill-rest683064
2026-09-19 21:12:19,Mumbai,Lower Parel,18.996,72.8258,683310,Burger King,Matulya Centre,Lower Parel West,₹350 for two,Burgers|American,4.2,10K+,27,2.1,True,False,ITEMS,AT ₹39,,166,https://www.swiggy.com/city/mumbai/burger-king-matulya-centre-lower-parel-west-rest683310
2026-09-19 21:12:19,Mumbai,Lower Parel,18.996,72.8258,19008,Theobroma,Lower Parel,Lower Parel,₹400 for two,Bakery|Desserts,4.5,16K+,32,3,True,False,ITEMS,AT ₹37,,1040,https://www.swiggy.com/city/mumbai/theobroma-lower-parel-rest19008
2026-09-19 21:12:19,Mumbai,Lower Parel,18.996,72.8258,24324,Baskin Robbins - Ice Cream Desserts,Byculla,Byculla,₹250 for two,Desserts|Ice Cream,4.5,2.9K+,19,2.5,True,True,ITEMS,AT ₹15,,5588,https://www.swiggy.com/city/mumbai/baskin-robbins-ice-cream-desserts-byculla-rest24324
2026-09-19 21:12:19,Mumbai,Lower Parel,18.996,72.8258,41476,Chinese Wok,Sitaram jadhav marg,Lower parel,₹250 for two,Chinese|Asian|Tibetan|Desserts,4.1,18K+,31,1.9,True,False,70% OFF,UPTO ₹140,,61955,https://www.swiggy.com/city/mumbai/chinese-wok-sitaram-jadhav-marg-lower-parel-rest41476
2026-09-19 21:12:19,Mumbai,Lower Parel,18.996,72.8258,102003,NIC Ice Creams,DELISLE ROAD,Lower Parel,₹120 for two,Ice Cream|Desserts,4.7,9.1K+,28,2.4,True,True,70% OFF,UPTO ₹140,,6249,https://www.swiggy.com/city/mumbai/nic-ice-creams-delisle-road-lower-parel-rest102003
2026-09-19 21:12:19,Mumbai,Lower Parel,18.996,72.8258,421053,Wow! Momo,Lower Parel,Lower Parel,₹200 for two,Momos|Chinese|fastfood|Asian|Beverages,4.1,1.4K+,26,1.9,True,False,70% OFF,UPTO ₹140,,1776,https://www.swiggy.com/city/mumbai/wow-momo-lower-parel-rest421053
2026-09-19 21:12:19,Mumbai,Lower Parel,18.996,72.8258,27805,Natural Ice Cream,Lower_Parel_Worli,Worli,₹150 for two,Ice Cream|Desserts,4.6,8.8K+,26,2.9,True,True,₹550 OFF,ABOVE ₹2499,FLAT DEAL,2093,https://www.swiggy.com/city/mumbai/natural-ice-cream-lower-parel-worli-rest27805
2026-09-19 21:12:19,Mumbai,Lower Parel,18.996,72.8258,62885,LunchBox - Meals and Thalis,Dr E Moses road,Lower Parel Worli,₹200 for two,Thalis|North Indian|Biryani|South Indian|Desserts|Beverages,4.3,8.2K+,35,1.9,True,False,ITEMS,AT ₹99,,4925,https://www.swiggy.com/city/mumbai/lunchbox-meals-and-thalis-dr-e-moses-road-lower-parel-worli-rest62885
2026-09-19 21:12:19,Mumbai,Lower Parel,18.996,72.8258,421497,Minus 30,Worli,Mahim Dadar,₹600 for two,Ice Cream|Desserts|Healthy Food|Beverages,4.7,2.1K+,38,5,True,True,,,,292823,https://www.swiggy.com/city/mumbai/minus-30-worli-mahim-dadar-rest421497
2026-09-19 21:12:19,Mumbai,Lower Parel,18.996,72.8258,198043,"Frozen Bottle - Milkshakes, Desserts And Ice Cream",Prabhadevi,Sayani Road,₹300 for two,Beverages|Ice Cream|Desserts,4.1,2.5K+,38,3.8,True,True,70% OFF,UPTO ₹140,,5655,https://www.swiggy.com/city/mumbai/frozen-bottle-milkshakes-desserts-and-ice-cream-prabhadevi-sayani-road-rest198043
2026-09-19 21:12:19,Mumbai,Lower Parel,18.996,72.8258,186114,The Biryani Life,Dr E Moses road,Lower Parel Worli,₹250 for two,Biryani|Mughlai|Lucknowi|Hyderabadi|Kebabs|Desserts|Beverages,4.4,1.2K+,35,1.9,True,False,70% OFF,UPTO ₹140,,8496,https://www.swiggy.com/city/mumbai/the-biryani-life-dr-e-moses-road-lower-parel-worli-rest186114
2026-09-19 21:12:19,Mumbai,Lower Parel,18.996,72.8258,156091,The Good Bowl,Dr E Moses road,Worli,₹400 for two,Biryani|North Indian|Pastas|Punjabi|Desserts|Beverages,4.4,2.4K+,31,1.9,True,False,ITEMS,AT ₹99,,7918,https://www.swiggy.com/city/mumbai/the-good-bowl-dr-e-moses-road-worli-rest156091
2026-09-19 21:12:19,Mumbai,Lower Parel,18.996,72.8258,296049,Big Bowl,Sitaram jadhav marg,Lower parel,₹300 for two,Chinese|Tibetan|Desserts,4.1,4.4K+,32,1.9,True,False,70% OFF,UPTO ₹140,,434792,https://www.swiggy.com/city/mumbai/big-bowl-sitaram-jadhav-marg-lower-parel-rest296049
2026-09-19 21:12:19,Mumbai,Lower Parel,18.996,72.8258,989760,Sadak Chaap,Lower Parel Worli,Lower Parel,₹400 for two,North Indian|Biryani|Tandoor|Punjabi|rolls|Mughlai|Kebabs,4.3,980,36,1.6,True,False,ITEMS,AT ₹190,,22110,https://www.swiggy.com/city/mumbai/sadak-chaap-worli-lower-parel-rest989760
2026-09-19 21:12:19,Mumbai,Lower Parel,18.996,72.8258,1289853,Cravin By Andy,Babaji Jamsandekar Marg,Lower Parel Worli,₹800 for two,Bakery|Healthy Food|Coffee,4.6,416,28,1.9,True,False,,,,593052,https://www.swiggy.com/city/mumbai/cravin-by-andy-babaji-jamsandekar-marg-lower-parel-worli-rest1289853
2026-09-19 21:12:19,Mumbai,Lower Parel,18.996,72.8258,650855,"House of Biryan- Biryani, Kepsa and More (HOB)",Maulana Azad Road,Byculla,₹500 for two,Biryani|Kebabs|Rolls|North Indian|Mughlai|Indian|Hyderabadi|Tandoor|Desserts|Beverages,4.2,4.6K+,30,2.5,True,False,50% OFF,,FLAT DEAL,788613,https://www.swiggy.com/city/mumbai/house-of-biryan-biryani-kepsa-and-more-hob-maulana-azad-road-byculla-rest650855
2026-09-19 21:12:19,Mumbai,Lower Parel,18.996,72.8258,152272,"Brijwasi Sweets, Original Since 1946 - GD Group",BYCULLA EAST,RAM NAGAR,₹450 for two,Sweets|Snacks|Desserts|Fast Food|Beverages,4.3,817,25,3,True,True,₹550 OFF,ABOVE ₹2499,FLAT DEAL,50164,https://www.swiggy.com/city/mumbai/brijwasi-sweets-original-since-1946-gd-group-byculla-east-ram-nagar-rest152272
2026-09-19 21:12:19,Mumbai,Lower Parel,18.996,72.8258,564336,Jeden-The Cake Expert,Ganpatrao Kadam Marg,Lower Parel,₹200 for two,Bakery|Desserts|Snacks,4.5,1.8K+,25,2,True,True,70% OFF,UPTO ₹140,,10782,https://www.swiggy.com/city/mumbai/jeden-the-cake-expert-ganpatrao-kadam-marg-lower-parel-rest564336
2026-09-19 21:12:19,Mumbai,Lower Parel,18.996,72.8258,1392938,Tibb's Frankie,Lower Parel Worli,Lower Parel Worli,₹300 for two,Snacks|Fast Food|Rolls & Wraps|Biryani|South Indian|Indian,4.1,40,29,1.9,True,False,ITEMS,AT ₹159,,216056,https://www.swiggy.com/city/mumbai/tibbs-frankie-lower-parel-worli-rest1392938
2026-09-19 21:12:19,Mumbai,Lower Parel,18.996,72.8258,121797,Bake Ur Day - Freshest Cakes,Prabhadevi,Prabhadevi,₹250 for two,Desserts|Bakery|Cakes and Pastries|Beverages,4.3,7.8K+,33,3,True,True,60% OFF,UPTO ₹120,,444438,https://www.swiggy.com/city/mumbai/bake-ur-day-freshest-cakes-prabhadevi-rest121797
2026-09-19 21:12:19,Mumbai,Lower Parel,18.996,72.8258,1037912,Evorea,Byculla,Byculla,₹400 for two,Bakery|Desserts|Cakes,4.4,907,29,4.2,True,False,FREE ITEM,,,604083,https://www.swiggy.com/city/mumbai/evorea-byculla-rest1037912
2026-09-19 21:12:19,Mumbai,Borivali,19.2307,72.8567,564702,Sweet County Cake Shop,Borivali West,Borivali West,₹500 for two,Bakery|Cakes & Pastries,4.4,1.2K+,18,0.9,True,True,60% OFF,,FLAT DEAL,441853,https://www.swiggy.com/city/mumbai/sweet-county-cake-shop-borivali-west-rest564702
2026-09-19 21:12:19,Mumbai,Borivali,19.2307,72.8567,37098,Surbhi Sweets And Snacks,Borivali East,Dahisar East,₹200 for two,Sweets|Chaat|Snacks|Desserts|Beverages|Indian,4.2,30K+,32,3,True,True,70% OFF,UPTO ₹140,,392181,https://www.swiggy.com/city/mumbai/surbhi-sweets-and-snacks-borivali-east-dahisar-east-rest37098
2026-09-19 21:12:19,Mumbai,Borivali,19.2307,72.8567,755240,Louis Burger,ST. THOMAS CHURCH ROAD,BORIVALI WEST,₹600 for two,Burgers|American|Fast Food,4.2,1.8K+,48,2.8,True,False,ITEMS,AT ₹194,,22485,https://www.swiggy.com/city/mumbai/louis-burger-st-thomas-church-road-borivali-west-rest755240
2026-09-19 21:12:19,Mumbai,Borivali,19.2307,72.8567,600668,Bakingo-Cakes & Desserts,NR Gokul Hotel Borivali West,Rokadi Apt CHS LTD,₹299 for two,Bakery|Desserts|Beverages|Snacks,4.6,3.6K+,22,1.2,True,False,ITEMS,AT ₹69,,3818,https://www.swiggy.com/city/mumbai/bakingo-cakes-and-desserts-nr-gokul-hotel-borivali-west-rokadi-apt-chs-ltd-rest600668
2026-09-19 21:12:19,Mumbai,Borivali,19.2307,72.8567,42429,Subway,Borivali West,Borivali West,₹350 for two,sandwich|Salads|wrap|Healthy Food,4.3,24K+,21,0.4,True,False,ITEMS,AT ₹69,,2,https://www.swiggy.com/city/mumbai/subway-borivali-west-rest42429
2026-09-19 21:12:19,Mumbai,Borivali,19.2307,72.8567,219410,McDonald's,Nirman Height,Borivali West,₹400 for two,Burgers|Beverages|Cafe|Desserts,4.3,11K+,33,1.7,True,False,ITEMS,AT ₹64,,630,https://www.swiggy.com/city/mumbai/mcdonalds-nirman-height-borivali-west-rest219410
2026-09-19 21:12:19,Mumbai,Borivali,19.2307,72.8567,611682,Pizza Hut,Nirman heights,Borivali,₹350 for two,Pizzas,4.1,2.1K+,29,1.7,True,False,50% OFF,,FLAT DEAL,721,https://www.swiggy.com/city/mumbai/pizza-hut-nirman-heights-borivali-rest611682
2026-09-19 21:12:19,Mumbai,Borivali,19.2307,72.8567,698075,La Pino'z Pizza,Shimpoli Road,"Shimpoli,Borivali west",₹400 for two,Pizzas|Italian|Pastas|Mexican|Desserts|Beverages|Snacks|Combos|Fast Food,4,2.3K+,25,1.3,True,True,50% OFF,,FLAT DEAL,4961,https://www.swiggy.com/city/mumbai/la-pinoz-pizza-shimpoli-road-shimpoli-borivali-west-rest698075
2026-09-19 21:12:19,Mumbai,Borivali,19.2307,72.8567,70697,Theobroma,Borivali West,Borivali West,₹400 for two,Bakery|Desserts,4.5,15K+,20,1.3,True,False,ITEMS,AT ₹37,,1040,https://www.swiggy.com/city/mumbai/theobroma-borivali-west-rest70697
2026-09-19 21:12:19,Mumbai,Borivali,19.2307,72.8567,621837,The Belgian Waffle Co.,Mangal Arambh,Borivali West,₹200 for two,Waffle|Desserts|Ice Cream|Beverages,4.4,1.2K+,30,1.3,True,True,30% OFF,UPTO ₹60,,2233,https://www.swiggy.com/city/mumbai/the-belgian-waffle-co-mangal-arambh-borivali-west-rest621837
2026-09-19 21:12:19,Mumbai,Borivali,19.2307,72.8567,508472,KFC,Borivali West,Borivali West,₹400 for two,Burgers|Fast Food|Rolls & Wraps,4.2,6.9K+,28,2.1,True,False,50% OFF,,FLAT DEAL,547,https://www.swiggy.com/city/mumbai/kfc-borivali-west-rest508472
2026-09-19 21:12:19,Mumbai,Borivali,19.2307,72.8567,233325,Burger King,"Nirman Heights, Borivali",Borivali West,₹350 for two,Burgers|American,4.3,20K+,23,1.7,True,False,ITEMS,AT ₹39,,166,https://www.swiggy.com/city/mumbai/burger-king-nirman-heights-borivali-borivali-west-rest233325
2026-09-19 21:12:19,Mumbai,Borivali,19.2307,72.8567,74051,NIC Ice Creams,Sane Residency,Borivali West,₹120 for two,Ice Cream|Desserts,4.6,18K+,22,1.2,True,False,70% OFF,UPTO ₹140,,6249,https://www.swiggy.com/city/mumbai/nic-ice-creams-sane-residency-borivali-west-rest74051
2026-09-19 21:12:19,Mumbai,Borivali,19.2307,72.8567,66923,Baskin Robbins - Ice Cream Desserts,Babhai Naka,Borivali West,₹250 for two,Ice Cream,4.6,2.0K+,21,1,True,True,ITEMS,AT ₹15,,5588,https://www.swiggy.com/city/mumbai/baskin-robbins-ice-cream-desserts-babhai-naka-borivali-west-rest66923
2026-09-19 21:12:19,Mumbai,Borivali,19.2307,72.8567,749675,Chaayos Chai+Snacks=Relax,Shimpoli Road,Borivali,₹250 for two,Beverages|Chaat|Bakery|Snacks|Street Food|healthy|Home Food|Maharashtrian|Italian|Desserts,4.6,1.7K+,27,1.6,True,False,51% OFF,,FLAT DEAL,281782,https://www.swiggy.com/city/mumbai/chaayos-chai-snacks-relax-shimpoli-road-borivali-rest749675
2026-09-19 21:12:19,Mumbai,Borivali,19.2307,72.8567,394187,Big Bowl,I C Colony,Borivali,₹250 for two,North Indian|Chinese|Tibetan|Desserts,4.2,1.8K+,36,3,True,False,70% OFF,UPTO ₹140,,434792,https://www.swiggy.com/city/mumbai/big-bowl-i-c-colony-borivali-rest394187
2026-09-19 21:12:19,Mumbai,Borivali,19.2307,72.8567,618264,Starbucks Coffee,Borivali West,Borivali West,₹400 for two,Beverages|Cafe|Snacks|Desserts|Bakery|Ice Cream,4.4,629,23,0.5,True,False,₹85 OFF,ABOVE ₹199,FLAT DEAL,195515,https://www.swiggy.com/city/mumbai/starbucks-coffee-borivali-west-rest618264
2026-09-19 21:12:19,Mumbai,Borivali,19.2307,72.8567,332609,Charcoal Eats - Biryani & Beyond,SAIBABA NAGAR,NEHRU GARDEN,₹400 for two,Biryani|Kebabs|North Indian|Mughlai,4.3,5.3K+,32,2.3,True,False,70% OFF,,FLAT DEAL,5338,https://www.swiggy.com/city/mumbai/charcoal-eats-biryani-and-beyond-saibaba-nagar-nehru-garden-rest332609
2026-09-19 21:12:19,Mumbai,Borivali,19.2307,72.8567,28946,Apsara Ice Creams,chamunda circle,Borivali West,₹150 for two,Ice Cream|Desserts,4.6,5.7K+,20,1.2,True,True,ITEMS,AT ₹47,,35219,https://www.swiggy.com/city/mumbai/apsara-ice-creams-chamunda-circle-borivali-west-rest28946
2026-09-19 21:12:19,Mumbai,Borivali,19.2307,72.8567,20232,Mad Over Donuts,Opp. Kora Kendra Ground,Borivali West,₹200 for two,Desserts|Sweets|Bakery,4.6,8.5K+,23,1.4,True,True,60% OFF,UPTO ₹120,,611,https://www.swiggy.com/city/mumbai/mad-over-donuts-opp-kora-kendra-ground-borivali-west-rest20232
2026-09-19 21:12:19,Mumbai,Borivali,19.2307,72.8567,8430,"Rabdi Wala, Borivali (W)",Borivali West,Borivali West,₹400 for two,Rajasthani|North Indian|Thalis|Snacks|Fast Food|Sweets|Indian,4.2,43K+,28,1.3,True,True,ITEMS,AT ₹19,,639823,https://www.swiggy.com/city/mumbai/rabdi-wala-borivali-w-borivali-west-rest8430
2026-09-19 21:12:19,Mumbai,Borivali,19.2307,72.8567,869081,Deliure & The Eatrium,IC COLONY,Borivali,₹450 for two,Desserts|Chaat|Bakery|Snacks,4.6,3.8K+,28,2.5,True,False,ITEMS,AT ₹40,,70641,https://www.swiggy.com/city/mumbai/deliure-and-the-eatrium-ic-colony-borivali-rest869081
2026-09-19 21:12:19,Mumbai,Borivali,19.2307,72.8567,635223,Libon The Cake Expert,Borivali East,Borivali,₹300 for two,Cakes & Pastries|Bakery|Desserts|Snacks,4.2,3.5K+,17,0.9,True,True,70% OFF,UPTO ₹140,,249486,https://www.swiggy.com/city/mumbai/libon-the-cake-expert-east-borivali-rest635223
2026-09-19 21:12:19,Mumbai,Borivali,19.2307,72.8567,57552,Night Evil Chinese Food,Borivali West,Borivali West,₹600 for two,Chinese,4,3.8K+,26,1.1,True,False,30% OFF,UPTO ₹75,,316399,https://www.swiggy.com/city/mumbai/night-evil-chinese-food-borivali-west-rest57552
2026-09-19 21:12:19,Mumbai,Borivali,19.2307,72.8567,111604,Bhagwati Veg Restaurant,Borivali West,Borivali West,₹550 for two,Chinese|Biryani|South Indian,4.3,27K+,36,2.8,True,False,50% OFF,UPTO ₹100,,1840,https://www.swiggy.com/city/mumbai/bhagwati-veg-restaurant-borivali-west-rest111604
2026-09-19 21:12:19,Mumbai,Borivali,19.2307,72.8567,840354,MM Mithaiwala,Chinchpada,Borivali,₹200 for two,Sweets|Indian|South Indian,4.4,3.8K+,34,2.7,True,True,₹200 OFF,ABOVE ₹849,FLAT DEAL,137415,https://www.swiggy.com/city/mumbai/mm-mithaiwala-chinchpada-borivali-rest840354
2026-09-19 21:12:19,Mumbai,Borivali,19.2307,72.8567,1065796,"Rabdi Wala, Borivali (E)",Borivali East,Malad Kan East,₹400 for two,Sweets|Desserts|Snacks|indian snacks|Fast Food|Chaat,4.3,583,34,1.9,True,True,₹75 OFF,ABOVE ₹349,FLAT DEAL,623346,https://www.swiggy.com/city/mumbai/rabdi-wala-borivali-e-borivali-east-malad-kan-east-rest1065796
2026-09-19 21:12:19,Mumbai,Thane West,19.2183,72.9781,380341,Prashant Corner,Majiwada,Thane,₹400 for two,Street Food|Chaat|Snacks|Desserts|Sweets|Beverages,4.6,17K+,23,1.4,True,True,,,,22258,https://www.swiggy.com/city/mumbai/prashant-corner-majiwada-thane-rest380341
2026-09-19 21:12:19,Mumbai,Thane West,19.2183,72.9781,48750,Meraki,Thane West,Thane West,₹400 for two,Chinese|Thai|Burmese|Pan-Asian|Asian,4.2,19K+,52,3,True,False,70% OFF,UPTO ₹140,,2356,https://www.swiggy.com/city/mumbai/meraki-thane-west-rest48750
2026-09-19 21:12:19,Mumbai,Thane West,19.2183,72.9781,578579,Bakingo-Cakes & Desserts,Dr Mascarenhas Road,Uthalsar,₹299 for two,Bakery|Desserts|Beverages|Snacks,4.6,5.7K+,28,1.9,True,False,ITEMS,AT ₹69,,3818,https://www.swiggy.com/city/mumbai/bakingo-cakes-and-desserts-dr-mascarenhas-road-uthalsar-rest578579
2026-09-19 21:12:19,Mumbai,Thane West,19.2183,72.9781,221810,Burger King,Lake City Mall,Thane West,₹350 for two,Burgers|American,4.2,47K+,20,0.2,True,False,ITEMS,AT ₹39,,166,https://www.swiggy.com/city/mumbai/burger-king-lake-city-mall-thane-west-rest221810
2026-09-19 21:12:19,Mumbai,Thane West,19.2183,72.9781,803407,La Pino'z Pizza,Kolshet Road,Ganu Gurav Chawl,₹250 for two,Pizzas|Italian|Pastas|Mexican|Desserts|Beverages|Snacks|Combos|Fast Food,4,3.3K+,26,0.9,True,False,50% OFF,,FLAT DEAL,4961,https://www.swiggy.com/city/mumbai/la-pinoz-pizza-kolshet-road-ganu-gurav-chawl-rest803407
2026-09-19 21:12:19,Mumbai,Thane West,19.2183,72.9781,47606,Theobroma,Thane West,Thane West,₹400 for two,Bakery|Desserts,4.4,9.8K+,36,1.3,True,False,ITEMS,AT ₹37,,1040,https://www.swiggy.com/city/mumbai/theobroma-thane-west-rest47606
2026-09-19 21:12:19,Mumbai,Thane West,19.2183,72.9781,23740,McDonald's,Lake City Mall,Thane West,₹400 for two,Burgers|Beverages|Cafe|Desserts,4.4,31K+,49,0.3,True,False,ITEMS,AT ₹64,,630,https://www.swiggy.com/city/mumbai/mcdonalds-lake-city-mall-thane-west-rest23740
2026-09-19 21:12:19,Mumbai,Thane West,19.2183,72.9781,369088,KFC,Thane West,Thane West,₹400 for two,Burgers|Fast Food|Rolls & Wraps,4.1,6.1K+,39,1.3,True,False,50% OFF,,FLAT DEAL,547,https://www.swiggy.com/city/mumbai/kfc-thane-west-rest369088
2026-09-19 21:12:19,Mumbai,Thane West,19.2183,72.9781,634143,Subway,KOLSHET ROAD,Thane,₹350 for two,sandwich|Salads|wrap|Healthy Food,4.3,5.5K+,29,2.3,True,False,ITEMS,AT ₹69,,2,https://www.swiggy.com/city/mumbai/subway-kolshet-road-thane-rest634143
2026-09-19 21:12:19,Mumbai,Thane West,19.2183,72.9781,251524,The Belgian Waffle Co.,Viviana Mall,Thane West,₹200 for two,Desserts|Beverages,4.4,3.0K+,43,1.3,True,True,30% OFF,UPTO ₹60,,2233,https://www.swiggy.com/city/mumbai/the-belgian-waffle-co-viviana-mall-thane-west-rest251524
2026-09-19 21:12:19,Mumbai,Thane West,19.2183,72.9781,91287,NIC Ice Creams,Pokhran Road,Thane West,₹120 for two,Ice Cream|Desserts,4.7,17K+,29,2.8,True,True,70% OFF,UPTO ₹140,,6249,https://www.swiggy.com/city/mumbai/nic-ice-creams-pokhran-road-thane-west-rest91287
2026-09-19 21:12:19,Mumbai,Thane West,19.2183,72.9781,31981,Natural Ice Cream,Next to Cinemax,Thane West,₹150 for two,Ice Cream|Desserts,4.7,17K+,30,3,True,True,20% OFF,UPTO ₹50,,2093,https://www.swiggy.com/city/mumbai/natural-ice-cream-next-to-cinemax-thane-west-rest31981
2026-09-19 21:12:19,Mumbai,Thane West,19.2183,72.9781,446781,Baskin Robbins - Ice Cream Desserts,Kolshet Road,Thane,₹250 for two,Desserts|Ice Cream,4.4,775,26,2.1,True,True,ITEMS,AT ₹15,,5588,https://www.swiggy.com/city/mumbai/baskin-robbins-ice-cream-desserts-kolshet-road-thane-rest446781
2026-09-19 21:12:19,Mumbai,Thane West,19.2183,72.9781,122592,Sweet Truth - Cake and Desserts,Azad Nagar,Thane West,₹450 for two,Desserts|Ice Cream|Bakery|Beverages,3.8,1.7K+,27,1.1,True,False,ITEMS,AT ₹69,,4444,https://www.swiggy.com/city/mumbai/sweet-truth-cake-and-desserts-azad-nagar-thane-west-rest122592
2026-09-19 21:12:19,Mumbai,Thane West,19.2183,72.9781,156176,The Good Bowl,Azad Nagar,Thane West,₹400 for two,Biryani|North Indian|Pastas|Punjabi|Desserts|Beverages,4.3,3.3K+,31,1.1,True,False,ITEMS,AT ₹99,,7918,https://www.swiggy.com/city/mumbai/the-good-bowl-azad-nagar-thane-west-rest156176
2026-09-19 21:12:19,Mumbai,Thane West,19.2183,72.9781,186157,The Biryani Life,Azad Nagar,Thane West,₹250 for two,Biryani|Mughlai|Lucknowi|Hyderabadi|Kebabs|Desserts|Beverages,4.3,2.0K+,31,1.1,True,False,70% OFF,UPTO ₹140,,8496,https://www.swiggy.com/city/mumbai/the-biryani-life-azad-nagar-thane-west-rest186157
2026-09-19 21:12:19,Mumbai,Thane West,19.2183,72.9781,361265,Wendy's Burgers,Azad Nagar,Thane West,₹400 for two,Burgers|Fast Food|wrap,4.1,5.9K+,32,1.1,True,False,ITEMS,AT ₹59,,972,https://www.swiggy.com/city/mumbai/wendys-burgers-azad-nagar-thane-west-rest361265
2026-09-19 21:12:19,Mumbai,Thane West,19.2183,72.9781,355894,Chaayos Chai+Snacks=Relax,GLADY AHVARES ROAD,THANE WEST,₹250 for two,Beverages|Chaat|Bakery|Snacks|Street Food|healthy|Home Food|Maharashtrian|Italian|Desserts,4.4,3.7K+,31,2.4,True,False,51% OFF,,FLAT DEAL,281782,https://www.swiggy.com/city/mumbai/chaayos-chai-snacks-relax-glady-ahvares-road-thane-west-rest355894
2026-09-19 21:12:19,Mumbai,Thane West,19.2183,72.9781,554508,"Frozen Bottle - Milkshakes, Desserts And Ice Cream",Manpada,Thane,₹250 for two,Beverages|Ice Cream|Desserts,4.4,1.7K+,34,1.8,True,True,70% OFF,UPTO ₹140,,5655,https://www.swiggy.com/city/mumbai/frozen-bottle-milkshakes-desserts-and-ice-cream-manpada-thane-rest554508
2026-09-19 21:12:19,Mumbai,Thane West,19.2183,72.9781,9639,Mad Over Donuts,Viviana Mall,Thane West,₹200 for two,Desserts|Sweets|Bakery,4.5,10K+,31,1.4,True,True,60% OFF,UPTO ₹120,,611,https://www.swiggy.com/city/mumbai/mad-over-donuts-viviana-mall-thane-west-rest9639
2026-09-19 21:12:19,Mumbai,Thane West,19.2183,72.9781,733548,"House of Biryan- Biryani, Kepsa and More (HOB)",Majiwada Naka,Thane,₹500 for two,Biryani|Kebabs|Rolls|North Indian|Mughlai|Indian|Hyderabadi|Tandoor|Desserts|Beverages,4.2,5.7K+,28,0.4,True,False,50% OFF,,FLAT DEAL,788613,https://www.swiggy.com/city/mumbai/house-of-biryan-biryani-kepsa-and-more-hob-majiwada-naka-thane-rest733548
2026-09-19 21:12:19,Mumbai,Thane West,19.2183,72.9781,230787,Deliure & The Eatrium,Thane West,Thane West,₹200 for two,Desserts|Bakery|Snacks|Chaat|Pizzas,4.6,15K+,25,1.8,True,False,ITEMS,AT ₹99,,70641,https://www.swiggy.com/city/mumbai/deliure-and-the-eatrium-thane-west-rest230787
2026-09-19 21:12:19,Mumbai,Thane West,19.2183,72.9781,1288508,Sweet County Cake Shop,Thane Hiranandani Estate,Thane Hiranandani Estate,₹200 for two,Bakery|Cakes & Pastries,4.4,190,24,2.1,True,True,60% OFF,,FLAT DEAL,441853,https://www.swiggy.com/city/mumbai/sweet-county-cake-shop-thane-hiranandani-estate-rest1288508
2026-09-19 21:12:19,Mumbai,Thane West,19.2183,72.9781,1248139,SNS Mexican Shack,Thane,Thane,₹650 for two,Biryani|Tandoor|Kebabs|Tex-Mex|North Indian,4.7,132,34,1.7,True,False,₹550 OFF,ABOVE ₹2499,FLAT DEAL,453875,https://www.swiggy.com/city/mumbai/sns-mexican-shack-thane-rest1248139
2026-09-19 21:12:19,Mumbai,Thane West,19.2183,72.9781,50484,Utsav Restaurant,Panch Pakhadi,Panch Pakhadi,₹250 for two,North Indian|Chinese|South Indian|Continental,4.4,61K+,36,1.5,True,False,,,,15843,https://www.swiggy.com/city/mumbai/utsav-restaurant-panch-pakhadi-rest50484
2026-09-19 21:12:19,Mumbai,Thane West,19.2183,72.9781,915462,Homely and Healthy Appetite,Bhavani Nagar,Thane,₹200 for two,Rajasthani|Thalis|Gujarati|Home Food|Healthy Food,4.4,614,36,2.5,True,True,50% OFF,,FLAT DEAL,415436,https://www.swiggy.com/city/mumbai/homely-and-healthy-appetite-bhavani-nagar-thane-rest915462
2026-09-19 21:12:19,Mumbai,Thane West,19.2183,72.9781,302178,Jeden-The Cake Expert,Thane Manpada,Thane West,₹400 for two,Cakes & Pastries|Desserts|Sweets|Bakery,4.4,1.6K+,32,2.2,True,True,40% OFF,UPTO ₹80,,10782,https://www.swiggy.com/city/mumbai/jeden-the-cake-expert-thane-manpada-thane-west-rest302178
2026-09-19 21:12:19,Mumbai,Chembur,19.0522,72.9005,627565,Sweet County Cake Shop,Pant Nagar,Ghatkopar East,₹200 for two,Bakery|Cakes & Pastries,4.5,3.3K+,33,4.1,True,True,60% OFF,,FLAT DEAL,441853,https://www.swiggy.com/city/mumbai/sweet-county-cake-shop-pant-nagar-ghatkopar-east-rest627565
2026-09-19 21:12:19,Mumbai,Chembur,19.0522,72.9005,646672,Bakingo-Cakes & Desserts,Chembur,Anwar Compound,₹300 for two,Bakery|Desserts|Beverages|Snacks,4.6,3.9K+,16,0.9,True,False,ITEMS,AT ₹69,,3818,https://www.swiggy.com/city/mumbai/bakingo-cakes-and-desserts-chembur-anwar-compound-rest646672
2026-09-19 21:12:19,Mumbai,Chembur,19.0522,72.9005,27763,The Belgian Waffle Co.,Chembur,Chembur,₹200 for two,Waffle|Desserts|Ice Cream,4.5,21K+,23,0.1,True,True,30% OFF,UPTO ₹60,,2233,https://www.swiggy.com/city/mumbai/the-belgian-waffle-co-chembur-rest27763
2026-09-19 21:12:19,Mumbai,Chembur,19.0522,72.9005,47610,Theobroma,Chembur,Chembur,₹400 for two,Bakery|Desserts,4.5,30K+,15,0.4,True,False,ITEMS,AT ₹37,,1040,https://www.swiggy.com/city/mumbai/theobroma-chembur-rest47610
2026-09-19 21:12:19,Mumbai,Chembur,19.0522,72.9005,24515,Domino's Pizza,Orchid Pride,Chembur,₹400 for two,Pizzas|Italian|Pastas|Desserts,4.3,18K+,25,0.6,True,False,ITEMS,AT ₹39,,2456,https://www.swiggy.com/city/mumbai/dominos-pizza-orchid-pride-chembur-rest24515
2026-09-19 21:12:19,Mumbai,Chembur,19.0522,72.9005,23758,McDonald's,M G Road,Kurla,₹400 for two,Burgers|Beverages|Cafe|Desserts,4.4,42K+,26,2.5,True,False,ITEMS,AT ₹64,,630,https://www.swiggy.com/city/mumbai/mcdonalds-m-g-road-kurla-rest23758
2026-09-19 21:12:19,Mumbai,Chembur,19.0522,72.9005,486696,La Pino'z Pizza,CHADDVA PREMISES,Chembur,₹400 for two,Pizzas|Italian|Pastas|Mexican|Desserts|Beverages|Snacks|Combos|Fast Food,4.2,8.8K+,38,2,True,False,50% OFF,,FLAT DEAL,4961,https://www.swiggy.com/city/mumbai/la-pinoz-pizza-chaddva-premises-chembur-rest486696
2026-09-19 21:12:19,Mumbai,Chembur,19.0522,72.9005,233331,Burger King,SG Barve Marg,Kurla,₹350 for two,Burgers|American,4.3,14K+,28,2.7,True,False,ITEMS,AT ₹39,,166,https://www.swiggy.com/city/mumbai/burger-king-sg-barve-marg-kurla-rest233331
2026-09-19 21:12:19,Mumbai,Chembur,19.0522,72.9005,722372,Pizza Hut,Kurla West,Kurla West,₹350 for two,Pizzas,4.1,2.4K+,36,2.7,True,False,50% OFF,,FLAT DEAL,721,https://www.swiggy.com/city/mumbai/pizza-hut-kurla-west-rest722372
2026-09-19 21:12:19,Mumbai,Chembur,19.0522,72.9005,363485,Baskin Robbins - Ice Cream Desserts,V N PURAV MARG,Chembur,₹250 for two,Desserts|Ice Cream,4.7,2.4K+,17,0.1,True,True,ITEMS,AT ₹15,,5588,https://www.swiggy.com/city/mumbai/baskin-robbins-ice-cream-desserts-v-n-purav-marg-chembur-rest363485
2026-09-19 21:12:19,Mumbai,Chembur,19.0522,72.9005,28283,Chinese Wok,Chembur,Chembur,₹250 for two,Chinese|Asian|Tibetan|Desserts,4.3,30K+,31,0.1,True,False,70% OFF,UPTO ₹140,,61955,https://www.swiggy.com/city/mumbai/chinese-wok-chembur-rest28283
2026-09-19 21:12:19,Mumbai,Chembur,19.0522,72.9005,395479,Chaayos Chai+Snacks=Relax,K - Star Mall DK Chembur,Ghatkopar Vikhroli,₹250 for two,Beverages|Chaat|Bakery|Snacks|Street Food|healthy|Home Food|Maharashtrian|Italian|Desserts,4.5,4.3K+,21,0.1,True,False,51% OFF,,FLAT DEAL,281782,https://www.swiggy.com/city/mumbai/chaayos-chai-snacks-relax-k-star-mall-dk-chembur-ghatkopar-vikhroli-rest395479
2026-09-19 21:12:19,Mumbai,Chembur,19.0522,72.9005,296266,Big Bowl,Maskawala Bldg,Chembur,₹300 for two,Chinese|Tibetan|Desserts,4.4,5.8K+,27,0.1,True,False,70% OFF,UPTO ₹140,,434792,https://www.swiggy.com/city/mumbai/big-bowl-maskawala-bldg-chembur-rest296266
2026-09-19 21:12:19,Mumbai,Chembur,19.0522,72.9005,79224,NIC Ice Creams,RC Barrack No 18,Chembur,₹120 for two,Ice Cream|Desserts,4.7,16K+,23,1.4,True,True,70% OFF,UPTO ₹140,,6249,https://www.swiggy.com/city/mumbai/nic-ice-creams-rc-barrack-no-18-chembur-rest79224
2026-09-19 21:12:19,Mumbai,Chembur,19.0522,72.9005,15321,Charcoal Eats - Biryani & Beyond,Chembur,Chembur,₹400 for two,Biryani|Kebabs|North Indian|Mughlai,4.3,11K+,19,0.2,True,False,70% OFF,,FLAT DEAL,5338,https://www.swiggy.com/city/mumbai/charcoal-eats-biryani-and-beyond-chembur-rest15321
2026-09-19 21:12:19,Mumbai,Chembur,19.0522,72.9005,390090,NH1 Bowls - Highway To North,WT Patil Marg,Chembur,₹250 for two,Punjabi|Home Food,4.5,731,25,1.4,True,False,ITEMS,AT ₹119,,22452,https://www.swiggy.com/city/mumbai/nh1-bowls-highway-to-north-wt-patil-marg-chembur-rest390090
2026-09-19 21:12:19,Mumbai,Chembur,19.0522,72.9005,391037,ZAZA Mughal Biryani,W T Patil Marg,Chembur,₹250 for two,Biryani|Awadhi,4.4,876,25,1.4,True,False,70% OFF,UPTO ₹140,,22473,https://www.swiggy.com/city/mumbai/zaza-mughal-biryani-w-t-patil-marg-chembur-rest391037
2026-09-19 21:12:19,Mumbai,Chembur,19.0522,72.9005,622064,MOJO Pizza - 2X Toppings,Vanamali Tower,Chembur,₹250 for two,Pizzas|Italian|Fast Food|Desserts,4.4,1.2K+,25,1.4,True,False,ITEMS,AT ₹99,,11329,https://www.swiggy.com/city/mumbai/mojo-pizza-2x-toppings-vanamali-tower-chembur-rest622064
2026-09-19 21:12:19,Mumbai,Chembur,19.0522,72.9005,681474,LeanCrust Pizza- ThinCrust Experts,Vanamali Tower,Chembur,₹300 for two,Pizzas|Italian|Desserts,4.5,313,25,1.4,True,False,ITEMS,AT ₹149,,11216,https://www.swiggy.com/city/mumbai/leancrust-pizza-thincrust-experts-vanamali-tower-chembur-rest681474
2026-09-19 21:12:19,Mumbai,Chembur,19.0522,72.9005,643699,"WeFit - Protein Bowls, Salads & Sandwiches",Vanamali Tower,Chembur,₹250 for two,Healthy Food|Salads|Keto|Snacks,4.4,652,25,1.4,True,False,ITEMS,AT ₹119,,355285,https://www.swiggy.com/city/mumbai/wefit-protein-bowls-salads-and-sandwiches-vanamali-tower-chembur-rest643699
2026-09-19 21:12:19,Mumbai,Chembur,19.0522,72.9005,866739,Bikkgane Biryani,STATION ROAD,Chembur,₹350 for two,Biryani| Hyderabadi| Andhra| Lucknowi| Kolkata| Desserts|Beverages,4.2,3.0K+,30,2.4,True,False,15% OFF,ABOVE ₹2000,FLAT DEAL,5070,https://www.swiggy.com/city/mumbai/bikkgane-biryani-station-road-chembur-rest866739
2026-09-19 21:12:19,Mumbai,Chembur,19.0522,72.9005,550871,Sadak Chaap,Chembur,Chembur,₹300 for two,North Indian|Biryani|Tandoor|Punjabi|rolls|Mughlai|Kebabs,4.2,5.5K+,24,0.8,True,True,ITEMS,AT ₹190,,22110,https://www.swiggy.com/city/mumbai/sadak-chaap-chembur-rest550871
2026-09-19 21:12:19,Mumbai,Chembur,19.0522,72.9005,1222257,Faredoons,Chembur,Chembur,₹300 for two,Desserts|Bakery|Beverages|Snacks,4.6,906,18,0.4,True,False,50% OFF,,FLAT DEAL,704314,https://www.swiggy.com/city/mumbai/faredoons-chembur-rest1222257
2026-09-19 21:12:19,Mumbai,Chembur,19.0522,72.9005,41243,Shreedevi Melange,Chembur,Chembur,₹600 for two,North Indian,4.2,3.1K+,26,1.1,True,False,10% OFF,,FLAT DEAL,185899,https://www.swiggy.com/city/mumbai/shreedevi-melange-chembur-rest41243
2026-09-19 21:12:19,Mumbai,Chembur,19.0522,72.9005,785563,Cafe Irani Chaii,Hemu Kalani Marg,Chembur,₹300 for two,Parsi|Cafe|Indian|Snacks,4.5,2.5K+,26,1.4,True,False,₹550 OFF,ABOVE ₹2499,FLAT DEAL,53360,https://www.swiggy.com/city/mumbai/cafe-irani-chaii-hemu-kalani-marg-chembur-rest785563
2026-09-19 21:12:19,Mumbai,Chembur,19.0522,72.9005,529267,Sahara Family Restaurant,Jeedimetla,Chembur,₹300 for two,Indian|Chinese|Tandoor,4.3,2.2K+,23,1.3,True,False,50% OFF,,FLAT DEAL,174627,https://www.swiggy.com/city/mumbai/sahara-family-restaurant-jeedimetla-chembur-rest529267
2026-09-19 21:12:19,Mumbai,Chembur,19.0522,72.9005,109781,Jeevan Boarding House,Chembur,Chembur,₹150 for two,Thalis|Indian,4.5,10K+,26,1.1,True,True,ITEMS,AT ₹45,,2835,https://www.swiggy.com/city/mumbai/jeevan-boarding-house-chembur-rest109781
2026-09-19 21:12:19,Mumbai,Chembur,19.0522,72.9005,277399,Dessert Cloud,Krushna Catering Gidwani Road,Chembur,₹150 for two,Desserts|Beverages,4.4,6.3K+,30,1.2,True,True,70% OFF,UPTO ₹140,,71414,https://www.swiggy.com/city/mumbai/dessert-cloud-krushna-catering-gidwani-road-chembur-rest277399
2026-09-19 21:12:19,Mumbai,Malad West,19.1868,72.8484,6379,Greens Restaurant,Malad West,Malad West,₹500 for two,Chinese|South Indian,4.5,129K+,42,2.2,True,False,20% OFF,UPTO ₹50,,9208,https://www.swiggy.com/city/mumbai/greens-restaurant-malad-west-rest6379
2026-09-19 21:12:19,Mumbai,Malad West,19.1868,72.8484,10773,Pishu's - Drink Your Fruit,Link Road,Malad West,₹550 for two,Juices|Beverages|Healthy Food,4.5,18K+,42,2.2,True,True,70% OFF,UPTO ₹140,,471268,https://www.swiggy.com/city/mumbai/pishus-drink-your-fruit-link-road-malad-west-rest10773
2026-09-19 21:12:19,Mumbai,Malad West,19.1868,72.8484,568234,Sweet County Cake Shop,Kandivali West,Kandivali West,₹500 for two,Bakery|Cakes & Pastries,4.4,1.6K+,41,5,True,True,60% OFF,,FLAT DEAL,441853,https://www.swiggy.com/city/mumbai/sweet-county-cake-shop-kandivali-west-rest568234
2026-09-19 21:12:19,Mumbai,Malad West,19.1868,72.8484,23729,McDonald's,Unity Heights,Malad West,₹400 for two,Burgers|Beverages|Cafe|Desserts,4.4,34K+,35,0.9,True,False,ITEMS,AT ₹64,,630,https://www.swiggy.com/city/mumbai/mcdonalds-unity-heights-malad-west-rest23729
2026-09-19 21:12:19,Mumbai,Malad West,19.1868,72.8484,24477,Domino's Pizza,Bombay Hospital Lane,Malad Kan West,₹400 for two,Pizzas|Italian|Pastas|Desserts,4.2,12K+,25,1.1,True,False,ITEMS,AT ₹39,,2456,https://www.swiggy.com/city/mumbai/dominos-pizza-bombay-hospital-lane-malad-kan-west-rest24477
2026-09-19 21:12:19,Mumbai,Malad West,19.1868,72.8484,790135,The Belgian Waffle Co.,UNITY HEIGHTS,MALAD,₹200 for two,Waffle|Desserts|Ice Cream,4.4,1.0K+,32,0.9,True,True,30% OFF,UPTO ₹60,,2233,https://www.swiggy.com/city/mumbai/the-belgian-waffle-co-unity-heights-malad-rest790135
2026-09-19 21:12:19,Mumbai,Malad West,19.1868,72.8484,334050,Theobroma,Malad West,Malad West,₹400 for two,Bakery|Desserts,4.4,10K+,35,2.2,True,False,ITEMS,AT ₹37,,1040,https://www.swiggy.com/city/mumbai/theobroma-malad-west-rest334050
2026-09-19 21:12:19,Mumbai,Malad West,19.1868,72.8484,24632,Burger King,Infinity Malad,Malad West,₹350 for two,Burgers|American,4,20K+,53,2.3,True,False,ITEMS,AT ₹39,,166,https://www.swiggy.com/city/mumbai/burger-king-infinity-malad-malad-west-rest24632
2026-09-19 21:12:19,Mumbai,Malad West,19.1868,72.8484,8657,Subway,OFF. LINK ROAD,Infinity Malad,₹350 for two,sandwich|Salads|wrap|Healthy Food,4.3,7.4K+,49,2.3,True,False,ITEMS,AT ₹69,,2,https://www.swiggy.com/city/mumbai/subway-off-link-road-infinity-malad-rest8657
2026-09-19 21:12:19,Mumbai,Malad West,19.1868,72.8484,76686,NIC Ice Creams,Ushma Nagar,Malad West,₹120 for two,Ice Cream|Desserts,4.7,15K+,36,3,True,True,70% OFF,UPTO ₹140,,6249,https://www.swiggy.com/city/mumbai/nic-ice-creams-ushma-nagar-malad-west-rest76686
2026-09-19 21:12:19,Mumbai,Malad West,19.1868,72.8484,30899,Natural Ice Cream,Malad West,Malad West,₹150 for two,Ice Cream|Desserts,4.6,5.8K+,24,1.1,True,True,₹550 OFF,ABOVE ₹2499,FLAT DEAL,2093,https://www.swiggy.com/city/mumbai/natural-ice-cream-malad-west-rest30899
2026-09-19 21:12:19,Mumbai,Malad West,19.1868,72.8484,415453,Baskin Robbins - Ice Cream Desserts,S. V. ROAD,Kandivali West,₹250 for two,Desserts|Ice Cream,4.5,672,30,2.3,True,True,ITEMS,AT ₹15,,5588,https://www.swiggy.com/city/mumbai/baskin-robbins-ice-cream-desserts-s-v-road-kandivali-west-rest415453
2026-09-19 21:12:19,Mumbai,Malad West,19.1868,72.8484,332613,Charcoal Eats - Biryani & Beyond,Pakhadi Road,Malad West,₹400 for two,Biryani|Kebabs|North Indian|Mughlai,4.3,6.0K+,35,0.9,True,False,70% OFF,,FLAT DEAL,5338,https://www.swiggy.com/city/mumbai/charcoal-eats-biryani-and-beyond-pakhadi-road-malad-west-rest332613
2026-09-19 21:12:19,Mumbai,Malad West,19.1868,72.8484,681637,LeanCrust Pizza- ThinCrust Experts,Mumbai,Orlem,₹300 for two,Pizzas|Italian|Desserts,4.6,432,25,2.2,True,False,ITEMS,AT ₹149,,11216,https://www.swiggy.com/city/mumbai/leancrust-pizza-thincrust-experts-orlem-rest681637
2026-09-19 21:12:19,Mumbai,Malad West,19.1868,72.8484,545262,"Frozen Bottle - Milkshakes, Desserts And Ice Cream",Malad West,Malad West,₹250 for two,Beverages|Ice Cream|Desserts,4.3,1.6K+,35,2.1,True,True,70% OFF,UPTO ₹140,,5655,https://www.swiggy.com/city/mumbai/frozen-bottle-milkshakes-desserts-and-ice-cream-malad-west-rest545262
2026-09-19 21:12:19,Mumbai,Malad West,19.1868,72.8484,643856,"WeFit - Protein Bowls, Salads & Sandwiches",Mumbai,Malad West,₹250 for two,Healthy Food|Salads|Keto|Snacks,4.6,707,25,2.2,True,False,ITEMS,AT ₹119,,355285,https://www.swiggy.com/city/mumbai/wefit-protein-bowls-salads-and-sandwiches-malad-west-rest643856
2026-09-19 21:12:19,Mumbai,Malad West,19.1868,72.8484,579269,NH1 Bowls - Highway To North,Kanchpada,Malad West,₹250 for two,North Indian|Punjabi|Home Food,4.5,1.0K+,25,2.2,True,False,ITEMS,AT ₹119,,22452,https://www.swiggy.com/city/mumbai/nh1-bowls-highway-to-north-kanchpada-malad-west-rest579269
2026-09-19 21:12:19,Mumbai,Malad West,19.1868,72.8484,579270,ZAZA Mughal Biryani,Kanchpada,Malad West,₹250 for two,Biryani|North Indian|Awadhi,4.3,690,25,2.2,True,False,70% OFF,UPTO ₹140,,22473,https://www.swiggy.com/city/mumbai/zaza-mughal-biryani-kanchpada-malad-west-rest579270
2026-09-19 21:12:19,Mumbai,Malad West,19.1868,72.8484,622227,MOJO Pizza - 2X Toppings,Mumbai,Orlem,₹250 for two,Pizzas|Italian|Fast Food|Desserts,4.5,1.0K+,25,2.2,True,False,ITEMS,AT ₹99,,11329,https://www.swiggy.com/city/mumbai/mojo-pizza-2x-toppings-orlem-rest622227
2026-09-19 21:12:19,Mumbai,Malad West,19.1868,72.8484,673365,Bombay Sweet Shop,Malad West,Malad West,₹700 for two,Sweets|Desserts|Snacks,4.7,1.2K+,32,2.1,True,True,30% OFF,,FLAT DEAL,48883,https://www.swiggy.com/city/mumbai/bombay-sweet-shop-malad-west-rest673365
2026-09-19 21:12:19,Mumbai,Malad West,19.1868,72.8484,124880,Evorea,Malad West,Malad West,₹400 for two,Desserts|Bakery|Sweets,4.4,7.1K+,19,0.9,True,True,ITEMS,AT ₹65,,604083,https://www.swiggy.com/city/mumbai/evorea-malad-west-rest124880
2026-09-19 21:12:19,Mumbai,Malad West,19.1868,72.8484,586792,Cremure,Malad West,Malad West,₹200 for two,Bakery|Desserts|Waffle|Beverages,4.6,15K+,35,2.3,True,False,₹200 OFF,ABOVE ₹599,FLAT DEAL,351103,https://www.swiggy.com/city/mumbai/cremure-malad-west-rest586792
2026-09-19 21:12:19,Mumbai,Malad West,19.1868,72.8484,169857,Green Tadka,Goregaon West,Goregaon West,₹700 for two,Indian,4.5,1.7K+,34,1.1,True,True,ITEMS,AT ₹79,,90410,https://www.swiggy.com/city/mumbai/green-tadka-goregaon-west-rest169857
2026-09-19 21:12:19,Mumbai,Malad West,19.1868,72.8484,334664,Brijwasi Sweets,Malad Kan West,Malad West,₹300 for two,Sweets|Snacks|snack|Fast Food,4.2,2.1K+,24,0.9,True,True,70% OFF,UPTO ₹140,,13929,https://www.swiggy.com/city/mumbai/brijwasi-sweets-malad-kan-west-malad-west-rest334664
2026-09-19 21:12:19,Mumbai,Malad West,19.1868,72.8484,130434,Ohhdaily - Healthy & Homely Tiffins,Pawan Baug Road,Malad West,₹200 for two,Thalis|Indian|Home Food|Chinese,4.2,30K+,28,1.4,True,True,60% OFF,UPTO ₹120,,151174,https://www.swiggy.com/city/mumbai/ohhdaily-healthy-and-homely-tiffins-pawan-baug-road-malad-west-rest130434
2026-09-19 21:12:19,Mumbai,Malad West,19.1868,72.8484,627792,The Green Door,Goregaon West,Goregaon West,₹400 for two,Continental|Chinese|Indian,4.3,764,35,2.5,True,False,₹40 OFF,ABOVE ₹349,FLAT DEAL,236570,https://www.swiggy.com/city/mumbai/the-green-door-goregaon-west-rest627792
2026-09-19 21:12:19,Mumbai,Malad West,19.1868,72.8484,1363871,Faredoons,Malad Kan West,Malad Kan West,₹300 for two,Bakery|Snacks|Desserts|Beverages,4.4,133,33,2.2,True,False,50% OFF,,FLAT DEAL,704314,https://www.swiggy.com/city/mumbai/faredoons-malad-kan-west-rest1363871
2026-09-19 21:12:19,Mumbai,Malad West,19.1868,72.8484,146201,Jeden-The Cake Expert,Kandivali West,Kandivali West,₹500 for two,Desserts|Bakery|Sweets,4.3,1.4K+,37,2.6,True,False,ITEMS,AT ₹59,,10782,https://www.swiggy.com/city/mumbai/jeden-the-cake-expert-kandivali-west-rest146201
2026-09-19 21:12:19,Mumbai,Dadar,19.0178,72.8478,775579,Sweet County Cake Shop,Matunga East,Matunga East,₹500 for two,Bakery|Cakes & Pastries,4.4,1.3K+,17,1.3,True,True,60% OFF,,FLAT DEAL,441853,https://www.swiggy.com/city/mumbai/sweet-county-cake-shop-matunga-east-rest775579
2026-09-19 21:12:19,Mumbai,Dadar,19.0178,72.8478,421497,Minus 30,Worli,Mahim Dadar,₹600 for two,Ice Cream|Desserts|Healthy Food|Beverages,4.7,2.1K+,30,3.5,True,True,,,,292823,https://www.swiggy.com/city/mumbai/minus-30-worli-mahim-dadar-rest421497
2026-09-19 21:12:19,Mumbai,Dadar,19.0178,72.8478,63677,Gypsy Chinese - Shivaji Park,Shivaji Park,Mahim Dadar,₹1000 for two,Chinese|Desserts,4.6,10K+,40,1.3,True,False,,,,92426,https://www.swiggy.com/city/mumbai/gypsy-chinese-shivaji-park-shivaji-park-mahim-dadar-rest63677
2026-09-19 21:12:19,Mumbai,Dadar,19.0178,72.8478,60721,Meraki,Matunga East,Matunga,₹400 for two,Chinese|Thai|Asian,4.3,33K+,42,2.6,True,False,70% OFF,UPTO ₹140,,2356,https://www.swiggy.com/city/mumbai/meraki-east-matunga-rest60721
2026-09-19 21:12:19,Mumbai,Dadar,19.0178,72.8478,49390,The Belgian Waffle Co.,Ambedkar Road,Parel,₹200 for two,Waffle|Desserts|Ice Cream,4.5,8.7K+,37,2.2,True,True,30% OFF,UPTO ₹60,,2233,https://www.swiggy.com/city/mumbai/the-belgian-waffle-co-ambedkar-road-parel-rest49390
2026-09-19 21:12:19,Mumbai,Dadar,19.0178,72.8478,23715,McDonald's,Dadar West,Dadar West,₹400 for two,Burgers|Beverages|Cafe|Desserts,4.3,63K+,34,1.8,True,False,ITEMS,AT ₹64,,630,https://www.swiggy.com/city/mumbai/mcdonalds-dadar-west-rest23715
2026-09-19 21:12:19,Mumbai,Dadar,19.0178,72.8478,343003,Theobroma,Lower Parel,Lower Parel,₹400 for two,Bakery|Desserts,4.5,7.7K+,32,3,True,False,ITEMS,AT ₹37,,1040,https://www.swiggy.com/city/mumbai/theobroma-lower-parel-rest343003
2026-09-19 21:12:19,Mumbai,Dadar,19.0178,72.8478,337815,La Pino'z Pizza,Matunga East,Matunga East,₹300 for two,Pizzas|Italian|Pastas|Mexican|Desserts|Beverages|Snacks|Combos|Fast Food,4.1,9.5K+,29,1.2,True,False,50% OFF,,FLAT DEAL,4961,https://www.swiggy.com/city/mumbai/la-pinoz-pizza-matunga-east-rest337815
2026-09-19 21:12:19,Mumbai,Dadar,19.0178,72.8478,331762,Domino's Pizza,"ISSARDAS, WADALA",Wadala,₹400 for two,Pizzas|Italian|Pastas|Desserts,4.3,4.1K+,25,2.8,True,False,ITEMS,AT ₹39,,2456,https://www.swiggy.com/city/mumbai/dominos-pizza-issardas-wadala-rest331762
2026-09-19 21:12:19,Mumbai,Dadar,19.0178,72.8478,21975,Subway,Dr Earnest Borges Road,Parel,₹350 for two,sandwich|Salads|wrap|Healthy Food,4.1,42K+,36,2.9,True,False,ITEMS,AT ₹69,,2,https://www.swiggy.com/city/mumbai/subway-dr-earnest-borges-road-parel-rest21975
2026-09-19 21:12:19,Mumbai,Dadar,19.0178,72.8478,6968,Baskin Robbins - Ice Cream Desserts,Matunga East,Matunga East,₹250 for two,Desserts|Ice Cream,4.6,7.9K+,21,1.5,True,True,ITEMS,AT ₹15,,5588,https://www.swiggy.com/city/mumbai/baskin-robbins-ice-cream-desserts-matunga-east-rest6968
2026-09-19 21:12:19,Mumbai,Dadar,19.0178,72.8478,181884,Pritam Da Dhaba,Dadar East,Dadar East,₹1000 for two,North Indian|Biryani|Tandoor|Chinese|Beverages|Roll|Kebabs|Desserts|sandwich|Fast Food,4.5,4.8K+,32,0.3,True,False,,,,161286,https://www.swiggy.com/city/mumbai/pritam-da-dhaba-dadar-east-rest181884
2026-09-19 21:12:19,Mumbai,Dadar,19.0178,72.8478,337356,NIC Ice Creams,R.A.K Road,wadala,₹120 for two,Ice Cream|Desserts,4.6,5.0K+,21,2,True,True,70% OFF,UPTO ₹140,,6249,https://www.swiggy.com/city/mumbai/nic-ice-creams-r-a-k-road-wadala-rest337356
2026-09-19 21:12:19,Mumbai,Dadar,19.0178,72.8478,30895,Natural Ice Cream,Parel TT,Parel,₹150 for two,Ice Cream|Desserts,4.6,12K+,21,1.5,True,True,₹550 OFF,ABOVE ₹2499,FLAT DEAL,2093,https://www.swiggy.com/city/mumbai/natural-ice-cream-tt-parel-rest30895
2026-09-19 21:12:19,Mumbai,Dadar,19.0178,72.8478,156399,The Good Bowl,Near Premier Cinema,DR BA ROAD,₹400 for two,Biryani|Pastas|Punjabi|Desserts|Beverages,4.3,2.5K+,25,1.3,True,False,ITEMS,AT ₹99,,7918,https://www.swiggy.com/city/mumbai/the-good-bowl-near-premier-cinema-dr-ba-road-rest156399
2026-09-19 21:12:19,Mumbai,Dadar,19.0178,72.8478,186134,The Biryani Life,Parel,Dr. BA Road,₹250 for two,Biryani|Mughlai|Lucknowi|Hyderabadi|Kebabs|Desserts|Beverages,4.2,1.8K+,28,1.4,True,False,70% OFF,UPTO ₹140,,8496,https://www.swiggy.com/city/mumbai/the-biryani-life-parel-dr-ba-road-rest186134
2026-09-19 21:12:19,Mumbai,Dadar,19.0178,72.8478,13151,Gypsy Corner,Dadar West,Dadar West,₹300 for two,Maharashtrian|Fast Food,4.7,57K+,28,1.3,True,True,ITEMS,AT ₹25,,92428,https://www.swiggy.com/city/mumbai/gypsy-corner-dadar-west-rest13151
2026-09-19 21:12:19,Mumbai,Dadar,19.0178,72.8478,863279,Bikkgane Biryani,SHREE RAM MILL,"M D College, Parel",₹350 for two,Biryani|Hyderabadi|Andhra|Lucknowi|Kolkata|Desserts|Beverages,4.3,2.7K+,31,2.5,True,False,65% OFF,UPTO ₹125,,5070,https://www.swiggy.com/city/mumbai/bikkgane-biryani-shree-ram-mill-m-d-college-parel-rest863279
2026-09-19 21:12:19,Mumbai,Dadar,19.0178,72.8478,7640,Apsara Ice Creams,Matunga East,Matunga,₹150 for two,Ice Cream|Desserts,4.7,13K+,18,1.2,True,True,ITEMS,AT ₹47,,35219,https://www.swiggy.com/city/mumbai/apsara-ice-creams-east-matunga-rest7640
2026-09-19 21:12:19,Mumbai,Dadar,19.0178,72.8478,475120,Starbucks Coffee,Matunga East,Matunga East,₹400 for two,Beverages|Cafe|Snacks|Desserts|Bakery|Ice Cream,4.7,1.7K+,29,1.8,True,False,₹85 OFF,ABOVE ₹199,FLAT DEAL,195515,https://www.swiggy.com/city/mumbai/starbucks-coffee-matunga-east-rest475120
2026-09-19 21:12:19,Mumbai,Dadar,19.0178,72.8478,108765,Kirti Mahal Legacy,Parel,Parel,₹350 for two,Indian|South Indian|Chinese|Punjabi|Fast Food|Juices,4.4,36K+,31,1.5,True,True,50% OFF,,FLAT DEAL,368699,https://www.swiggy.com/city/mumbai/kirti-mahal-legacy-parel-rest108765
2026-09-19 21:12:19,Mumbai,Dadar,19.0178,72.8478,1339414,Deliure & The Eatrium,Matunga Wadala,Matunga Wadala,₹450 for two,Desserts|Chaat|Snacks|Biryani|South Indian|Indian,4.7,569,23,1.9,True,True,ITEMS,AT ₹29,,70641,https://www.swiggy.com/city/mumbai/deliure-and-the-eatrium-matunga-wadala-rest1339414
2026-09-19 21:12:19,Mumbai,Dadar,19.0178,72.8478,148414,Kirti Mahal Express (Fast Food),Parel,Parel,₹150 for two,South Indian|Snacks|Chaat|Pizzas|Burgers|Thalis|Rolls & Wraps|Beverages|Salads|Desserts,4.4,5.8K+,33,1.5,True,True,50% OFF,,FLAT DEAL,368700,https://www.swiggy.com/city/mumbai/kirti-mahal-express-fast-food-parel-rest148414
2026-09-19 21:12:19,Mumbai,Dadar,19.0178,72.8478,711536,Udupi 2 Mumbai,Parel,Parel,₹400 for two,South Indian|Chinese|Indian|Beverages|Snacks|Chaat,4.3,1.4K+,29,0.5,True,True,ITEMS,AT ₹89,,329523,https://www.swiggy.com/city/mumbai/udupi-2-mumbai-parel-rest711536
2026-09-19 21:12:19,Mumbai,Dadar,19.0178,72.8478,542157,Tibb's Frankie,Nmp Marg,Matunga Wadala,₹200 for two,Rolls & Wraps|Fast Food|Snacks|Indian,4.2,1.4K+,22,1.4,True,False,ITEMS,AT ₹49,,216056,https://www.swiggy.com/city/mumbai/tibbs-frankie-nmp-marg-matunga-wadala-rest542157
2026-09-19 21:12:19,Mumbai,Dadar,19.0178,72.8478,1099488,Raju Ki Chai,Matunga Wadala,Matunga Wadala,₹300 for two,Tea|Snacks|Beverages,4.6,670,26,1.4,True,True,70% OFF,UPTO ₹140,,165969,https://www.swiggy.com/city/mumbai/raju-ki-chai-matunga-wadala-rest1099488
2026-09-19 21:12:19,Mumbai,Dadar,19.0178,72.8478,417170,The Bawa Kitchen,Gokuldas Pasta Rd,Dadar,₹300 for two,North Indian|Punjabi|Chinese|Biryani|Mughlai|Seafood|Desserts|Beverages,4.4,2.3K+,25,0.7,True,False,70% OFF,UPTO ₹140,,205077,https://www.swiggy.com/city/mumbai/the-bawa-kitchen-gokuldas-pasta-rd-dadar-rest417170
2026-09-19 21:12:19,Mumbai,Vashi,19.0771,72.9986,578581,Bakingo-Cakes & Desserts,Keshav kunj bldg -1,Sector 30A,₹299 for two,Bakery|Desserts|Beverages|Snacks,4.6,5.2K+,18,2.5,True,False,ITEMS,AT ₹69,,3818,https://www.swiggy.com/city/mumbai/bakingo-cakes-and-desserts-keshav-kunj-bldg-1-sector-30a-rest578581
2026-09-19 21:12:19,Mumbai,Vashi,19.0771,72.9986,21060,Meraki,Vashi,Vashi,₹500 for two,Chinese|Asian|Thai,4.3,45K+,47,3,True,False,70% OFF,UPTO ₹140,,2356,https://www.swiggy.com/city/mumbai/meraki-vashi-rest21060
2026-09-19 21:12:19,Mumbai,Vashi,19.0771,72.9986,25570,Subway,Inorbit Mall,Vashi,₹450 for two,sandwich|Salads|wrap|Healthy Food,4.3,6.6K+,28,1.8,True,False,ITEMS,AT ₹69,,2,https://www.swiggy.com/city/mumbai/subway-inorbit-mall-vashi-rest25570
2026-09-19 21:12:19,Mumbai,Vashi,19.0771,72.9986,737923,KFC,Vashi,Vashi,₹400 for two,Burgers|Fast Food|Rolls & Wraps,4.3,3.3K+,35,2.7,True,False,50% OFF,,FLAT DEAL,547,https://www.swiggy.com/city/mumbai/kfc-vashi-rest737923
2026-09-19 21:12:19,Mumbai,Vashi,19.0771,72.9986,68532,McDonald's,Vashi,Vashi,₹400 for two,Burgers|Beverages|Cafe|Desserts,4.5,28K+,18,1,True,False,ITEMS,AT ₹64,,630,https://www.swiggy.com/city/mumbai/mcdonalds-vashi-rest68532
2026-09-19 21:12:19,Mumbai,Vashi,19.0771,72.9986,29212,Domino's Pizza,Sector - 17,Vashi,₹400 for two,Pizzas|Italian|Pastas|Desserts,4.3,20K+,25,0.9,True,False,ITEMS,AT ₹39,,2456,https://www.swiggy.com/city/mumbai/dominos-pizza-sector-17-vashi-rest29212
2026-09-19 21:12:19,Mumbai,Vashi,19.0771,72.9986,621840,The Belgian Waffle Co.,Vashi,Sector 17,₹200 for two,Waffle|Desserts|Ice Cream|Beverages,4.3,1.8K+,23,0.7,True,True,30% OFF,UPTO ₹60,,2233,https://www.swiggy.com/city/mumbai/the-belgian-waffle-co-vashi-sector-17-rest621840
2026-09-19 21:12:19,Mumbai,Vashi,19.0771,72.9986,748076,Pizza Hut,Vashi,Vashi,₹350 for two,Pizzas,3.9,1.0K+,43,1.8,True,False,50% OFF,,FLAT DEAL,721,https://www.swiggy.com/city/mumbai/pizza-hut-vashi-rest748076
2026-09-19 21:12:19,Mumbai,Vashi,19.0771,72.9986,137365,Theobroma,Vashi,Vashi,₹400 for two,Bakery|Desserts,4.5,12K+,19,2,True,False,ITEMS,AT ₹37,,1040,https://www.swiggy.com/city/mumbai/theobroma-vashi-rest137365
2026-09-19 21:12:19,Mumbai,Vashi,19.0771,72.9986,655021,Burger King,Sector 19D,Vashi,₹350 for two,Burgers|American,4.2,7.4K+,20,1.5,True,False,ITEMS,AT ₹39,,166,https://www.swiggy.com/city/mumbai/burger-king-sector-19d-vashi-rest655021
2026-09-19 21:12:19,Mumbai,Vashi,19.0771,72.9986,407472,Baskin Robbins - Ice Cream Desserts,sector 17 Vashi,vashi,₹250 for two,Desserts|Ice Cream,4.6,1.0K+,18,1.2,True,True,ITEMS,AT ₹15,,5588,https://www.swiggy.com/city/mumbai/baskin-robbins-ice-cream-desserts-sector-17-vashi-rest407472
2026-09-19 21:12:19,Mumbai,Vashi,19.0771,72.9986,295965,Big Bowl,Bhoomi Paradesi,Vashi,₹300 for two,North Indian|Chinese|Tibetan|Desserts,4.2,3.1K+,32,4.1,True,False,70% OFF,UPTO ₹140,,434792,https://www.swiggy.com/city/mumbai/big-bowl-bhoomi-paradesi-vashi-rest295965
2026-09-19 21:12:19,Mumbai,Vashi,19.0771,72.9986,73062,Chinese Wok,Sanpada,Vashi,₹250 for two,Chinese|Asian|Tibetan|Desserts,4.1,10K+,36,4.1,True,False,70% OFF,UPTO ₹140,,61955,https://www.swiggy.com/city/mumbai/chinese-wok-sanpada-vashi-rest73062
2026-09-19 21:12:19,Mumbai,Vashi,19.0771,72.9986,328876,Charcoal Eats - Biryani & Beyond,Navi Mumbai,APMC Market,₹400 for two,Biryani|Kebabs|North Indian|Mughlai,4.3,5.6K+,16,1.3,True,False,70% OFF,,FLAT DEAL,5338,https://www.swiggy.com/city/mumbai/charcoal-eats-biryani-and-beyond-navi-apmc-market-rest328876
2026-09-19 21:12:19,Mumbai,Vashi,19.0771,72.9986,253559,"Faasos - Wraps, Rolls & Shawarma",Sector 18,Vashi,₹200 for two,Wraps|rolls|Fast Food|Burger|shawarma|Rice Bowls,4.3,4.5K+,23,1.9,True,False,65% OFF,UPTO ₹125,,21809,https://www.swiggy.com/city/mumbai/faasos-wraps-rolls-and-shawarma-sector-18-vashi-rest253559
2026-09-19 21:12:19,Mumbai,Vashi,19.0771,72.9986,88630,NIC Ice Creams,Sector No-2,Vashi,₹120 for two,Ice Cream|Desserts,4.7,17K+,13,1.4,True,True,70% OFF,UPTO ₹140,,6249,https://www.swiggy.com/city/mumbai/nic-ice-creams-sector-no-2-vashi-rest88630
2026-09-19 21:12:19,Mumbai,Vashi,19.0771,72.9986,30890,Natural Ice Cream,VASHI SEC 29,Vashi,₹150 for two,Ice Cream|Desserts,4.7,17K+,13,1.4,True,True,₹550 OFF,ABOVE ₹2499,FLAT DEAL,2093,https://www.swiggy.com/city/mumbai/natural-ice-cream-sec-29-vashi-rest30890
2026-09-19 21:12:19,Mumbai,Vashi,19.0771,72.9986,26741,Kolkata Rolls, Hiranandani Complex, Hiranandani Complex,₹250 for two,Momos|shawarma|wrap|rolls,4,22K+,48,13.8,True,False,70% OFF,UPTO ₹140,,2493,https://www.swiggy.com/city/mumbai/kolkata-rolls-hiranandani-complex-rest26741
2026-09-19 21:12:19,Mumbai,Vashi,19.0771,72.9986,577563,ZAZA Mughal Biryani,Karam Pura,Vashi,₹250 for two,Biryani|North Indian|Awadhi,4.5,866,25,1.2,True,False,70% OFF,UPTO ₹140,,22473,https://www.swiggy.com/city/mumbai/zaza-mughal-biryani-karam-pura-vashi-rest577563
2026-09-19 21:12:19,Mumbai,Vashi,19.0771,72.9986,577562,NH1 Bowls - Highway To North,Karam Pura,Vashi,₹250 for two,North Indian|Punjabi|Home Food,4.7,824,25,1.2,True,False,ITEMS,AT ₹119,,22452,https://www.swiggy.com/city/mumbai/nh1-bowls-highway-to-north-karam-pura-vashi-rest577562
2026-09-19 21:12:19,Mumbai,Vashi,19.0771,72.9986,895963,Bikkgane Biryani,SECTOR 19C,Vashi,₹350 for two,Biryani| Hyderabadi| Andhra| Lucknowi| Kolkata| Desserts|Beverages,4.4,2.9K+,25,1.5,True,False,,,,5070,https://www.swiggy.com/city/mumbai/bikkgane-biryani-sector-19c-vashi-rest895963
2026-09-19 21:12:19,Mumbai,Vashi,19.0771,72.9986,21671,Something's Fishy - Regenza By Tunga,Vashi,Vashi,₹1200 for two,Seafood|Malwani|Goan|Continental,4.5,3.6K+,32,1.3,True,False,70% OFF,UPTO ₹140,,190827,https://www.swiggy.com/city/mumbai/somethings-fishy-regenza-by-tunga-vashi-rest21671
2026-09-19 21:12:19,Mumbai,Vashi,19.0771,72.9986,379487,Hotel Trimurti Pure Veg,Vashi,Vashi,₹400 for two,North Indian|South Indian|Indian,3.7,1.7K+,19,1,True,False,ITEMS,AT ₹9,,103127,https://www.swiggy.com/city/mumbai/hotel-trimurti-pure-veg-vashi-rest379487
2026-09-19 21:12:19,Mumbai,Vashi,19.0771,72.9986,293992,Vihara - Regenza By Tunga,Vashi,Vashi,₹400 for two,Indian|South Indian,4.6,10K+,26,1.3,True,False,70% OFF,UPTO ₹140,,743268,https://www.swiggy.com/city/mumbai/vihara-regenza-by-tunga-vashi-rest293992
2026-09-19 21:12:19,Mumbai,Vashi,19.0771,72.9986,757975,Punjab Se,Vashi,Vashi,₹300 for two,Indian|Punjabi|Chinese,4.2,1.7K+,29,1.2,True,True,₹75 OFF,ABOVE ₹399,FLAT DEAL,447755,https://www.swiggy.com/city/mumbai/punjab-se-vashi-rest757975
2026-09-19 21:12:19,Mumbai,Vashi,19.0771,72.9986,803481,"House of Biryan- Biryani, Kepsa and More (HOB)",Navi Mumbai,Vashi,₹300 for two,Biryani|Kebabs|Rolls|North Indian|Mughlai|Indian|Hyderabadi|Tandoor|Desserts|Beverages,4.1,2.0K+,19,1.3,True,False,50% OFF,,FLAT DEAL,788613,https://www.swiggy.com/city/mumbai/house-of-biryan-biryani-kepsa-and-more-hob-navi-vashi-rest803481
2026-09-19 21:12:19,Mumbai,Vashi,19.0771,72.9986,818333,The Kerala Table,Vashi,Vashi,₹400 for two,Kerala|South Indian|Chinese|Indian,4.3,2.2K+,31,1.6,True,False,ITEMS,AT ₹39,,487679,https://www.swiggy.com/city/mumbai/the-kerala-table-vashi-rest818333
2026-09-19 21:12:19,Delhi,Connaught Place,28.6315,77.2167,51510,Biryani By Kilo,Rajiv Chowk,Connaught Place,₹700 for two,Biryani|Hyderabadi|North Indian|Kebabs|Mughlai|Desserts,4.2,9.9K+,29,1,True,False,ITEMS,AT ₹149,,130,https://www.swiggy.com/city/delhi/biryani-by-kilo-rajiv-chowk-connaught-place-rest51510
2026-09-19 21:12:19,Delhi,Connaught Place,28.6315,77.2167,467579,Louis Burger,N Block,Connaught Place,₹600 for two,Burgers|American|Fast Food,4.2,2.3K+,36,1,True,False,ITEMS,AT ₹194,,22485,https://www.swiggy.com/city/delhi/louis-burger-n-block-connaught-place-rest467579
2026-09-19 21:12:19,Delhi,Connaught Place,28.6315,77.2167,21383,Subway,Baba Kharak Singh Marg,Connaught Place,₹350 for two,sandwich|Salads|wrap|Healthy Food,4.2,7.1K+,13,,True,False,ITEMS,AT ₹69,,2,https://www.swiggy.com/city/delhi/subway-baba-kharak-singh-marg-connaught-place-rest21383
2026-09-19 21:12:19,Delhi,Connaught Place,28.6315,77.2167,753312,The Belgian Waffle Co.,Connaught Place,Connaught Place,₹200 for two,Desserts|Waffle|Coffee,4.7,1.5K+,19,0.5,True,True,ITEMS,AT ₹72,,2233,https://www.swiggy.com/city/delhi/the-belgian-waffle-co-connaught-place-rest753312
2026-09-19 21:12:19,Delhi,Connaught Place,28.6315,77.2167,611110,Domino's Pizza,Regal Building,Connaught Place,₹400 for two,Pizzas|Italian|Pastas|Desserts,4.6,2.0K+,25,0.5,True,False,50% OFF,,FLAT DEAL,2456,https://www.swiggy.com/city/delhi/dominos-pizza-regal-building-connaught-place-rest611110
2026-09-19 21:12:19,Delhi,Connaught Place,28.6315,77.2167,8614,Burger King,Connaught Place,Connaught Place,₹350 for two,Burgers|American,4.3,47K+,13,0.5,True,False,ITEMS,AT ₹39,,166,https://www.swiggy.com/city/delhi/burger-king-connaught-place-rest8614
2026-09-19 21:12:19,Delhi,Connaught Place,28.6315,77.2167,242282,McDonald's,Rajiv Chowk,Connaught Place,₹400 for two,American|Fast Food|Beverages,4.5,3.9K+,13,0.8,True,False,ITEMS,AT ₹52,,630,https://www.swiggy.com/city/delhi/mcdonalds-rajiv-chowk-connaught-place-rest242282
2026-09-19 21:12:19,Delhi,Connaught Place,28.6315,77.2167,16865,Pizza Hut,Janpath,Janpath,₹350 for two,Pizzas,4.5,5.8K+,19,1.3,True,False,50% OFF,,FLAT DEAL,721,https://www.swiggy.com/city/delhi/pizza-hut-janpath-rest16865
2026-09-19 21:12:19,Delhi,Connaught Place,28.6315,77.2167,152971,KFC,Connaught Place,Connaught Place,₹400 for two,Burgers|Fast Food|Rolls & Wraps,4.3,6.9K+,13,0.7,True,False,50% OFF,,FLAT DEAL,547,https://www.swiggy.com/city/delhi/kfc-connaught-place-rest152971
2026-09-19 21:12:19,Delhi,Connaught Place,28.6315,77.2167,58217,Theobroma,Mezzanine Connaught,Connaught Place,₹400 for two,Bakery|Desserts,4.5,14K+,14,1.3,True,False,ITEMS,AT ₹36,,1040,https://www.swiggy.com/city/delhi/theobroma-mezzanine-connaught-connaught-place-rest58217
2026-09-19 21:12:19,Delhi,Connaught Place,28.6315,77.2167,659837,Bakingo,Naiwala,Karol Bagh,₹299 for two,Bakery|Desserts|Beverages|Snacks,4.6,15K+,27,4.2,True,False,ITEMS,AT ₹69,,3818,https://www.swiggy.com/city/delhi/bakingo-naiwala-karol-bagh-rest659837
2026-09-19 21:12:19,Delhi,Connaught Place,28.6315,77.2167,90566,Chaayos Chai+Snacks=Relax,Connaught Place,Connaught Place,₹250 for two,Beverages|Chaat|Bakery|Snacks|Street Food|healthy|Home Food|Maharashtrian|Italian|Desserts,4.6,9.5K+,15,0.4,True,False,51% OFF,,FLAT DEAL,281782,https://www.swiggy.com/city/delhi/chaayos-chai-snacks-relax-connaught-place-rest90566
2026-09-19 21:12:19,Delhi,Connaught Place,28.6315,77.2167,8619,Bikkgane Biryani,PVR Rivoli,Connaught Place,₹400 for two,Biryani| Hyderabadi| Andhra| Lucknowi| Kolkata| Desserts|Beverages,4.4,32K+,17,,True,False,ITEMS,AT ₹59,,5070,https://www.swiggy.com/city/delhi/bikkgane-biryani-pvr-rivoli-connaught-place-rest8619
2026-09-19 21:12:19,Delhi,Connaught Place,28.6315,77.2167,626148,La Pino'z Pizza,Salt Lake,Karol Bagh,₹400 for two,Pizzas|Pastas|Italian|Desserts|Beverages,4,13K+,35,4.7,True,False,50% OFF,,FLAT DEAL,4961,https://www.swiggy.com/city/delhi/la-pinoz-pizza-salt-lake-karol-bagh-rest626148
2026-09-19 21:12:19,Delhi,Connaught Place,28.6315,77.2167,438612,Baskin Robbins - Ice Cream Desserts,Cannought Circus,Connaught Place,₹250 for two,Desserts|Ice Cream,4.5,601,15,1.5,True,True,ITEMS,AT ₹15,,5588,https://www.swiggy.com/city/delhi/baskin-robbins-ice-cream-desserts-cannought-circus-connaught-place-rest438612
2026-09-19 21:12:19,Delhi,Connaught Place,28.6315,77.2167,169244,Taco Bell,Connaught Place,Connaught Place,₹300 for two,Mexican|Fast Food|Snacks,4.4,10K+,14,0.8,True,False,65% OFF,UPTO ₹125,,1557,https://www.swiggy.com/city/delhi/taco-bell-connaught-place-rest169244
2026-09-19 21:12:19,Delhi,Connaught Place,28.6315,77.2167,8620,Biryani Blues,Connaught Place,Connaught Place,₹400 for two,Biryani|Hyderabadi|Lucknowi|Kebabs|Desserts|Beverages,4.1,33K+,13,0.9,True,False,70% OFF,UPTO ₹140,,13813,https://www.swiggy.com/city/delhi/biryani-blues-connaught-place-rest8620
2026-09-19 21:12:19,Delhi,Connaught Place,28.6315,77.2167,40414,Bikanervala,Connaught Place,Connaught Place,₹300 for two,North Indian|Snacks|Chaat|Sweets,4.3,18K+,17,0.3,True,True,50% OFF,,FLAT DEAL,45936,https://www.swiggy.com/city/delhi/bikanervala-connaught-place-rest40414
2026-09-19 21:12:19,Delhi,Connaught Place,28.6315,77.2167,27797,Natural Ice Cream,Connaught Place,Connaught Place,₹150 for two,Ice Cream|Desserts,4.7,18K+,11,1.2,True,True,20% OFF,UPTO ₹50,,2093,https://www.swiggy.com/city/delhi/natural-ice-cream-connaught-place-rest27797
2026-09-19 21:12:19,Delhi,Connaught Place,28.6315,77.2167,169835,NIC Ice Creams,Beadon Pura,Karol Bagh,₹120 for two,Ice Cream|Desserts,4.7,10K+,30,5,True,True,70% OFF,UPTO ₹140,,6249,https://www.swiggy.com/city/delhi/nic-ice-creams-beadon-pura-karol-bagh-rest169835
2026-09-19 21:12:19,Delhi,Connaught Place,28.6315,77.2167,820621,Snowberry Artisanal Desserts,Connaught Place,Connaught Place,₹400 for two,Desserts|Cakes|Waffle|Beverages,4.4,387,24,1.4,True,True,₹50 OFF,ABOVE ₹349,FLAT DEAL,585765,https://www.swiggy.com/city/delhi/snowberry-artisanal-desserts-connaught-place-rest820621
2026-09-19 21:12:19,Delhi,Connaught Place,28.6315,77.2167,979735,Nashville Fried Chicken - NFC,School Block,Shakarpur,₹350 for two,American|Burgers|Fast Food,4,849,58,7.5,True,False,50% OFF,,FLAT DEAL,464434,https://www.swiggy.com/city/delhi/nashville-fried-chicken-nfc-school-block-shakarpur-rest979735
2026-09-19 21:12:19,Delhi,Connaught Place,28.6315,77.2167,836075,California Burrito,Karol Bagh,Karol Bagh,₹250 for two,Mexican|American|Salads|Continental|Keto|Healthy Food|Beverages|Snacks|Desserts|Fast Food,4.6,7.3K+,31,3.9,True,False,ITEMS,AT ₹89,,1252,https://www.swiggy.com/city/delhi/california-burrito-karol-bagh-rest836075
2026-09-19 21:12:19,Delhi,Connaught Place,28.6315,77.2167,1072666,Punjabi Angithi (Vegorama Group),KAROL BAGH,Jhandewalan,₹300 for two,North Indian|Chinese|Tandoor|rolls,4.2,6.9K+,31,4,True,True,60% OFF,,FLAT DEAL,465050,https://www.swiggy.com/city/delhi/punjabi-angithi-vegorama-group-karol-bagh-jhandewalan-rest1072666
2026-09-19 21:12:19,Delhi,Saket,28.5245,77.2066,35273,Biryani By Kilo,Siri Fort,Shahpur Jat,₹700 for two,Biryani|Hyderabadi|North Indian|Kebabs|Mughlai|Desserts,4.3,15K+,39,4.5,True,False,ITEMS,AT ₹149,,130,https://www.swiggy.com/city/delhi/biryani-by-kilo-siri-fort-shahpur-jat-rest35273
2026-09-19 21:12:19,Delhi,Saket,28.5245,77.2066,24146,Domino's Pizza,Ashok Vihar,Saket,₹400 for two,Pizzas|Italian|Pastas|Desserts,4.4,17K+,25,0.4,True,False,50% OFF,,FLAT DEAL,2456,https://www.swiggy.com/city/delhi/dominos-pizza-ashok-vihar-saket-rest24146
2026-09-19 21:12:19,Delhi,Saket,28.5245,77.2066,725575,Subway,Saket,PVR Saket,₹350 for two,sandwich|Salads|wrap|Healthy Food,4.3,3.9K+,21,0.2,True,False,ITEMS,AT ₹69,,2,https://www.swiggy.com/city/delhi/subway-saket-pvr-saket-rest725575
2026-09-19 21:12:19,Delhi,Saket,28.5245,77.2066,265572,Theobroma,Malviya Nagar,Malviya Nagar,₹400 for two,Bakery|Desserts,4.5,5.2K+,27,2,True,False,ITEMS,AT ₹36,,1040,https://www.swiggy.com/city/delhi/theobroma-malviya-nagar-rest265572
2026-09-19 21:12:19,Delhi,Saket,28.5245,77.2066,347965,KFC,Malviya Nagar,Malviya Nagar,₹400 for two,Burgers|Fast Food|Rolls & Wraps,4.2,14K+,27,2,True,False,50% OFF,,FLAT DEAL,547,https://www.swiggy.com/city/delhi/kfc-malviya-nagar-rest347965
2026-09-19 21:12:19,Delhi,Saket,28.5245,77.2066,11642,Pizza Hut,Saket,Saket,₹350 for two,Pizzas,4.2,13K+,36,2.4,True,False,50% OFF,,FLAT DEAL,721,https://www.swiggy.com/city/delhi/pizza-hut-saket-rest11642
2026-09-19 21:12:19,Delhi,Saket,28.5245,77.2066,5921,Burger King,Saket,Saket,₹350 for two,Burgers|American,4.3,19K+,34,1.8,True,False,ITEMS,AT ₹39,,166,https://www.swiggy.com/city/delhi/burger-king-saket-rest5921
2026-09-19 21:12:19,Delhi,Saket,28.5245,77.2066,20918,Bakingo,Siri Fort,Shahpur Jat,₹300 for two,Bakery|Desserts|Beverages|Snacks,4.6,27K+,32,4.4,True,False,ITEMS,AT ₹69,,3818,https://www.swiggy.com/city/delhi/bakingo-siri-fort-shahpur-jat-rest20918
2026-09-19 21:12:19,Delhi,Saket,28.5245,77.2066,738332,The Belgian Waffle Co.,SAKET DISTRICT CENTRE,MY SQUARE,₹200 for two,Desserts|Waffle|Coffee,4.7,455,46,2.4,True,True,30% OFF,UPTO ₹60,,2233,https://www.swiggy.com/city/delhi/the-belgian-waffle-co-saket-district-centre-my-square-rest738332
2026-09-19 21:12:19,Delhi,Saket,28.5245,77.2066,352848,Dana Choga,Shahpur Jat,Shahpur Jat,₹500 for two,North Indian|Biryani|Mughlai|Kebabs|Desserts,4.5,12K+,31,3.5,True,False,60% OFF,UPTO ₹120,,5179,https://www.swiggy.com/city/delhi/dana-choga-shahpur-jat-rest352848
2026-09-19 21:12:19,Delhi,Saket,28.5245,77.2066,17770,Baskin Robbins - Ice Cream Desserts,Malviya Nagar,Malviya Nagar,₹300 for two,Desserts|Ice Cream,4.3,4.2K+,26,1.5,True,False,ITEMS,AT ₹15,,5588,https://www.swiggy.com/city/delhi/baskin-robbins-ice-cream-desserts-malviya-nagar-rest17770
2026-09-19 21:12:19,Delhi,Saket,28.5245,77.2066,768470,Wendy's Burgers,Guru Gobind Singh Marg,Malviya Nagar,₹400 for two,Burgers|Fast Food|wrap,4.2,3.9K+,33,2.2,True,False,ITEMS,AT ₹59,,972,https://www.swiggy.com/city/delhi/wendys-burgers-guru-gobind-singh-marg-malviya-nagar-rest768470
2026-09-19 21:12:19,Delhi,Saket,28.5245,77.2066,259719,NIC Ice Creams,Begumpur,Malviya Nagar,₹120 for two,Ice Cream|Desserts,4.6,5.9K+,25,2.1,True,True,70% OFF,UPTO ₹140,,6249,https://www.swiggy.com/city/delhi/nic-ice-creams-begumpur-malviya-nagar-rest259719
2026-09-19 21:12:19,Delhi,Saket,28.5245,77.2066,143707,Rollsking,Malviya Nagar,Malviya Nagar,₹250 for two,Rolls & Wraps|Fast Food|Snacks|Beverages|North Indian,4.2,16K+,35,1.5,True,False,60% OFF,UPTO ₹120,,4697,https://www.swiggy.com/city/delhi/rollsking-malviya-nagar-rest143707
2026-09-19 21:12:19,Delhi,Saket,28.5245,77.2066,61682,Bikkgane Biryani,Shahpur Jat,Shahpur Jat,₹400 for two,Biryani| Hyderabadi| Andhra| Lucknowi| Kolkata| Desserts|Beverages,4.3,55K+,30,3.5,True,False,65% OFF,UPTO ₹125,,5070,https://www.swiggy.com/city/delhi/bikkgane-biryani-shahpur-jat-rest61682
2026-09-19 21:12:19,Delhi,Saket,28.5245,77.2066,390072,NH1 Bowls - Highway To North,Begumpur,Malviya Nagar,₹250 for two,North Indian|Punjabi|Home Food,4.5,1.3K+,25,2.4,True,False,ITEMS,AT ₹119,,22452,https://www.swiggy.com/city/delhi/nh1-bowls-highway-to-north-begumpur-malviya-nagar-rest390072
2026-09-19 21:12:19,Delhi,Saket,28.5245,77.2066,61227,Biryani Blues,Khirki Village,Saket,₹400 for two,Biryani|Hyderabadi|Lucknowi|Kebabs|Desserts|Beverages,4.1,11K+,30,1.9,True,False,70% OFF,UPTO ₹140,,13813,https://www.swiggy.com/city/delhi/biryani-blues-khirki-village-saket-rest61227
2026-09-19 21:12:19,Delhi,Saket,28.5245,77.2066,35834,Sweet Truth - Cake and Desserts,Old Market Malviya Nagar,Malviya Nagar,₹450 for two,Desserts|Ice Cream|Bakery|Beverages,4.1,2.6K+,33,2.2,True,False,ITEMS,AT ₹79,,4444,https://www.swiggy.com/city/delhi/sweet-truth-cake-and-desserts-old-market-malviya-nagar-rest35834
2026-09-19 21:12:19,Delhi,Saket,28.5245,77.2066,681453,LeanCrust Pizza- ThinCrust Experts,Begumpur,Malviya Nagar,₹300 for two,Pizzas|Italian|Desserts,4.5,786,25,2.4,True,False,ITEMS,AT ₹149,,11216,https://www.swiggy.com/city/delhi/leancrust-pizza-thincrust-experts-begumpur-malviya-nagar-rest681453
2026-09-19 21:12:19,Delhi,Saket,28.5245,77.2066,622044,MOJO Pizza - 2X Toppings,Malviya Nagar,Begumpur,₹250 for two,Pizzas|Italian|Fast Food|Desserts,4.4,970,25,2.4,True,False,ITEMS,AT ₹99,,11329,https://www.swiggy.com/city/delhi/mojo-pizza-2x-toppings-malviya-nagar-begumpur-rest622044
2026-09-19 21:12:19,Delhi,Saket,28.5245,77.2066,1415867,Dadi's Momos,SHALIMAR BHAG,Dakshinpuri ,₹450 for two,Chinese|Fast Food|Asian|Tibetan|Momos,,,49,4.9,True,False,10% OFF,UPTO ₹40,,806951,https://www.swiggy.com/city/delhi/dadis-momos-shalimar-bhag-dakshinpuri-rest1415867
2026-09-19 21:12:19,Delhi,Saket,28.5245,77.2066,456511,California Burrito,Saidulajab,Saket,₹250 for two,Mexican|American|Salads|Continental|Keto|Healthy Food|Beverages|Snacks|Desserts|Fast Food,4.6,11K+,22,0.7,True,False,ITEMS,AT ₹65,,1252,https://www.swiggy.com/city/delhi/california-burrito-saidulajab-saket-rest456511
2026-09-19 21:12:19,Delhi,Saket,28.5245,77.2066,1221492,Bakingo,Paryavaran complex,Saidulajab,₹299 for two,Bakery|Desserts|Beverages|Snacks,4.6,1.5K+,33,1.9,True,False,ITEMS,AT ₹69,,3818,https://www.swiggy.com/city/delhi/bakingo-paryavaran-complex-saidulajab-rest1221492
2026-09-19 21:12:19,Delhi,Rohini,28.7495,77.0565,446812,Biryani By Kilo,VARDHMAN PREMIUM MALL,Rohini,₹700 for two,Biryani|Hyderabadi|North Indian|Kebabs|Mughlai|Desserts,4.1,5.0K+,53,10.2,True,False,₹125 OFF,ABOVE ₹399,FLAT DEAL,130,https://www.swiggy.com/city/delhi/biryani-by-kilo-vardhman-premium-mall-rohini-rest446812
2026-09-19 21:12:19,Delhi,Rohini,28.7495,77.0565,341033,Bakingo,Rithala,Rohini,₹300 for two,Bakery|Desserts|Beverages|Snacks,4.6,9.5K+,36,7.8,True,False,ITEMS,AT ₹69,,3818,https://www.swiggy.com/city/delhi/bakingo-rithala-rohini-rest341033
2026-09-19 21:12:19,Delhi,Rohini,28.7495,77.0565,614570,Subway,Sector 10,Rohini,₹350 for two,sandwich|Salads|wrap|Healthy Food,4.1,3.2K+,39,6.8,True,False,ITEMS,AT ₹69,,2,https://www.swiggy.com/city/delhi/subway-sector-10-rohini-rest614570
2026-09-19 21:12:19,Delhi,Rohini,28.7495,77.0565,367669,Baskin Robbins - Ice Cream Desserts,Sector 17,Rohini,₹200 for two,Desserts|Ice Cream|Healthy Food,3.4,239,33,7,True,True,20% OFF,UPTO ₹50,,5588,https://www.swiggy.com/city/delhi/baskin-robbins-ice-cream-desserts-sector-17-rohini-rest367669
2026-09-19 21:12:19,Delhi,Rohini,28.7495,77.0565,101657,NIC Ice Creams,Block D PKT8,Rohini,₹120 for two,Ice Cream|Desserts,4.6,13K+,33,7.8,True,True,ITEMS,AT ₹42,,6249,https://www.swiggy.com/city/delhi/nic-ice-creams-block-d-pkt8-rohini-rest101657
2026-09-19 21:12:19,Delhi,Rohini,28.7495,77.0565,335363,Natural Ice Cream,Sector17,Rohini,₹150 for two,Ice Cream|Desserts,4.4,641,33,7,True,True,20% OFF,UPTO ₹50,,2093,https://www.swiggy.com/city/delhi/natural-ice-cream-sector17-rohini-rest335363
2026-09-19 21:12:19,Delhi,Rohini,28.7495,77.0565,81282,Sweet Truth - Cake and Desserts,Sector 17,Rohini,₹450 for two,Desserts|Ice Cream|Bakery|Beverages,4.2,1.4K+,35,7,True,False,70% OFF,UPTO ₹140,,4444,https://www.swiggy.com/city/delhi/sweet-truth-cake-and-desserts-sector-17-rohini-rest81282
2026-09-19 21:12:19,Delhi,Rohini,28.7495,77.0565,336272,Punjabi Angithi (Vegorama Group),Sector 16,Rohini,₹400 for two,North Indian|Chinese|Tandoor|rolls,4.3,41K+,51,8.3,True,True,ITEMS,AT ₹49,,465050,https://www.swiggy.com/city/delhi/punjabi-angithi-vegorama-group-sector-16-rohini-rest336272
2026-09-19 21:12:19,Delhi,Rohini,28.7495,77.0565,355344,Grameen Kulfi,Block D PKT8,Rohini,₹120 for two,Ice Cream|Desserts,4.5,965,35,7.8,True,True,ITEMS,AT ₹59,,12175,https://www.swiggy.com/city/delhi/grameen-kulfi-block-d-pkt8-rohini-rest355344
2026-09-19 21:12:19,Delhi,Rohini,28.7495,77.0565,444780,Theobroma,Rohini,Rohini,₹400 for two,Bakery|Desserts,4.5,5.6K+,39,9.1,True,False,ITEMS,AT ₹36,,1040,https://www.swiggy.com/city/delhi/theobroma-rohini-rest444780
2026-09-19 21:12:19,Delhi,Rohini,28.7495,77.0565,850492,The Belgian Waffle Co.,Rohini,Unity Mall,₹200 for two,Desserts|Waffle|Coffee,4.4,1.6K+,41,7.4,True,True,ITEMS,AT ₹72,,2233,https://www.swiggy.com/city/delhi/the-belgian-waffle-co-rohini-unity-mall-rest850492
2026-09-19 21:12:19,Delhi,Rohini,28.7495,77.0565,27025,KFC,Rohini,Rohini,₹400 for two,Burgers|Fast Food|Rolls & Wraps,4.4,16K+,42,7.4,True,False,50% OFF,,FLAT DEAL,547,https://www.swiggy.com/city/delhi/kfc-rohini-rest27025
2026-09-19 21:12:19,Delhi,Rohini,28.7495,77.0565,55473,Pizza Hut,Rohini,Rohini,₹350 for two,Pizzas,4.1,9.0K+,44,6.8,True,False,70% OFF,UPTO ₹140,,721,https://www.swiggy.com/city/delhi/pizza-hut-rohini-rest55473
2026-09-19 21:12:19,Delhi,Rohini,28.7495,77.0565,254192,McDonald's,Sector 10,Rohini,₹400 for two,American|Fast Food|Beverages,4.4,30K+,41,6.8,True,False,ITEMS,AT ₹52,,630,https://www.swiggy.com/city/delhi/mcdonalds-sector-10-rohini-rest254192
2026-09-19 21:12:19,Delhi,Rohini,28.7495,77.0565,32925,Burger King,Rohini,Rohini,₹350 for two,Burgers|American,4.3,21K+,41,7,True,False,ITEMS,AT ₹39,,166,https://www.swiggy.com/city/delhi/burger-king-rohini-rest32925
2026-09-19 21:12:19,Delhi,Rohini,28.7495,77.0565,225317,La Pino'z Pizza,Rohini,New Friends Colony,₹300 for two,Pizzas|Pastas|Italian|Fast Food,4.2,20K+,44,8.3,True,False,70% OFF,UPTO ₹140,,4961,https://www.swiggy.com/city/delhi/la-pinoz-pizza-rohini-new-friends-colony-rest225317
2026-09-19 21:12:19,Delhi,Rohini,28.7495,77.0565,675448,Wendy's Burgers,Rohini,SECTOR17,₹200 for two,Burgers|Fast Food|wrap,4.1,3.2K+,38,7,True,False,70% OFF,UPTO ₹140,,972,https://www.swiggy.com/city/delhi/wendys-burgers-rohini-sector17-rest675448
2026-09-19 21:12:19,Delhi,Rohini,28.7495,77.0565,606512,Chinese Wok,Sector 11,Rohini,₹250 for two,Chinese|Asian|Tibetan|Desserts,4.1,2.6K+,42,7.2,True,False,ITEMS,AT ₹109,,61955,https://www.swiggy.com/city/delhi/chinese-wok-sector-11-rohini-rest606512
2026-09-19 21:12:19,Delhi,Rohini,28.7495,77.0565,606510,Big Bowl,Sector 11,Rohini,₹250 for two,Chinese|Tibetan|Desserts,4.1,903,43,7.2,True,False,ITEMS,AT ₹109,,434792,https://www.swiggy.com/city/delhi/big-bowl-sector-11-rohini-rest606510
2026-09-19 21:12:19,Delhi,Rohini,28.7495,77.0565,432557,Bikkgane Biryani,DDA Market Sec-6,Rohini,₹350 for two,Biryani| Hyderabadi| Andhra| Lucknowi| Kolkata| Desserts|Beverages,4.3,6.3K+,44,7.7,True,False,65% OFF,UPTO ₹125,,5070,https://www.swiggy.com/city/delhi/bikkgane-biryani-dda-market-sec-6-rohini-rest432557
2026-09-19 21:12:19,Delhi,Rohini,28.7495,77.0565,10324,Jaiveer Naan & Chaap,Rohini,Rohini,₹500 for two,Snacks|Punjabi,4.3,33K+,46,9.1,True,True,ITEMS,AT ₹79,,109221,https://www.swiggy.com/city/delhi/jaiveer-naan-and-chaap-rohini-rest10324
2026-09-19 21:12:19,Delhi,Rohini,28.7495,77.0565,1197717,Creme Castle - Cakes And Desserts,Rohini,NARELA,₹400 for two,Bakery|Desserts|Cakes,4.6,898,34,7.6,True,False,ITEMS,AT ₹79,,567576,https://www.swiggy.com/city/delhi/creme-castle-cakes-and-desserts-rohini-narela-rest1197717
2026-09-19 21:12:19,Delhi,Rohini,28.7495,77.0565,950785,Theobroma,Rohini,Rohini,₹400 for two,Bakery|Desserts,4.3,1.5K+,33,7.2,True,False,ITEMS,AT ₹36,,1040,https://www.swiggy.com/city/delhi/theobroma-rohini-rest950785
2026-09-19 21:12:19,Delhi,Rohini,28.7495,77.0565,1111775,La Pino'z Pizza,Sector-24,Rohini,₹300 for two,Italian|Pizzas,3.9,1.2K+,32,4.2,True,False,70% OFF,UPTO ₹140,,4961,https://www.swiggy.com/city/delhi/la-pinoz-pizza-sector-24-rohini-rest1111775
2026-09-19 21:12:19,Delhi,Rohini,28.7495,77.0565,1085139,Snowberry Artisanal Desserts,Rohini,Rohini,₹300 for two,Waffle|Cakes|Desserts|Beverages,4.3,290,46,8.1,True,False,₹300 OFF,ABOVE ₹1149,FLAT DEAL,585765,https://www.swiggy.com/city/delhi/snowberry-artisanal-desserts-rohini-rest1085139
2026-09-19 21:12:19,Delhi,Dwarka,28.5921,77.046,35278,Biryani By Kilo,Dwarka,Dwarka,₹700 for two,Biryani|Hyderabadi|North Indian|Kebabs|Mughlai|Desserts,4.1,15K+,29,1.9,True,False,ITEMS,AT ₹149,,130,https://www.swiggy.com/city/delhi/biryani-by-kilo-dwarka-rest35278
2026-09-19 21:12:19,Delhi,Dwarka,28.5921,77.046,11579,Subway,Dwarka,Dwarka,₹350 for two,sandwich|Salads|wrap|Healthy Food,4.3,18K+,26,0.4,True,False,ITEMS,AT ₹69,,2,https://www.swiggy.com/city/delhi/subway-dwarka-rest11579
2026-09-19 21:12:19,Delhi,Dwarka,28.5921,77.046,423525,Dana Choga,Shahpur Jat,Dwarka,₹500 for two,North Indian|Biryani|Mughlai|Kebabs|Desserts,4.5,9.2K+,34,1,True,False,60% OFF,UPTO ₹120,,5179,https://www.swiggy.com/city/delhi/dana-choga-shahpur-jat-dwarka-rest423525
2026-09-19 21:12:19,Delhi,Dwarka,28.5921,77.046,26712,KFC,Sector 12,Dwarka,₹400 for two,Burgers|Fast Food|Rolls & Wraps,4.3,17K+,17,0.7,True,False,50% OFF,,FLAT DEAL,547,https://www.swiggy.com/city/delhi/kfc-sector-12-dwarka-rest26712
2026-09-19 21:12:19,Delhi,Dwarka,28.5921,77.046,254009,McDonald's,Sector 5,Dwarka,₹400 for two,American|Fast Food|Beverages,4.3,41K+,27,1.2,True,False,ITEMS,AT ₹52,,630,https://www.swiggy.com/city/delhi/mcdonalds-sector-5-dwarka-rest254009
2026-09-19 21:12:19,Delhi,Dwarka,28.5921,77.046,24198,Domino's Pizza,Sec-12,Dwarka,₹400 for two,Pizzas|Italian|Pastas|Desserts,4.6,15K+,25,0.9,True,False,50% OFF,,FLAT DEAL,2456,https://www.swiggy.com/city/delhi/dominos-pizza-sec-12-dwarka-rest24198
2026-09-19 21:12:19,Delhi,Dwarka,28.5921,77.046,303229,Theobroma,Dwarka Sector 7,Dwarka,₹400 for two,Bakery|Desserts,4.6,8.8K+,29,3.7,True,False,ITEMS,AT ₹36,,1040,https://www.swiggy.com/city/delhi/theobroma-sector-7-dwarka-rest303229
2026-09-19 21:12:19,Delhi,Dwarka,28.5921,77.046,370680,The Belgian Waffle Co.,Sector 4,Dwarka,₹200 for two,Desserts|Waffle|Coffee,4.6,5.2K+,27,1.5,True,True,ITEMS,AT ₹72,,2233,https://www.swiggy.com/city/delhi/the-belgian-waffle-co-sector-4-dwarka-rest370680
2026-09-19 21:12:19,Delhi,Dwarka,28.5921,77.046,26576,Burger King,Sector 12,Dwarka,₹350 for two,Burgers|American,4.3,47K+,28,1.6,True,False,ITEMS,AT ₹39,,166,https://www.swiggy.com/city/delhi/burger-king-sector-12-dwarka-rest26576
2026-09-19 21:12:19,Delhi,Dwarka,28.5921,77.046,384290,Pizza Hut,Dwarka,Dwarka,₹350 for two,Pizzas,4.3,3.9K+,33,1.6,True,False,50% OFF,,FLAT DEAL,721,https://www.swiggy.com/city/delhi/pizza-hut-dwarka-rest384290
2026-09-19 21:12:19,Delhi,Dwarka,28.5921,77.046,358174,Baskin Robbins - Ice Cream Desserts,Sector 12,Dwarka,₹250 for two,Desserts|Ice Cream,4.5,873,21,0.1,True,True,ITEMS,AT ₹15,,5588,https://www.swiggy.com/city/delhi/baskin-robbins-ice-cream-desserts-sector-12-dwarka-rest358174
2026-09-19 21:12:19,Delhi,Dwarka,28.5921,77.046,186243,The Biryani Life,Sector 12,Dwarka,₹250 for two,Biryani|Mughlai|Lucknowi|Hyderabadi|Kebabs|Desserts|Beverages,4.2,1.1K+,24,0.5,True,False,70% OFF,UPTO ₹140,,8496,https://www.swiggy.com/city/delhi/the-biryani-life-sector-12-dwarka-rest186243
2026-09-19 21:12:19,Delhi,Dwarka,28.5921,77.046,251030,The Good Bowl,Sector 12,Dwarka,₹400 for two,Biryani|Pastas|Punjabi|Desserts|Beverages,4.3,1.3K+,23,0.5,True,False,ITEMS,AT ₹99,,7918,https://www.swiggy.com/city/delhi/the-good-bowl-sector-12-dwarka-rest251030
2026-09-19 21:12:19,Delhi,Dwarka,28.5921,77.046,575281,Wendy's Burgers,Sector 12,Dwarka,₹200 for two,Burgers|Fast Food|wrap,4.2,3.3K+,24,0.5,True,False,ITEMS,AT ₹59,,972,https://www.swiggy.com/city/delhi/wendys-burgers-sector-12-dwarka-rest575281
2026-09-19 21:12:19,Delhi,Dwarka,28.5921,77.046,152560,Sweet Truth - Cake and Desserts,Sector 12,Dwarka,₹450 for two,Desserts|Ice Cream|Bakery|Beverages,4.1,1.5K+,23,0.5,True,False,ITEMS,AT ₹69,,4444,https://www.swiggy.com/city/delhi/sweet-truth-cake-and-desserts-sector-12-dwarka-rest152560
2026-09-19 21:12:19,Delhi,Dwarka,28.5921,77.046,403660,Cheesecake & Co.,Dwarka,Dwarka,₹400 for two,Bakery|Desserts,4.6,7.1K+,17,0.3,True,True,₹100 OFF,ABOVE ₹199,FLAT DEAL,387417,https://www.swiggy.com/city/delhi/cheesecake-and-co-dwarka-rest403660
2026-09-19 21:12:19,Delhi,Dwarka,28.5921,77.046,397436,ZAZA Mughal Biryani,Sector 12,Dwarka,₹250 for two,Biryani|North Indian|Awadhi,4.4,1.1K+,25,0.9,True,False,70% OFF,UPTO ₹140,,22473,https://www.swiggy.com/city/delhi/zaza-mughal-biryani-sector-12-dwarka-rest397436
2026-09-19 21:12:19,Delhi,Dwarka,28.5921,77.046,9483,Biryani Blues,Dwarka,Dwarka,₹400 for two,Biryani|Hyderabadi|Lucknowi|Kebabs|Desserts|Beverages,4.2,32K+,25,1.1,True,False,70% OFF,UPTO ₹140,,13813,https://www.swiggy.com/city/delhi/biryani-blues-dwarka-rest9483
2026-09-19 21:12:19,Delhi,Dwarka,28.5921,77.046,141918,Haldiram's,Dwarka,Sector 12,₹450 for two,Sweets|South Indian|North Indian|Desserts|Snacks|Biryani,4.2,12K+,34,1.1,True,True,ITEMS,AT ₹49,,377669,https://www.swiggy.com/city/delhi/haldirams-dwarka-sector-12-rest141918
2026-09-19 21:12:19,Delhi,Dwarka,28.5921,77.046,26002,Chaayos Chai+Snacks=Relax,Sector 12,Dwarka,₹250 for two,Beverages|Chaat|Bakery|Snacks|Street Food|healthy|Home Food|Maharashtrian|Italian|Desserts,4.5,12K+,20,0.6,True,False,51% OFF,,FLAT DEAL,281782,https://www.swiggy.com/city/delhi/chaayos-chai-snacks-relax-sector-12-dwarka-rest26002
2026-09-19 21:12:19,Delhi,Dwarka,28.5921,77.046,935698,"House of Biryan- Biryani, Kepsa and More (HOB)",Dwarka,Sector-7,₹300 for two,Biryani|Kebabs|Rolls|North Indian|Mughlai|Indian|Hyderabadi|Tandoor|Desserts|Beverages,4.1,1.1K+,38,3.8,True,False,50% OFF,,FLAT DEAL,788613,https://www.swiggy.com/city/delhi/house-of-biryan-biryani-kepsa-and-more-hob-dwarka-sector-7-rest935698
2026-09-19 21:12:19,Delhi,Dwarka,28.5921,77.046,1407866,California Burrito,Kakrola,Kakrola,₹250 for two,Mexican|American|Salads|Continental|Keto|Healthy Food|Beverages|Snacks|Desserts|Fast Food,4.3,79,31,1.3,True,False,40% OFF,UPTO ₹80,,1252,https://www.swiggy.com/city/delhi/california-burrito-kakrola-rest1407866
2026-09-19 21:12:19,Delhi,Dwarka,28.5921,77.046,1224070,McDonald's,SHOP NO. G-02,"GROUND FLOOR, PLOT NO. 4",₹400 for two,American|Fast Food|Beverages,4.3,541,23,0.7,True,False,ITEMS,AT ₹49,,630,https://www.swiggy.com/city/delhi/mcdonalds-shop-no-g-02-ground-floor-plot-no-4-rest1224070
2026-09-19 21:12:19,Delhi,Lajpat Nagar,28.5677,77.2433,465399,Bakingo,Bharat Nagar,New Friends Colony,₹300 for two,Bakery|Desserts|Beverages|Snacks,4.6,8.4K+,29,4,True,False,ITEMS,AT ₹69,,3818,https://www.swiggy.com/city/delhi/bakingo-bharat-nagar-new-friends-colony-rest465399
2026-09-19 21:12:19,Delhi,Lajpat Nagar,28.5677,77.2433,253724,McDonald's,3C's Mall,Lajpat Nagar,₹400 for two,American|Fast Food|Beverages,4.5,10K+,21,0.3,True,False,ITEMS,AT ₹52,,630,https://www.swiggy.com/city/delhi/mcdonalds-3cs-mall-lajpat-nagar-rest253724
2026-09-19 21:12:19,Delhi,Lajpat Nagar,28.5677,77.2433,807782,Burger King,Delhi,Lajpat Nagar2,₹350 for two,Burgers|American,4.3,9.9K+,18,0.1,True,False,ITEMS,AT ₹39,,166,https://www.swiggy.com/city/delhi/burger-king-lajpat-nagar2-rest807782
2026-09-19 21:12:19,Delhi,Lajpat Nagar,28.5677,77.2433,53770,Pizza Hut,Lajpat Nagar - 2,Lajpat Nagar - 2,₹350 for two,Pizzas,4.3,9.7K+,24,0.5,True,False,50% OFF,,FLAT DEAL,721,https://www.swiggy.com/city/delhi/pizza-hut-lajpat-nagar-2-rest53770
2026-09-19 21:12:19,Delhi,Lajpat Nagar,28.5677,77.2433,24177,Domino's Pizza,E Block,Lajpat Nagar 2,₹400 for two,Pizzas|Italian|Pastas|Desserts,4.6,10K+,25,1,True,False,50% OFF,,FLAT DEAL,2456,https://www.swiggy.com/city/delhi/dominos-pizza-e-block-lajpat-nagar-2-rest24177
2026-09-19 21:12:19,Delhi,Lajpat Nagar,28.5677,77.2433,395977,La Pino'z Pizza,C Block,Lajpat Nagar - 2,₹300 for two,Pizzas|Pastas|Italian|Desserts|Beverages,4,11K+,27,0.7,True,False,ITEMS,AT ₹59,,4961,https://www.swiggy.com/city/delhi/la-pinoz-pizza-c-block-lajpat-nagar-2-rest395977
2026-09-19 21:12:19,Delhi,Lajpat Nagar,28.5677,77.2433,19839,Subway,C Block,Lajpat Nagar 2,₹350 for two,sandwich|Salads|wrap|Healthy Food,4.1,10K+,15,0.8,True,False,40% OFF,UPTO ₹80,,2,https://www.swiggy.com/city/delhi/subway-c-block-lajpat-nagar-2-rest19839
2026-09-19 21:12:19,Delhi,Lajpat Nagar,28.5677,77.2433,263199,The Belgian Waffle Co.,Hudson Lane,Lala Lajpat Rai Marg,₹200 for two,Desserts|Waffle|Coffee,4.5,5.1K+,27,1.9,True,True,30% OFF,UPTO ₹60,,2233,https://www.swiggy.com/city/delhi/the-belgian-waffle-co-hudson-lane-lala-lajpat-rai-marg-rest263199
2026-09-19 21:12:19,Delhi,Lajpat Nagar,28.5677,77.2433,43175,Theobroma,Defence Colony,Defence Colony,₹400 for two,Bakery|Desserts,4.5,21K+,23,3,True,False,ITEMS,AT ₹36,,1040,https://www.swiggy.com/city/delhi/theobroma-defence-colony-rest43175
2026-09-19 21:12:19,Delhi,Lajpat Nagar,28.5677,77.2433,26721,KFC,Nehru Place,Nehru Place,₹400 for two,Burgers|Fast Food|Rolls & Wraps,4.3,11K+,32,3,True,False,50% OFF,,FLAT DEAL,547,https://www.swiggy.com/city/delhi/kfc-nehru-place-rest26721
2026-09-19 21:12:19,Delhi,Lajpat Nagar,28.5677,77.2433,398737,Taco Bell,Jal Vihar road,Lajpat Nagar - 2,₹300 for two,Mexican|Fast Food|Snacks,4.3,10K+,18,0.5,True,False,65% OFF,UPTO ₹125,,1557,https://www.swiggy.com/city/delhi/taco-bell-jal-vihar-road-lajpat-nagar-2-rest398737
2026-09-19 21:12:19,Delhi,Lajpat Nagar,28.5677,77.2433,37696,Biryani Blues,K Block,Lajpat Nagar,₹400 for two,Biryani|Hyderabadi|Lucknowi|Kebabs|Desserts|Beverages,4.2,19K+,20,0.5,True,False,70% OFF,UPTO ₹140,,13813,https://www.swiggy.com/city/delhi/biryani-blues-k-block-lajpat-nagar-rest37696
2026-09-19 21:12:19,Delhi,Lajpat Nagar,28.5677,77.2433,186201,The Biryani Life,D Block,Lajpat Nagar 2,₹250 for two,Biryani|Mughlai|Lucknowi|Hyderabadi|Kebabs|Desserts|Beverages,4.2,981,22,0.5,True,False,70% OFF,UPTO ₹140,,8496,https://www.swiggy.com/city/delhi/the-biryani-life-d-block-lajpat-nagar-2-rest186201
2026-09-19 21:12:19,Delhi,Lajpat Nagar,28.5677,77.2433,157778,The Good Bowl,LAJPAT NAGAR,Lajpat Nagar,₹400 for two,Punjabi|Biryani|Chinese|Beverages|Desserts|Jain|Indian|Hyderabadi|Mughlai,4.3,1.1K+,20,0.5,True,False,ITEMS,AT ₹129,,7918,https://www.swiggy.com/city/delhi/the-good-bowl-lajpat-nagar-rest157778
2026-09-19 21:12:19,Delhi,Lajpat Nagar,28.5677,77.2433,681645,LeanCrust Pizza- ThinCrust Experts,K Block,Lajpat Nagar 2,₹300 for two,Pizzas|Italian|Desserts,4.6,694,25,0.7,True,False,ITEMS,AT ₹149,,11216,https://www.swiggy.com/city/delhi/leancrust-pizza-thincrust-experts-k-block-lajpat-nagar-2-rest681645
2026-09-19 21:12:19,Delhi,Lajpat Nagar,28.5677,77.2433,198428,Haldiram's,Ring Road,Lajpat Nagar - 3,₹450 for two,Cakes|Beverages|Desserts,4.3,17K+,33,0.7,True,True,ITEMS,AT ₹49,,377669,https://www.swiggy.com/city/delhi/haldirams-ring-road-lajpat-nagar-3-rest198428
2026-09-19 21:12:19,Delhi,Lajpat Nagar,28.5677,77.2433,55257,Baskin Robbins - Ice Cream Desserts,Lajpat Nagar - 2,Lajpat Nagar - 2,₹200 for two,Ice Cream,4.8,3.3K+,18,0.7,True,True,ITEMS,AT ₹15,,5588,https://www.swiggy.com/city/delhi/baskin-robbins-ice-cream-desserts-lajpat-nagar-2-rest55257
2026-09-19 21:12:19,Delhi,Lajpat Nagar,28.5677,77.2433,643863,"WeFit - Protein Bowls, Salads & Sandwiches",Lajpat Nagar-II,Lajpat Nagar,₹250 for two,Healthy Food|Salads|Keto|Snacks,4.7,934,25,0.7,True,False,ITEMS,AT ₹119,,355285,https://www.swiggy.com/city/delhi/wefit-protein-bowls-salads-and-sandwiches-ii-lajpat-nagar-rest643863
2026-09-19 21:12:19,Delhi,Lajpat Nagar,28.5677,77.2433,594778,ZAZA Mughal Biryani,K Block,Lajpat Nagar,₹250 for two,Biryani|North Indian|Awadhi,4.7,1.3K+,25,0.7,True,False,70% OFF,UPTO ₹140,,22473,https://www.swiggy.com/city/delhi/zaza-mughal-biryani-k-block-lajpat-nagar-rest594778
2026-09-19 21:12:19,Delhi,Lajpat Nagar,28.5677,77.2433,594777,NH1 Bowls - Highway To North,K Block,Lajpat Nagar,₹250 for two,North Indian|Punjabi|Home Food,4.7,1.6K+,25,0.7,True,False,ITEMS,AT ₹119,,22452,https://www.swiggy.com/city/delhi/nh1-bowls-highway-to-north-k-block-lajpat-nagar-rest594777
2026-09-19 21:12:19,Delhi,Lajpat Nagar,28.5677,77.2433,148715,Bikkgane Biryani,Ajith Arcade,Greater Kailash New,₹400 for two,Biryani| Hyderabadi| Andhra| Lucknowi| Kolkata| Desserts|Beverages,4.3,19K+,33,2.5,True,False,65% OFF,UPTO ₹125,,5070,https://www.swiggy.com/city/delhi/bikkgane-biryani-ajith-arcade-greater-kailash-new-rest148715
2026-09-19 21:12:19,Delhi,Lajpat Nagar,28.5677,77.2433,909996,"House of Biryan- Biryani, Kepsa and More (HOB)",ZAMRUDPUR,Greater Kailash New,₹300 for two,Biryani|Kebabs|Rolls|North Indian|Mughlai|Indian|Hyderabadi|Tandoor|Desserts|Beverages,4.2,1.4K+,33,3,True,False,50% OFF,,FLAT DEAL,788613,https://www.swiggy.com/city/delhi/house-of-biryan-biryani-kepsa-and-more-hob-zamrudpur-greater-kailash-new-rest909996
2026-09-19 21:12:19,Delhi,Lajpat Nagar,28.5677,77.2433,881316,Galaxy Pizza,Lajpat Nagar I,Greater Kailash - 2,₹1200 for two,Pizzas|Italian-American|Pastas,4.6,1.3K+,35,2,True,False,,,,85747,https://www.swiggy.com/city/delhi/galaxy-pizza-lajpat-nagar-i-greater-kailash-2-rest881316
2026-09-19 21:12:19,Delhi,Lajpat Nagar,28.5677,77.2433,35273,Biryani By Kilo,Siri Fort,Shahpur Jat,₹700 for two,Biryani|Hyderabadi|North Indian|Kebabs|Mughlai|Desserts,4.3,15K+,41,5,True,False,ITEMS,AT ₹149,,130,https://www.swiggy.com/city/delhi/biryani-by-kilo-siri-fort-shahpur-jat-rest35273
2026-09-19 21:12:19,Delhi,Lajpat Nagar,28.5677,77.2433,1423869,Bakingo,NewDelhi,LajpatNagar-II,₹299 for two,Bakery|Desserts|Beverages|Snacks,4.5,8,15,0.5,True,False,ITEMS,AT ₹649,,3818,https://www.swiggy.com/city/delhi/bakingo-new-lajpatnagar-ii-rest1423869
2026-09-19 21:12:19,Delhi,Lajpat Nagar,28.5677,77.2433,769069,California Burrito,East of Kailash,East of Kailash,₹250 for two,Mexican|American|Salads|Continental|Keto|Healthy Food|Beverages|Snacks|Desserts|Fast Food,4.6,8.8K+,30,2.4,True,False,,,,1252,https://www.swiggy.com/city/delhi/california-burrito-east-of-kailash-rest769069
2026-09-19 21:12:19,Delhi,Janakpuri,28.6219,77.0878,416830,Louis Burger,Tatar Pur,Rajouri Garden,₹600 for two,Burgers|American|Fast Food,4,6.5K+,49,4.9,True,False,70% OFF,UPTO ₹130,,22485,https://www.swiggy.com/city/delhi/louis-burger-tatar-pur-rajouri-garden-rest416830
2026-09-19 21:12:19,Delhi,Janakpuri,28.6219,77.0878,767777,Bakingo,RAJOURI GARDEN,JANAKPURI,₹300 for two,Bakery|Desserts|Beverages|Snacks,4.5,5.5K+,18,1.1,True,False,70% OFF,UPTO ₹140,,3818,https://www.swiggy.com/city/delhi/bakingo-rajouri-garden-janakpuri-rest767777
2026-09-19 21:12:19,Delhi,Janakpuri,28.6219,77.0878,585696,La Pino'z Pizza,Dwarka,Janakpuri,₹300 for two,Pizzas|Pastas|Italian|Desserts|Beverages,4.2,7.8K+,25,0.2,True,False,ITEMS,AT ₹59,,4961,https://www.swiggy.com/city/delhi/la-pinoz-pizza-dwarka-janakpuri-rest585696
2026-09-19 21:12:19,Delhi,Janakpuri,28.6219,77.0878,11044,Subway,Possangipur,Janakpuri,₹350 for two,sandwich|Salads|wrap|Healthy Food,4.1,17K+,17,0.3,True,False,ITEMS,AT ₹69,,2,https://www.swiggy.com/city/delhi/subway-possangipur-janakpuri-rest11044
2026-09-19 21:12:19,Delhi,Janakpuri,28.6219,77.0878,337439,Theobroma,Janakpuri,Janakpuri,₹400 for two,Bakery|Desserts,4.5,8.7K+,15,0.3,True,False,ITEMS,AT ₹36,,1040,https://www.swiggy.com/city/delhi/theobroma-janakpuri-rest337439
2026-09-19 21:12:19,Delhi,Janakpuri,28.6219,77.0878,26720,KFC,Lal Sai Mandir Marg,Janakpuri,₹400 for two,Burgers|Fast Food|Rolls & Wraps,4.3,18K+,25,0.9,True,False,70% OFF,UPTO ₹140,,547,https://www.swiggy.com/city/delhi/kfc-lal-sai-mandir-marg-janakpuri-rest26720
2026-09-19 21:12:19,Delhi,Janakpuri,28.6219,77.0878,253721,McDonald's,Janak Palace,Janakpuri,₹400 for two,American|Fast Food|Beverages,4.3,26K+,26,1.3,True,False,ITEMS,AT ₹52,,630,https://www.swiggy.com/city/delhi/mcdonalds-janak-palace-janakpuri-rest253721
2026-09-19 21:12:19,Delhi,Janakpuri,28.6219,77.0878,722373,Pizza Hut,Janakpuri,Janakpuri,₹350 for two,Pizzas,4.4,3.3K+,28,1.2,True,False,70% OFF,UPTO ₹140,,721,https://www.swiggy.com/city/delhi/pizza-hut-janakpuri-rest722373
2026-09-19 21:12:19,Delhi,Janakpuri,28.6219,77.0878,8016,Burger King,Janakpuri,Janakpuri,₹350 for two,Burgers|American,4.3,63K+,26,1.8,True,False,ITEMS,AT ₹39,,166,https://www.swiggy.com/city/delhi/burger-king-janakpuri-rest8016
2026-09-19 21:12:19,Delhi,Janakpuri,28.6219,77.0878,841150,The Belgian Waffle Co.,WEST METRO STATION COMPLEX,Janakpuri,₹200 for two,Desserts|Waffle|Coffee,4.5,1.6K+,29,1.9,True,True,30% OFF,UPTO ₹60,,2233,https://www.swiggy.com/city/delhi/the-belgian-waffle-co-west-metro-station-complex-janakpuri-rest841150
2026-09-19 21:12:19,Delhi,Janakpuri,28.6219,77.0878,24187,Domino's Pizza,B Block,Janakpuri,₹400 for two,Pizzas|Italian|Pastas|Desserts,4.6,15K+,25,1.5,True,False,ITEMS,AT ₹59,,2456,https://www.swiggy.com/city/delhi/dominos-pizza-b-block-janakpuri-rest24187
2026-09-19 21:12:19,Delhi,Janakpuri,28.6219,77.0878,681528,LeanCrust Pizza- ThinCrust Experts,Mayapuri,Janakpuri,₹300 for two,Pizzas|Italian|Desserts,4.5,1.1K+,25,0.3,True,False,70% OFF,UPTO ₹140,,11216,https://www.swiggy.com/city/delhi/leancrust-pizza-thincrust-experts-mayapuri-janakpuri-rest681528
2026-09-19 21:12:19,Delhi,Janakpuri,28.6219,77.0878,390154,NH1 Bowls - Highway To North,A3 Block Rd,Janakpuri,₹250 for two,North Indian|Punjabi|Home Food,4.7,1.9K+,25,0.3,True,False,70% OFF,UPTO ₹140,,22452,https://www.swiggy.com/city/delhi/nh1-bowls-highway-to-north-a3-block-rd-janakpuri-rest390154
2026-09-19 21:12:19,Delhi,Janakpuri,28.6219,77.0878,622118,MOJO Pizza - 2X Toppings,Community Centre,Janakpuri,₹250 for two,Pizzas|Italian|Fast Food|Desserts,4.5,1.7K+,25,0.3,True,False,70% OFF,UPTO ₹140,,11329,https://www.swiggy.com/city/delhi/mojo-pizza-2x-toppings-community-centre-janakpuri-rest622118
2026-09-19 21:12:19,Delhi,Janakpuri,28.6219,77.0878,391099,ZAZA Mughal Biryani,A Block,Janakpuri,₹250 for two,Biryani|North Indian|Awadhi,4.5,1.5K+,25,0.3,True,False,70% OFF,UPTO ₹140,,22473,https://www.swiggy.com/city/delhi/zaza-mughal-biryani-a-block-janakpuri-rest391099
2026-09-19 21:12:19,Delhi,Janakpuri,28.6219,77.0878,643751,"WeFit - Protein Bowls, Salads & Sandwiches",West Delhi,Janakpuri,₹250 for two,Healthy Food|Salads|Keto|Snacks,4.7,1.0K+,25,0.3,True,False,ITEMS,AT ₹119,,355285,https://www.swiggy.com/city/delhi/wefit-protein-bowls-salads-and-sandwiches-west-janakpuri-rest643751
2026-09-19 21:12:19,Delhi,Janakpuri,28.6219,77.0878,12557,Wendy's Burgers,Lal Sain Mandir Marg,Janakpuri,₹400 for two,Burgers|Fast Food|wrap,4.2,10K+,33,1.2,True,False,70% OFF,UPTO ₹140,,972,https://www.swiggy.com/city/delhi/wendys-burgers-lal-sain-mandir-marg-janakpuri-rest12557
2026-09-19 21:12:19,Delhi,Janakpuri,28.6219,77.0878,156167,The Good Bowl,Lal Sain Mandir Marg,Janakpuri,₹400 for two,Biryani|North Indian|Pastas|Punjabi|Desserts|Beverages,4.3,2.7K+,31,1.2,True,False,70% OFF,UPTO ₹140,,7918,https://www.swiggy.com/city/delhi/the-good-bowl-lal-sain-mandir-marg-janakpuri-rest156167
2026-09-19 21:12:19,Delhi,Janakpuri,28.6219,77.0878,186207,The Biryani Life,C Block,Janakpuri,₹250 for two,Biryani|Mughlai|Lucknowi|Hyderabadi|Kebabs|Desserts|Beverages,4.1,1.9K+,30,1.2,True,False,70% OFF,UPTO ₹140,,8496,https://www.swiggy.com/city/delhi/the-biryani-life-c-block-janakpuri-rest186207
2026-09-19 21:12:19,Delhi,Janakpuri,28.6219,77.0878,424817,Biryani Blues,Uttam Nagar,Janakpuri,₹400 for two,Biryani|Hyderabadi|Lucknowi|Kebabs,4.2,9.8K+,31,1.2,True,False,70% OFF,UPTO ₹140,,13813,https://www.swiggy.com/city/delhi/biryani-blues-uttam-nagar-janakpuri-rest424817
2026-09-19 21:12:19,Delhi,Janakpuri,28.6219,77.0878,704585,Baba Shyam Ki Rasoi,Mahavir Enclave,Dwarka,₹299 for two,Snacks|Pizzas,,,46,3.9,True,True,,,,421578,https://www.swiggy.com/city/delhi/baba-shyam-ki-rasoi-mahavir-enclave-dwarka-rest704585
2026-09-19 21:12:19,Delhi,Janakpuri,28.6219,77.0878,1109025,Biryani By Kilo,Som Bazar Road  Uttam Nagar,Janakpuri,₹700 for two,Biryani|Hyderabadi|Kebabs|Mughlai|Desserts,4.2,990,35,2.2,True,False,70% OFF,UPTO ₹140,,130,https://www.swiggy.com/city/delhi/biryani-by-kilo-som-bazar-road-uttam-nagar-janakpuri-rest1109025
2026-09-19 21:12:19,Delhi,Janakpuri,28.6219,77.0878,979885,Nashville Fried Chicken - NFC,Tatar Pur,Rajouri Garden,₹350 for two,American|Burgers|Fast Food,3.8,1.0K+,57,4.9,True,False,70% OFF,UPTO ₹130,,464434,https://www.swiggy.com/city/delhi/nashville-fried-chicken-nfc-tatar-pur-rajouri-garden-rest979885
2026-09-19 21:12:19,Delhi,Janakpuri,28.6219,77.0878,846389,Creme Castle - Cakes And Desserts,DWARKA,Cblock Janakpuri,₹400 for two,Bakery|Desserts|Cakes,4.6,2.9K+,14,0.4,True,False,70% OFF,UPTO ₹140,,567576,https://www.swiggy.com/city/delhi/creme-castle-cakes-and-desserts-dwarka-cblock-janakpuri-rest846389
2026-09-19 21:12:19,Delhi,Karol Bagh,28.6519,77.1909,51510,Biryani By Kilo,Rajiv Chowk,Connaught Place,₹700 for two,Biryani|Hyderabadi|North Indian|Kebabs|Mughlai|Desserts,4.2,9.9K+,40,4.4,True,False,ITEMS,AT ₹149,,130,https://www.swiggy.com/city/delhi/biryani-by-kilo-rajiv-chowk-connaught-place-rest51510
2026-09-19 21:12:19,Delhi,Karol Bagh,28.6519,77.1909,659837,Bakingo,Naiwala,Karol Bagh,₹299 for two,Bakery|Desserts|Beverages|Snacks,4.6,15K+,16,1.5,True,False,ITEMS,AT ₹69,,3818,https://www.swiggy.com/city/delhi/bakingo-naiwala-karol-bagh-rest659837
2026-09-19 21:12:19,Delhi,Karol Bagh,28.6519,77.1909,253714,McDonald's,West Ajmal Khan,Karol Bagh,₹400 for two,American|Fast Food|Beverages,4.4,11K+,14,0.5,True,False,ITEMS,AT ₹49,,630,https://www.swiggy.com/city/delhi/mcdonalds-west-ajmal-khan-karol-bagh-rest253714
2026-09-19 21:12:19,Delhi,Karol Bagh,28.6519,77.1909,32127,Burger King,Karol Bagh,Karol Bagh,₹350 for two,Burgers|American,4.3,68K+,10,0.5,True,False,ITEMS,AT ₹39,,166,https://www.swiggy.com/city/delhi/burger-king-karol-bagh-rest32127
2026-09-19 21:12:19,Delhi,Karol Bagh,28.6519,77.1909,435678,Pizza Hut,Western Extension Area,Karol Bagh,₹350 for two,Pizzas,4.2,7.9K+,20,1,True,False,50% OFF,,FLAT DEAL,721,https://www.swiggy.com/city/delhi/pizza-hut-western-extension-area-karol-bagh-rest435678
2026-09-19 21:12:19,Delhi,Karol Bagh,28.6519,77.1909,655333,KFC,Main Pusa Road,Apsara Arcade,₹400 for two,Burgers|Fast Food|Rolls & Wraps,4.2,6.7K+,16,1.6,True,False,50% OFF,,FLAT DEAL,547,https://www.swiggy.com/city/delhi/kfc-main-pusa-road-apsara-arcade-rest655333
2026-09-19 21:12:19,Delhi,Karol Bagh,28.6519,77.1909,753312,The Belgian Waffle Co.,Connaught Place,Connaught Place,₹200 for two,Desserts|Waffle|Coffee,4.7,1.5K+,30,3.9,True,True,ITEMS,AT ₹72,,2233,https://www.swiggy.com/city/delhi/the-belgian-waffle-co-connaught-place-rest753312
2026-09-19 21:12:19,Delhi,Karol Bagh,28.6519,77.1909,626148,La Pino'z Pizza,Salt Lake,Karol Bagh,₹400 for two,Pizzas|Pastas|Italian|Desserts|Beverages,4,13K+,23,1.7,True,False,50% OFF,,FLAT DEAL,4961,https://www.swiggy.com/city/delhi/la-pinoz-pizza-salt-lake-karol-bagh-rest626148
2026-09-19 21:12:19,Delhi,Karol Bagh,28.6519,77.1909,20055,Subway,Pal Mohan Sadan,East Patel Nagar,₹350 for two,sandwich|Salads|wrap|Healthy Food,4.3,18K+,19,2.8,True,False,ITEMS,AT ₹69,,2,https://www.swiggy.com/city/delhi/subway-pal-mohan-sadan-east-patel-nagar-rest20055
2026-09-19 21:12:19,Delhi,Karol Bagh,28.6519,77.1909,51710,Theobroma,East Patel Nagar,East Patel Nagar,₹400 for two,Bakery|Desserts,4.4,8.8K+,19,3,True,False,ITEMS,AT ₹36,,1040,https://www.swiggy.com/city/delhi/theobroma-east-patel-nagar-rest51710
2026-09-19 21:12:19,Delhi,Karol Bagh,28.6519,77.1909,752411,Olio - The Wood Fired Pizzeria,Payara Lal Road,Karol Bagh,₹300 for two,Pizzas|Pastas|Italian|Fast Food|Snacks|Beverages|Desserts,4.2,4.7K+,22,0.4,True,False,70% OFF,UPTO ₹140,,11633,https://www.swiggy.com/city/delhi/olio-the-wood-fired-pizzeria-payara-lal-road-karol-bagh-rest752411
2026-09-19 21:12:19,Delhi,Karol Bagh,28.6519,77.1909,169244,Taco Bell,Connaught Place,Connaught Place,₹300 for two,Mexican|Fast Food|Snacks,4.4,10K+,24,4.3,True,False,65% OFF,UPTO ₹125,,1557,https://www.swiggy.com/city/delhi/taco-bell-connaught-place-rest169244
2026-09-19 21:12:19,Delhi,Karol Bagh,28.6519,77.1909,8628,Burger Singh(Big Punjabi Burgers),Bhavbhuti Marg,Connaught Place,₹300 for two,Snacks|Fast Food|Indian|American|Beverages|Desserts|Mughlai|Biryani,4.1,16K+,22,3.6,True,False,50% OFF,,FLAT DEAL,772431,https://www.swiggy.com/city/delhi/burger-singh-big-punjabi-burgers-bhavbhuti-marg-connaught-place-rest8628
2026-09-19 21:12:19,Delhi,Karol Bagh,28.6519,77.1909,68582,Baskin Robbins - Ice Cream Desserts,Shankar Road,Rajinder Nagar,₹500 for two,Ice Cream,4.6,3.1K+,20,2.5,True,True,ITEMS,AT ₹15,,5588,https://www.swiggy.com/city/delhi/baskin-robbins-ice-cream-desserts-shankar-road-rajinder-nagar-rest68582
2026-09-19 21:12:19,Delhi,Karol Bagh,28.6519,77.1909,8619,Bikkgane Biryani,PVR Rivoli,Connaught Place,₹400 for two,Biryani| Hyderabadi| Andhra| Lucknowi| Kolkata| Desserts|Beverages,4.4,32K+,29,4.4,True,False,ITEMS,AT ₹59,,5070,https://www.swiggy.com/city/delhi/bikkgane-biryani-pvr-rivoli-connaught-place-rest8619
2026-09-19 21:12:19,Delhi,Karol Bagh,28.6519,77.1909,142020,Haldiram's,Karol Bagh,Pusa Road,₹450 for two,Cakes|Beverages|Desserts,4.3,12K+,15,1.1,True,False,ITEMS,AT ₹49,,377669,https://www.swiggy.com/city/delhi/haldirams-karol-bagh-pusa-road-rest142020
2026-09-19 21:12:19,Delhi,Karol Bagh,28.6519,77.1909,169835,NIC Ice Creams,Beadon Pura,Karol Bagh,₹120 for two,Ice Cream|Desserts,4.7,10K+,9,,True,True,70% OFF,UPTO ₹140,,6249,https://www.swiggy.com/city/delhi/nic-ice-creams-beadon-pura-karol-bagh-rest169835
2026-09-19 21:12:19,Delhi,Karol Bagh,28.6519,77.1909,335361,Natural Ice Cream,DDA Market,Rajendra Place,₹150 for two,Ice Cream|Desserts,4.5,1.6K+,19,2.6,True,True,20% OFF,UPTO ₹50,,2093,https://www.swiggy.com/city/delhi/natural-ice-cream-dda-market-rajendra-place-rest335361
2026-09-19 21:12:19,Delhi,Karol Bagh,28.6519,77.1909,79302,Behrouz Biryani,Rajendra Place,Rajendra Place,₹500 for two,Biryani|North Indian|Kebabs|Mughlai|Beverages|Desserts,4.3,10K+,25,2.6,True,False,65% OFF,UPTO ₹125,,1803,https://www.swiggy.com/city/delhi/behrouz-biryani-rajendra-place-rest79302
2026-09-19 21:12:19,Delhi,Karol Bagh,28.6519,77.1909,79321,LunchBox - Meals and Thalis,DDA Market,Rajendra Place,₹200 for two,Thalis|North Indian|Biryani,4.3,12K+,29,2.6,True,False,ITEMS,AT ₹99,,4925,https://www.swiggy.com/city/delhi/lunchbox-meals-and-thalis-dda-market-rajendra-place-rest79321
2026-09-19 21:12:19,Delhi,Karol Bagh,28.6519,77.1909,834246,Andhra Kodi Pulao,WEA,Karol Bagh,₹350 for two,Andhra| Biryani| Hyderabadi| Desserts|Beverages,4.1,488,24,0.8,True,False,ITEMS,AT ₹129,,11064,https://www.swiggy.com/city/delhi/andhra-kodi-pulao-wea-karol-bagh-rest834246
2026-09-19 21:12:19,Delhi,Karol Bagh,28.6519,77.1909,820621,Snowberry Artisanal Desserts,Connaught Place,Connaught Place,₹400 for two,Desserts|Cakes|Waffle|Beverages,4.4,387,33,4.3,True,True,₹50 OFF,ABOVE ₹349,FLAT DEAL,585765,https://www.swiggy.com/city/delhi/snowberry-artisanal-desserts-connaught-place-rest820621
2026-09-19 21:12:19,Delhi,Karol Bagh,28.6519,77.1909,467579,Louis Burger,N Block,Connaught Place,₹600 for two,Burgers|American|Fast Food,4.2,2.3K+,46,4.1,True,False,ITEMS,AT ₹194,,22485,https://www.swiggy.com/city/delhi/louis-burger-n-block-connaught-place-rest467579
2026-09-19 21:12:19,Delhi,Karol Bagh,28.6519,77.1909,1280830,Domino's Pizza,"Beadonpura, Karol Bagh",Ajmal Khan Road,₹400 for two,Pizza,4.7,594,25,0.4,True,False,50% OFF,,FLAT DEAL,2456,https://www.swiggy.com/city/delhi/dominos-pizza-beadonpura-karol-bagh-ajmal-khan-road-rest1280830
2026-09-19 21:12:19,Delhi,Karol Bagh,28.6519,77.1909,1072666,Punjabi Angithi (Vegorama Group),KAROL BAGH,Jhandewalan,₹300 for two,North Indian|Chinese|Tandoor|rolls,4.2,6.9K+,25,2.5,True,True,60% OFF,,FLAT DEAL,465050,https://www.swiggy.com/city/delhi/punjabi-angithi-vegorama-group-karol-bagh-jhandewalan-rest1072666
2026-09-19 21:12:19,Delhi,Karol Bagh,28.6519,77.1909,836075,California Burrito,Karol Bagh,Karol Bagh,₹250 for two,Mexican|American|Salads|Continental|Keto|Healthy Food|Beverages|Snacks|Desserts|Fast Food,4.6,7.3K+,22,1.5,True,False,ITEMS,AT ₹89,,1252,https://www.swiggy.com/city/delhi/california-burrito-karol-bagh-rest836075
2026-09-19 21:12:19,Delhi,Vasant Kunj,28.52,77.1591,35269,Biryani By Kilo,Pipal Chowk,Vasant Kunj,₹700 for two,Biryani|Hyderabadi|North Indian|Kebabs|Mughlai|Desserts,4.3,9.7K+,38,1.4,True,False,ITEMS,AT ₹149,,130,https://www.swiggy.com/city/delhi/biryani-by-kilo-pipal-chowk-vasant-kunj-rest35269
2026-09-19 21:12:19,Delhi,Vasant Kunj,28.52,77.1591,524180,Bakingo,Sector A,Vasant Kunj,₹299 for two,Bakery|Desserts|Beverages|Snacks,4.5,9.0K+,25,2,True,False,ITEMS,AT ₹69,,3818,https://www.swiggy.com/city/delhi/bakingo-sector-a-vasant-kunj-rest524180
2026-09-19 21:12:19,Delhi,Vasant Kunj,28.52,77.1591,26717,KFC,Vasant Kunj,Vasant Kunj,₹400 for two,Burgers|Fast Food|Rolls & Wraps,4.2,24K+,17,0.8,True,False,50% OFF,,FLAT DEAL,547,https://www.swiggy.com/city/delhi/kfc-vasant-kunj-rest26717
2026-09-19 21:12:19,Delhi,Vasant Kunj,28.52,77.1591,194937,Subway,Vasant Kunj,VASANT SQUARE MALL,₹350 for two,sandwich|Salads|wrap|Healthy Food,4.3,3.8K+,21,0.7,True,False,,,,2,https://www.swiggy.com/city/delhi/subway-vasant-kunj-vasant-square-mall-rest194937
2026-09-19 21:12:19,Delhi,Vasant Kunj,28.52,77.1591,53784,Pizza Hut,Vasant Kunj,Vasant Kunj,₹350 for two,Pizzas,4.2,10K+,30,0.8,True,False,50% OFF,,FLAT DEAL,721,https://www.swiggy.com/city/delhi/pizza-hut-vasant-kunj-rest53784
2026-09-19 21:12:19,Delhi,Vasant Kunj,28.52,77.1591,61529,Theobroma,MG Road,MG Road,₹400 for two,Bakery|Desserts,4.6,8.3K+,29,3.6,True,False,ITEMS,AT ₹36,,1040,https://www.swiggy.com/city/delhi/theobroma-mg-road-rest61529
2026-09-19 21:12:19,Delhi,Vasant Kunj,28.52,77.1591,25454,Domino's Pizza,Sector B,Vasant Kunj,₹400 for two,Pizzas|Italian|Pastas|Desserts,4.3,16K+,25,1.9,True,False,50% OFF,,FLAT DEAL,2456,https://www.swiggy.com/city/delhi/dominos-pizza-sector-b-vasant-kunj-rest25454
2026-09-19 21:12:19,Delhi,Vasant Kunj,28.52,77.1591,594617,BK Cafe,Chhatarpur,Chhatarpur,₹350 for two,Beverages|Cafe|Snacks,4.6,33,29,2.4,True,False,,,,166,https://www.swiggy.com/city/delhi/bk-cafe-chhatarpur-rest594617
2026-09-19 21:12:19,Delhi,Vasant Kunj,28.52,77.1591,420606,The Belgian Waffle Co.,Vasant vihar,Vasant Kunj,₹200 for two,Desserts|Waffle|Coffee,4.5,3.0K+,31,2.3,True,True,30% OFF,UPTO ₹60,,2233,https://www.swiggy.com/city/delhi/the-belgian-waffle-co-vasant-vihar-vasant-kunj-rest420606
2026-09-19 21:12:19,Delhi,Vasant Kunj,28.52,77.1591,447938,La Pino'z Pizza,Chhatarpur,Chhatarpur,₹300 for two,Pizzas|Pastas|Italian|fastfood,3.8,10K+,43,3.6,True,False,50% OFF,,FLAT DEAL,4961,https://www.swiggy.com/city/delhi/la-pinoz-pizza-chhatarpur-rest447938
2026-09-19 21:12:19,Delhi,Vasant Kunj,28.52,77.1591,14997,Biryani Blues,Vasant Kunj,Vasant Kunj,₹400 for two,Biryani|Hyderabadi|Lucknowi|Kebabs|Desserts|Beverages,4.4,16K+,26,0.8,True,False,70% OFF,UPTO ₹140,,13813,https://www.swiggy.com/city/delhi/biryani-blues-vasant-kunj-rest14997
2026-09-19 21:12:19,Delhi,Vasant Kunj,28.52,77.1591,363195,Baskin Robbins - Ice Cream Desserts,Vasant Square Mall,Vasant Kunj,₹250 for two,Desserts|Ice Cream,4.7,858,16,0.7,True,True,ITEMS,AT ₹15,,5588,https://www.swiggy.com/city/delhi/baskin-robbins-ice-cream-desserts-vasant-square-mall-vasant-kunj-rest363195
2026-09-19 21:12:19,Delhi,Vasant Kunj,28.52,77.1591,82672,Bikkgane Biryani,Sector D,Vasant Kunj,₹400 for two,Biryani| Hyderabadi| Andhra| Lucknowi| Kolkata| Desserts|Beverages,4.3,23K+,25,1.4,True,False,65% OFF,UPTO ₹125,,5070,https://www.swiggy.com/city/delhi/bikkgane-biryani-sector-d-vasant-kunj-rest82672
2026-09-19 21:12:19,Delhi,Vasant Kunj,28.52,77.1591,595237,Chinese Wok,Vasant Kunj,Vasant Kunj,₹250 for two,Chinese|Asian|Tibetan,4.2,3.2K+,32,0.8,True,False,70% OFF,UPTO ₹140,,61955,https://www.swiggy.com/city/delhi/chinese-wok-vasant-kunj-rest595237
2026-09-19 21:12:19,Delhi,Vasant Kunj,28.52,77.1591,596682,Big Bowl,Sector B,Vasant Kunj,₹250 for two,Chinese,4.3,1.7K+,32,0.8,True,False,70% OFF,UPTO ₹140,,434792,https://www.swiggy.com/city/delhi/big-bowl-sector-b-vasant-kunj-rest596682
2026-09-19 21:12:19,Delhi,Vasant Kunj,28.52,77.1591,760635,Olio - The Wood Fired Pizzeria,MASOODPUR,Vasanth Kunj,₹300 for two,Pizzas|Pastas|Italian|Fast Food|Snacks|Beverages|Desserts,4.4,2.9K+,27,2,True,False,70% OFF,UPTO ₹140,,11633,https://www.swiggy.com/city/delhi/olio-the-wood-fired-pizzeria-masoodpur-vasanth-kunj-rest760635
2026-09-19 21:12:19,Delhi,Vasant Kunj,28.52,77.1591,69121,Burger Singh(Big Punjabi Burgers),Nelson Mandela Marg,Vasant Kunj,₹300 for two,American|Fast Food|Snacks,4.1,16K+,24,2.1,True,False,50% OFF,,FLAT DEAL,772431,https://www.swiggy.com/city/delhi/burger-singh-big-punjabi-burgers-nelson-mandela-marg-vasant-kunj-rest69121
2026-09-19 21:12:19,Delhi,Vasant Kunj,28.52,77.1591,131217,Rollsking,VASANT VIHAR,Vasant Kunj,₹250 for two,Rolls & Wraps|Fast Food|Snacks|Beverages|North Indian,4.1,13K+,26,2.2,True,False,60% OFF,UPTO ₹120,,4697,https://www.swiggy.com/city/delhi/rollsking-vasant-vihar-vasant-kunj-rest131217
2026-09-19 21:12:19,Delhi,Vasant Kunj,28.52,77.1591,390075,NH1 Bowls - Highway To North,Masoodpur,Vasant Kunj,₹250 for two,North Indian|Punjabi|Home Food,4.6,1.3K+,25,1.6,True,False,ITEMS,AT ₹119,,22452,https://www.swiggy.com/city/delhi/nh1-bowls-highway-to-north-masoodpur-vasant-kunj-rest390075
2026-09-19 21:12:19,Delhi,Vasant Kunj,28.52,77.1591,391022,ZAZA Mughal Biryani,Masoodpur,Vasant Kunj,₹250 for two,Biryani|North Indian|Awadhi,4.4,1.1K+,25,1.6,True,False,70% OFF,UPTO ₹140,,22473,https://www.swiggy.com/city/delhi/zaza-mughal-biryani-masoodpur-vasant-kunj-rest391022
2026-09-19 21:12:19,Delhi,Vasant Kunj,28.52,77.1591,470174,Dana Choga,Masoodpur,Vasant Kunj,₹500 for two,North Indian|Biryani|Mughlai|Kebabs|Desserts,4.6,7.2K+,31,1.4,True,False,ITEMS,AT ₹79,,5179,https://www.swiggy.com/city/delhi/dana-choga-masoodpur-vasant-kunj-rest470174
2026-09-19 21:12:19,Delhi,Vasant Kunj,28.52,77.1591,1073857,Creme Castle - Cakes And Desserts,Chattarpur,Chattarpur,₹500 for two,Bakery|Desserts|Cakes,4.6,1.4K+,22,1.4,True,False,60% OFF,UPTO ₹120,,567576,https://www.swiggy.com/city/delhi/creme-castle-cakes-and-desserts-chattarpur-rest1073857
2026-09-19 21:12:19,Delhi,Pitampura,28.6942,77.1317,46857,Bakingo,Singhal Pur,Ashok vihar,₹300 for two,Bakery|Desserts|Beverages|Snacks,4.5,14K+,25,3.9,True,False,ITEMS,AT ₹69,,3818,https://www.swiggy.com/city/delhi/bakingo-singhal-pur-ashok-vihar-rest46857
2026-09-19 21:12:19,Delhi,Pitampura,28.6942,77.1317,446812,Biryani By Kilo,VARDHMAN PREMIUM MALL,Rohini,₹700 for two,Biryani|Hyderabadi|North Indian|Kebabs|Mughlai|Desserts,4.1,5.0K+,29,2,True,False,70% OFF,UPTO ₹140,,130,https://www.swiggy.com/city/delhi/biryani-by-kilo-vardhman-premium-mall-rohini-rest446812
2026-09-19 21:12:19,Delhi,Pitampura,28.6942,77.1317,253766,McDonald's,Saint Nagar,Pitampura,₹400 for two,American|Fast Food|Beverages,4.5,14K+,25,1.1,True,False,ITEMS,AT ₹52,,630,https://www.swiggy.com/city/delhi/mcdonalds-saint-nagar-pitampura-rest253766
2026-09-19 21:12:19,Delhi,Pitampura,28.6942,77.1317,24209,Domino's Pizza,Road No. 44,Pitampura,₹400 for two,Pizzas|Italian|Pastas|Desserts,4.5,25K+,25,1.4,True,False,50% OFF,,FLAT DEAL,2456,https://www.swiggy.com/city/delhi/dominos-pizza-road-no-44-pitampura-rest24209
2026-09-19 21:12:19,Delhi,Pitampura,28.6942,77.1317,240739,Pizza Hut,Pitampura,Pitampura,₹350 for two,Pizzas,4.2,3.7K+,26,1.5,True,False,50% OFF,,FLAT DEAL,721,https://www.swiggy.com/city/delhi/pizza-hut-pitampura-rest240739
2026-09-19 21:12:19,Delhi,Pitampura,28.6942,77.1317,19224,Subway,Pitampura,PP City Centre,₹350 for two,sandwich|Salads|wrap|Healthy Food,4.2,24K+,22,1.5,True,False,ITEMS,AT ₹69,,2,https://www.swiggy.com/city/delhi/subway-pitampura-pp-city-centre-rest19224
2026-09-19 21:12:19,Delhi,Pitampura,28.6942,77.1317,510639,La Pino'z Pizza,Pitampura,Pitampura,₹350 for two,Pizzas|Pastas|Italian|Desserts|Beverages,3.6,6.6K+,29,1.5,True,False,50% OFF,,FLAT DEAL,4961,https://www.swiggy.com/city/delhi/la-pinoz-pizza-pitampura-rest510639
2026-09-19 21:12:19,Delhi,Pitampura,28.6942,77.1317,498382,Burger King,M2K Mall,Rohini,₹350 for two,Burgers|American,4.3,9.7K+,24,2.7,True,False,ITEMS,AT ₹39,,166,https://www.swiggy.com/city/delhi/burger-king-m2k-mall-rohini-rest498382
2026-09-19 21:12:19,Delhi,Pitampura,28.6942,77.1317,233801,KFC,Rani Bagh,Pitampura,₹400 for two,Burgers|Fast Food|Rolls & Wraps,4.2,7.3K+,21,1.5,True,False,50% OFF,,FLAT DEAL,547,https://www.swiggy.com/city/delhi/kfc-rani-bagh-pitampura-rest233801
2026-09-19 21:12:19,Delhi,Pitampura,28.6942,77.1317,422690,The Belgian Waffle Co.,Lala Jagat Narayan Marg,Netaji Subhash Place,₹200 for two,Desserts|Waffle|Coffee,4.6,2.3K+,32,2.6,True,True,ITEMS,AT ₹72,,2233,https://www.swiggy.com/city/delhi/the-belgian-waffle-co-lala-jagat-narayan-marg-netaji-subhash-place-rest422690
2026-09-19 21:12:19,Delhi,Pitampura,28.6942,77.1317,326226,Theobroma,Netaji Subhash Place,Netaji Subhash Place,₹400 for two,Bakery|Desserts,4.5,4.6K+,30,2.7,True,False,ITEMS,AT ₹36,,1040,https://www.swiggy.com/city/delhi/theobroma-netaji-subhash-place-rest326226
2026-09-19 21:12:19,Delhi,Pitampura,28.6942,77.1317,43182,Baskin Robbins - Ice Cream Desserts,Agarwal Fun City Metro Mall,Pitampura,₹300 for two,Ice Cream|Desserts|Beverages,4.5,2.0K+,18,1,True,True,ITEMS,AT ₹15,,5588,https://www.swiggy.com/city/delhi/baskin-robbins-ice-cream-desserts-agarwal-fun-city-metro-mall-pitampura-rest43182
2026-09-19 21:12:19,Delhi,Pitampura,28.6942,77.1317,432557,Bikkgane Biryani,DDA Market Sec-6,Rohini,₹350 for two,Biryani| Hyderabadi| Andhra| Lucknowi| Kolkata| Desserts|Beverages,4.3,6.3K+,30,3.9,True,False,65% OFF,UPTO ₹125,,5070,https://www.swiggy.com/city/delhi/bikkgane-biryani-dda-market-sec-6-rohini-rest432557
2026-09-19 21:12:19,Delhi,Pitampura,28.6942,77.1317,602137,Big Bowl,Sector 7,Rohini,₹250 for two,Chinese|Tibetan|Desserts,4.1,1.2K+,27,2.4,True,False,70% OFF,UPTO ₹140,,434792,https://www.swiggy.com/city/delhi/big-bowl-sector-7-rohini-rest602137
2026-09-19 21:12:19,Delhi,Pitampura,28.6942,77.1317,603438,Chinese Wok,Sector 7,Rohini,₹250 for two,Chinese|Asian|Tibetan|Desserts,4.1,3.3K+,26,2.4,True,False,70% OFF,UPTO ₹140,,61955,https://www.swiggy.com/city/delhi/chinese-wok-sector-7-rohini-rest603438
2026-09-19 21:12:19,Delhi,Pitampura,28.6942,77.1317,62876,LunchBox - Meals and Thalis,Sector 8,Rohini,₹200 for two,Thalis|North Indian|Biryani,4.2,5.5K+,27,2.7,True,False,ITEMS,AT ₹99,,4925,https://www.swiggy.com/city/delhi/lunchbox-meals-and-thalis-sector-8-rohini-rest62876
2026-09-19 21:12:19,Delhi,Pitampura,28.6942,77.1317,754966,Natural Ice Cream,SECTOR-7,Rohini,₹150 for two,Ice Cream|Desserts,4.7,1.7K+,20,2.4,True,True,20% OFF,UPTO ₹50,,2093,https://www.swiggy.com/city/delhi/natural-ice-cream-sector-7-rohini-rest754966
2026-09-19 21:12:19,Delhi,Pitampura,28.6942,77.1317,15666,Behrouz Biryani,Sector 8,Rohini,₹500 for two,Biryani|North Indian|Kebabs|Mughlai|Beverages|Desserts,4.2,16K+,27,2.7,True,False,65% OFF,UPTO ₹125,,1803,https://www.swiggy.com/city/delhi/behrouz-biryani-sector-8-rohini-rest15666
2026-09-19 21:12:19,Delhi,Pitampura,28.6942,77.1317,15846,"Faasos - Wraps, Rolls & Shawarma",Sector 8,Rohini,₹200 for two,Wraps|rolls|Fast Food|Burger|shawarma|Rice Bowls,4.4,16K+,29,2.7,True,False,65% OFF,UPTO ₹125,,21809,https://www.swiggy.com/city/delhi/faasos-wraps-rolls-and-shawarma-sector-8-rohini-rest15846
2026-09-19 21:12:19,Delhi,Pitampura,28.6942,77.1317,336053,Wendy's Burgers,Sector 8,Pushpanjali,₹200 for two,Burgers|Fast Food|wrap,4.3,9.2K+,28,2.7,True,False,ITEMS,AT ₹59,,972,https://www.swiggy.com/city/delhi/wendys-burgers-sector-8-pushpanjali-rest336053
2026-09-19 21:12:19,Delhi,Pitampura,28.6942,77.1317,1415055,Bakingo,"Rohini, New Delhi","Sec 7, Rohini",₹299 for two,Bakery|Desserts|Beverages|Snacks,4.3,74,21,2.4,True,False,ITEMS,AT ₹60,,3818,https://www.swiggy.com/city/delhi/bakingo-rohini-new-sec-7-rohini-rest1415055
2026-09-19 21:12:19,Delhi,Pitampura,28.6942,77.1317,10324,Jaiveer Naan & Chaap,Rohini,Rohini,₹500 for two,Snacks|Punjabi,4.3,33K+,28,2.5,True,True,ITEMS,AT ₹79,,109221,https://www.swiggy.com/city/delhi/jaiveer-naan-and-chaap-rohini-rest10324
2026-09-19 21:12:19,Delhi,Pitampura,28.6942,77.1317,1085139,Snowberry Artisanal Desserts,Rohini,Rohini,₹300 for two,Waffle|Cakes|Desserts|Beverages,4.3,290,28,2.4,True,False,₹300 OFF,ABOVE ₹1149,FLAT DEAL,585765,https://www.swiggy.com/city/delhi/snowberry-artisanal-desserts-rohini-rest1085139
2026-09-19 21:12:19,Delhi,Pitampura,28.6942,77.1317,373021,"Gianis - Ice Cream, Shakes & Sundaes",Shakur Basti,Pitampura,₹250 for two,Beverages|Ice Cream,4.7,729,15,0.9,True,True,,,,427371,https://www.swiggy.com/city/delhi/gianis-ice-cream-shakes-and-sundaes-shakur-basti-pitampura-rest373021
2026-09-19 21:12:19,Delhi,Pitampura,28.6942,77.1317,1238321,California Burrito,NSP,NSP,₹250 for two,American|Continental|Mexican|Beverages|Grill|Salads|Snacks|Healthy Food|Keto|Fast Food,4.7,529,29,3,True,False,40% OFF,UPTO ₹80,,1252,https://www.swiggy.com/city/delhi/california-burrito-nsp-rest1238321
2026-09-19 21:12:19,Delhi,Mayur Vihar,28.6092,77.2952,866575,Biryani By Kilo,Patparganj,Mayur Vihar,₹700 for two,Biryani|Hyderabadi|Kebabs|Mughlai|Desserts,4.2,2.0K+,27,0.9,True,False,ITEMS,AT ₹149,,130,https://www.swiggy.com/city/delhi/biryani-by-kilo-patparganj-mayur-vihar-rest866575
2026-09-19 21:12:19,Delhi,Mayur Vihar,28.6092,77.2952,798794,Bakingo,Patpargangj,MAYUR VIHAR,₹299 for two,Bakery|Desserts|Beverages|Snacks,4.6,4.2K+,16,0.5,True,False,ITEMS,AT ₹69,,3818,https://www.swiggy.com/city/delhi/bakingo-patpargangj-mayur-vihar-rest798794
2026-09-19 21:12:19,Delhi,Mayur Vihar,28.6092,77.2952,608589,Pizza Hut,Mayur Vihar,Mayur Vihar,₹350 for two,Pizzas,4.1,3.4K+,23,0.5,True,False,50% OFF,,FLAT DEAL,721,https://www.swiggy.com/city/delhi/pizza-hut-mayur-vihar-rest608589
2026-09-19 21:12:19,Delhi,Mayur Vihar,28.6092,77.2952,751396,The Belgian Waffle Co.,PANDAV NAGAR,PATPARGANJ,₹200 for two,Desserts|Waffle|Coffee,4.6,1.5K+,24,0.7,True,True,ITEMS,AT ₹72,,2233,https://www.swiggy.com/city/delhi/the-belgian-waffle-co-pandav-nagar-patparganj-rest751396
2026-09-19 21:12:19,Delhi,Mayur Vihar,28.6092,77.2952,637739,La Pino'z Pizza,1St Phase,Mayur Vihar Phase - 1,₹400 for two,Pizzas|Pastas|Italian|Desserts|Beverages,3.7,5.4K+,20,0.7,True,False,50% OFF,,FLAT DEAL,4961,https://www.swiggy.com/city/delhi/la-pinoz-pizza-1st-phase-mayur-vihar-phase-1-rest637739
2026-09-19 21:12:19,Delhi,Mayur Vihar,28.6092,77.2952,10710,Subway,2nd Phase,Mayur Vihar,₹350 for two,sandwich|Salads|wrap|Healthy Food,4.4,26K+,23,1.1,True,False,ITEMS,AT ₹69,,2,https://www.swiggy.com/city/delhi/subway-2nd-phase-mayur-vihar-rest10710
2026-09-19 21:12:19,Delhi,Mayur Vihar,28.6092,77.2952,707692,KFC,Phase 1,Mayur Vihar,₹400 for two,Burgers|Fast Food|Rolls & Wraps,4.2,2.1K+,28,2.3,True,False,50% OFF,,FLAT DEAL,547,https://www.swiggy.com/city/delhi/kfc-phase-1-mayur-vihar-rest707692
2026-09-19 21:12:19,Delhi,Mayur Vihar,28.6092,77.2952,828372,Theobroma,Mayur Vihar Phase 1,Mayur Vihar Phase - 1,₹300 for two,Bakery|Desserts|Beverages,4.5,1.6K+,19,2.3,True,False,ITEMS,AT ₹36,,1040,https://www.swiggy.com/city/delhi/theobroma-mayur-vihar-phase-1-rest828372
2026-09-19 21:12:19,Delhi,Mayur Vihar,28.6092,77.2952,438435,Burger King,Parsvnath Mall,Mayur Vihar,₹350 for two,Burgers|American,4.2,11K+,24,3,True,False,ITEMS,AT ₹39,,166,https://www.swiggy.com/city/delhi/burger-king-parsvnath-mall-mayur-vihar-rest438435
2026-09-19 21:12:19,Delhi,Mayur Vihar,28.6092,77.2952,253981,McDonald's,Laxmi Nagar,Laxmi Nagar,₹400 for two,American|Fast Food|Beverages,4.2,31K+,38,4.3,True,False,ITEMS,AT ₹52,,630,https://www.swiggy.com/city/delhi/mcdonalds-laxmi-nagar-rest253981
2026-09-19 21:12:19,Delhi,Mayur Vihar,28.6092,77.2952,43365,Baskin Robbins - Ice Cream Desserts,2nd Phase,Mayur Vihar,₹250 for two,Ice Cream,4.6,3.7K+,23,3,True,True,ITEMS,AT ₹15,,5588,https://www.swiggy.com/city/delhi/baskin-robbins-ice-cream-desserts-2nd-phase-mayur-vihar-rest43365
2026-09-19 21:12:19,Delhi,Mayur Vihar,28.6092,77.2952,720360,Wendy's Burgers,Laxmi Nagar,Laxmi Nagar,₹200 for two,Burgers|Fast Food|wrap,4.4,6.7K+,37,4.3,True,False,ITEMS,AT ₹59,,972,https://www.swiggy.com/city/delhi/wendys-burgers-laxmi-nagar-rest720360
2026-09-19 21:12:19,Delhi,Mayur Vihar,28.6092,77.2952,205404,Rollsking,1St Phase,Mayur Vihar,₹250 for two,Rolls & Wraps|Fast Food|Snacks|Beverages|North Indian,4.1,6.8K+,21,1.1,True,False,30% OFF,UPTO ₹75,,4697,https://www.swiggy.com/city/delhi/rollsking-1st-phase-mayur-vihar-rest205404
2026-09-19 21:12:19,Delhi,Mayur Vihar,28.6092,77.2952,636891,Big Bowl,1st Phase,Mayur Vihar,₹250 for two,Chinese|Tibetan|Desserts,4.1,1.5K+,25,2.3,True,False,70% OFF,UPTO ₹140,,434792,https://www.swiggy.com/city/delhi/big-bowl-1st-phase-mayur-vihar-rest636891
2026-09-19 21:12:19,Delhi,Mayur Vihar,28.6092,77.2952,636890,Chinese Wok,1st Phase,Mayur Vihar,₹250 for two,Chinese|Asian|Tibetan|Desserts,4.2,3.0K+,28,2.3,True,False,70% OFF,UPTO ₹140,,61955,https://www.swiggy.com/city/delhi/chinese-wok-1st-phase-mayur-vihar-rest636890
2026-09-19 21:12:19,Delhi,Mayur Vihar,28.6092,77.2952,744442,NIC Ice Creams,Shashi Garden,Mayur Vihar,₹120 for two,Ice Cream|Desserts,4.7,1.3K+,19,2.1,True,True,70% OFF,UPTO ₹140,,6249,https://www.swiggy.com/city/delhi/nic-ice-creams-shashi-garden-mayur-vihar-rest744442
2026-09-19 21:12:19,Delhi,Mayur Vihar,28.6092,77.2952,62881,LunchBox - Meals and Thalis,R Block,"Vikas Marg, Block R",₹200 for two,Thalis|North Indian|Biryani,4.2,13K+,39,4.2,True,False,ITEMS,AT ₹99,,4925,https://www.swiggy.com/city/delhi/lunchbox-meals-and-thalis-r-block-vikas-marg-block-r-rest62881
2026-09-19 21:12:19,Delhi,Mayur Vihar,28.6092,77.2952,750690,Natural Ice Cream,Vikash Marg Rd,PREET VIHAR,₹150 for two,Ice Cream|Desserts,4.8,2.1K+,34,5.5,True,True,20% OFF,UPTO ₹50,,2093,https://www.swiggy.com/city/delhi/natural-ice-cream-vikash-marg-rd-preet-vihar-rest750690
2026-09-19 21:12:19,Delhi,Mayur Vihar,28.6092,77.2952,256301,Bikkgane Biryani,Ganesh Nagar,Pandav Nagar,₹400 for two,Biryani| Hyderabadi| Andhra| Lucknowi| Kolkata| Desserts|Beverages,4.2,19K+,31,3,True,False,65% OFF,UPTO ₹125,,5070,https://www.swiggy.com/city/delhi/bikkgane-biryani-ganesh-nagar-pandav-nagar-rest256301
2026-09-19 21:12:19,Delhi,Mayur Vihar,28.6092,77.2952,866577,Goila Butter Chicken,Patparganj,Mayur Vihar,₹600 for two,Biryani|Kebabs|Desserts,4.1,794,32,0.9,True,False,ITEMS,AT ₹149,,322587,https://www.swiggy.com/city/delhi/goila-butter-chicken-patparganj-mayur-vihar-rest866577
2026-09-19 21:12:19,Delhi,Mayur Vihar,28.6092,77.2952,979735,Nashville Fried Chicken - NFC,School Block,Shakarpur,₹350 for two,American|Burgers|Fast Food,4,849,49,4.2,True,False,50% OFF,,FLAT DEAL,464434,https://www.swiggy.com/city/delhi/nashville-fried-chicken-nfc-school-block-shakarpur-rest979735
2026-09-19 21:12:19,Delhi,Mayur Vihar,28.6092,77.2952,1014776,California Burrito,Vinod Nagar,Mayur Vihar,₹250 for two,Mexican|American|Salads|Continental|Keto|Healthy Food|Beverages|Snacks|Desserts|Fast Food,4.7,4.6K+,28,4,True,False,ITEMS,AT ₹89,,1252,https://www.swiggy.com/city/delhi/california-burrito-vinod-nagar-mayur-vihar-rest1014776
2026-09-19 21:12:19,Pune,Koregaon Park,18.5362,73.8939,36172,Shiv Sagar,Clover Park,Viman Nagar,₹300 for two,North Indian|South Indian|Snacks|Pizzas|Fast Food|Beverages|Chinese,4.3,45K+,35,4.7,True,True,70% OFF,UPTO ₹140,,845,https://www.swiggy.com/city/pune/shiv-sagar-clover-park-viman-nagar-rest36172
2026-09-19 21:12:19,Pune,Koregaon Park,18.5362,73.8939,139929,Theobroma,Koregaon Park,Koregaon Park,₹400 for two,Bakery|Desserts,4.5,7.1K+,8,0.6,True,False,ITEMS,AT ₹37,,1040,https://www.swiggy.com/city/pune/theobroma-koregaon-park-rest139929
2026-09-19 21:12:19,Pune,Koregaon Park,18.5362,73.8939,4884,Subway,Meera Nagar,Koregaon Park,₹350 for two,sandwich|Salads|wrap|Healthy Food,4.3,24K+,12,1,True,False,₹100 OFF,ABOVE ₹999,FLAT DEAL,2,https://www.swiggy.com/city/pune/subway-meera-nagar-koregaon-park-rest4884
2026-09-19 21:12:19,Pune,Koregaon Park,18.5362,73.8939,864947,Bakingo,Galande Nagar,"Wadagaon Sheri, Haveli",₹299 for two,Bakery|Desserts|Beverages|Snacks,4.4,5.1K+,30,6,True,False,ITEMS,AT ₹79,,3818,https://www.swiggy.com/city/pune/bakingo-galande-nagar-wadagaon-sheri-haveli-rest864947
2026-09-19 21:12:19,Pune,Koregaon Park,18.5362,73.8939,763016,The Belgian Waffle Co.,MUNDHWA ROAD,LAKE SHORE MALL,₹200 for two,Waffle|Desserts|Ice Cream,4.7,447,29,2.3,True,True,30% OFF,UPTO ₹60,,2233,https://www.swiggy.com/city/pune/the-belgian-waffle-co-mundhwa-road-lake-shore-mall-rest763016
2026-09-19 21:12:19,Pune,Koregaon Park,18.5362,73.8939,23675,McDonald's,Kalyani Nagar,Kalyani Nagar,₹400 for two,Burgers|Beverages|Cafe|Desserts,4.4,50K+,19,2.1,True,False,ITEMS,AT ₹64,,630,https://www.swiggy.com/city/pune/mcdonalds-kalyani-nagar-rest23675
2026-09-19 21:12:19,Pune,Koregaon Park,18.5362,73.8939,367417,Domino's Pizza,Vaswani Nagar,Koregaon Park,₹400 for two,Pizzas|Italian|Pastas|Desserts,4.4,3.8K+,25,1.5,True,False,50% OFF,,FLAT DEAL,2456,https://www.swiggy.com/city/pune/dominos-pizza-vaswani-nagar-koregaon-park-rest367417
2026-09-19 21:12:19,Pune,Koregaon Park,18.5362,73.8939,10290,Pizza Hut,Kalyani Nagar,Kalyani Nagar,₹350 for two,Pizzas,4.1,10K+,27,2.6,True,False,50% OFF,,FLAT DEAL,721,https://www.swiggy.com/city/pune/pizza-hut-kalyani-nagar-rest10290
2026-09-19 21:12:19,Pune,Koregaon Park,18.5362,73.8939,428991,Bikkgane Biryani,Konark Nagar,Viman Nagar,₹350 for two,Biryani| Hyderabadi| Andhra| Lucknowi| Kolkata| Desserts|Beverages,4.2,11K+,36,5,True,False,65% OFF,UPTO ₹125,,5070,https://www.swiggy.com/city/pune/bikkgane-biryani-konark-nagar-viman-nagar-rest428991
2026-09-19 21:12:19,Pune,Koregaon Park,18.5362,73.8939,691729,Chinese Wok,Fortaleza,Kalyani Nagar,₹250 for two,Chinese|Asian|Tibetan|Desserts,4.3,3.5K+,33,2.2,True,False,70% OFF,UPTO ₹140,,61955,https://www.swiggy.com/city/pune/chinese-wok-fortaleza-kalyani-nagar-rest691729
2026-09-19 21:12:19,Pune,Koregaon Park,18.5362,73.8939,691730,Big Bowl,Fortaleza,Kalyani Nagar,₹250 for two,North Indian|Chinese|Tibetan|Desserts,4.3,2.5K+,32,2.2,True,False,70% OFF,UPTO ₹140,,434792,https://www.swiggy.com/city/pune/big-bowl-fortaleza-kalyani-nagar-rest691730
2026-09-19 21:12:19,Pune,Koregaon Park,18.5362,73.8939,77625,Baskin Robbins - Ice Cream Desserts,F Bramha Residences,Wadgaon Sheri,₹200 for two,Desserts,4.5,2.5K+,22,4.3,True,True,ITEMS,AT ₹15,,5588,https://www.swiggy.com/city/pune/baskin-robbins-ice-cream-desserts-f-bramha-residences-wadgaon-sheri-rest77625
2026-09-19 21:12:19,Pune,Koregaon Park,18.5362,73.8939,754377,Wendy's Burgers,PUNE NAGAR ROAD & SANGAMWADI,Kharadi,₹200 for two,Burgers|Fast Food|wrap,4.2,3.6K+,36,6.1,True,False,ITEMS,AT ₹59,,972,https://www.swiggy.com/city/pune/wendys-burgers-nagar-road-and-sangamwadi-kharadi-rest754377
2026-09-19 21:12:19,Pune,Koregaon Park,18.5362,73.8939,56142,"Frozen Bottle - Milkshakes, Desserts And Ice Cream",Koregaon Park,Koregaon Park,₹250 for two,Beverages|Ice Cream|Desserts,4.3,4.5K+,17,0.9,True,True,50% OFF,,FLAT DEAL,5655,https://www.swiggy.com/city/pune/frozen-bottle-milkshakes-desserts-and-ice-cream-koregaon-park-rest56142
2026-09-19 21:12:19,Pune,Koregaon Park,18.5362,73.8939,625864,Taco Bell,Vascon Mariplex Mall,Kalyani Nagar,₹300 for two,Mexican|Fast Food|Snacks,4.2,3.2K+,27,2.2,True,False,65% OFF,UPTO ₹125,,1557,https://www.swiggy.com/city/pune/taco-bell-vascon-mariplex-mall-kalyani-nagar-rest625864
2026-09-19 21:12:19,Pune,Koregaon Park,18.5362,73.8939,27806,Natural Ice Cream,Koregaon Park,Koregaon Park,₹150 for two,Ice Cream|Desserts,4.8,8.7K+,9,0.9,True,True,20% OFF,UPTO ₹50,,2093,https://www.swiggy.com/city/pune/natural-ice-cream-koregaon-park-rest27806
2026-09-19 21:12:19,Pune,Koregaon Park,18.5362,73.8939,18812,"Faasos - Wraps, Rolls & Shawarma",Next to Bank Of Maharashtra,Wadgaon Sheri,₹200 for two,Wraps|rolls|Fast Food|Burger|shawarma|Rice Bowls,4.4,12K+,32,4.6,True,False,65% OFF,UPTO ₹125,,21809,https://www.swiggy.com/city/pune/faasos-wraps-rolls-and-shawarma-next-to-bank-of-maharashtra-wadgaon-sheri-rest18812
2026-09-19 21:12:19,Pune,Koregaon Park,18.5362,73.8939,16853,Behrouz Biryani,Next to Bank Of Maharashtra,Wadgaon Sheri,₹500 for two,Biryani|North Indian|Kebabs|Mughlai|Beverages|Desserts,4.2,9.9K+,32,4.6,True,False,65% OFF,UPTO ₹125,,1803,https://www.swiggy.com/city/pune/behrouz-biryani-next-to-bank-of-maharashtra-wadgaon-sheri-rest16853
2026-09-19 21:12:19,Pune,Koregaon Park,18.5362,73.8939,64678,NIC Ice Creams,Victoria Garden,Kalyani Nagar,₹120 for two,Ice Cream|Desserts,4.7,16K+,20,3.8,True,True,70% OFF,UPTO ₹140,,6249,https://www.swiggy.com/city/pune/nic-ice-creams-victoria-garden-kalyani-nagar-rest64678
2026-09-19 21:12:19,Pune,Koregaon Park,18.5362,73.8939,62937,LunchBox - Meals and Thalis,Next to Bank Of Maharashtra,Wadgaon Sheri,₹200 for two,Thalis|North Indian|Biryani,4.3,6.0K+,31,4.6,True,False,ITEMS,AT ₹99,,4925,https://www.swiggy.com/city/pune/lunchbox-meals-and-thalis-next-to-bank-of-maharashtra-wadgaon-sheri-rest62937
2026-09-19 21:12:19,Pune,Koregaon Park,18.5362,73.8939,1322574,Grameen Kulfi,SAI BABA MANDIR,Koregaon Park,₹120 for two,Ice Cream|Desserts,4.7,8,16,1.4,True,True,,,,12175,https://www.swiggy.com/city/pune/grameen-kulfi-sai-baba-mandir-koregaon-park-rest1322574
2026-09-19 21:12:19,Pune,Koregaon Park,18.5362,73.8939,653941,Ananta Veg,Viman Nagar,Viman Nagar,₹300 for two,North Indian|Thalis|South Indian|Biryani|Rolls & Wraps|Pizzas|Chinese|Desserts|Beverages|Indian,4.2,1.5K+,34,4.7,True,True,ITEMS,AT ₹99,,393444,https://www.swiggy.com/city/pune/ananta-veg-viman-nagar-rest653941
2026-09-19 21:12:19,Pune,Koregaon Park,18.5362,73.8939,749079,"Nourishing Farms - Salads, Sandwiches & Wraps",Viman Nagar,Viman Nagar,₹350 for two,Salads|Healthy Food|Snacks|Juices,4.2,1.5K+,34,5,True,False,ITEMS,AT ₹149,,764229,https://www.swiggy.com/city/pune/nourishing-farms-salads-sandwiches-and-wraps-viman-nagar-rest749079
2026-09-19 21:12:19,Pune,Koregaon Park,18.5362,73.8939,799649,RushHrs,Nehrunagar,Viman Nagar,₹250 for two,Burgers|American|Rolls & Wraps|Beverages|Fast Food|Salads|Desserts,4.4,1.4K+,36,5,True,False,70% OFF,UPTO ₹140,,791,https://www.swiggy.com/city/pune/rushhrs-nehrunagar-viman-nagar-rest799649
2026-09-19 21:12:19,Pune,Koregaon Park,18.5362,73.8939,120806,Cafe Arabia,Vadgaonsheri,Kalyani Nagar ,₹400 for two,shawarma|Rolls & Wraps|Lebanese|Middle Eastern|Arabian|Salads|Fast Food|healthy|Mediterranean,4.4,5.0K+,29,4.4,True,False,₹200 OFF,ABOVE ₹699,FLAT DEAL,177,https://www.swiggy.com/city/pune/cafe-arabia-vadgaonsheri-kalyani-nagar-rest120806
2026-09-19 21:12:19,Pune,Koregaon Park,18.5362,73.8939,428070,Circle Of Crust,Viman Nagar,Viman Nagar,₹500 for two,Pizzas|Italian|Pastas|Desserts|Beverages,4.2,920,46,5,True,False,70% OFF,UPTO ₹140,,63326,https://www.swiggy.com/city/pune/circle-of-crust-viman-nagar-rest428070
2026-09-19 21:12:19,Pune,Hinjewadi,18.5913,73.7389,182075,Pind Punjab,Hinjewadi,Hinjawadi,₹450 for two,North Indian| Biryani| Mughlai| Punjabi| Indian|Kebabs|Thalis|Chinese|Beverages|Desserts,3.9,30K+,24,2.8,True,False,70% OFF,UPTO ₹140,,4196,https://www.swiggy.com/city/pune/pind-punjab-hinjewadi-hinjawadi-rest182075
2026-09-19 21:12:19,Pune,Hinjewadi,18.5913,73.7389,23716,McDonald's,Marunji Road,Hinjawadi,₹400 for two,Burgers|Beverages|Cafe|Desserts,4.3,48K+,10,0.4,True,False,ITEMS,AT ₹64,,630,https://www.swiggy.com/city/pune/mcdonalds-marunji-road-hinjawadi-rest23716
2026-09-19 21:12:19,Pune,Hinjewadi,18.5913,73.7389,441447,Burger King,Suratwala,Hinjawadi,₹350 for two,Burgers|American,3.9,20K+,16,1.1,True,False,ITEMS,AT ₹39,,166,https://www.swiggy.com/city/pune/burger-king-suratwala-hinjawadi-rest441447
2026-09-19 21:12:19,Pune,Hinjewadi,18.5913,73.7389,732719,Theobroma,Hinjawadi,Hinjawadi,₹400 for two,Desserts,4.4,2.5K+,9,1.3,True,False,ITEMS,AT ₹37,,1040,https://www.swiggy.com/city/pune/theobroma-hinjawadi-rest732719
2026-09-19 21:12:19,Pune,Hinjewadi,18.5913,73.7389,89140,KFC,Wakad Road,Hinjawadi,₹400 for two,Burgers|Fast Food|Rolls & Wraps,4,19K+,9,0.9,True,False,50% OFF,,FLAT DEAL,547,https://www.swiggy.com/city/pune/kfc-wakad-road-hinjawadi-rest89140
2026-09-19 21:12:19,Pune,Hinjewadi,18.5913,73.7389,24441,Domino's Pizza,Hinjewadi,Hinjawadi,₹400 for two,Pizzas|Italian|Pastas|Desserts,3.9,13K+,25,1,True,False,50% OFF,,FLAT DEAL,2456,https://www.swiggy.com/city/pune/dominos-pizza-hinjewadi-hinjawadi-rest24441
2026-09-19 21:12:19,Pune,Hinjewadi,18.5913,73.7389,197247,The Belgian Waffle Co.,2nd Phase,Wakad,₹200 for two,Waffle|Desserts|Ice Cream|Beverages,4.3,5.3K+,26,3.7,True,True,30% OFF,UPTO ₹60,,2233,https://www.swiggy.com/city/pune/the-belgian-waffle-co-2nd-phase-wakad-rest197247
2026-09-19 21:12:19,Pune,Hinjewadi,18.5913,73.7389,260823,La Pino'z Pizza,Wakad,Wakad,₹200 for two,Pizzas|Pastas|Italian|Desserts|Beverages,3.9,5.0K+,26,3.6,True,False,ITEMS,AT ₹69,,4961,https://www.swiggy.com/city/pune/la-pinoz-pizza-wakad-rest260823
2026-09-19 21:12:19,Pune,Hinjewadi,18.5913,73.7389,3417,Subway,Blue Ridge Township,Hinjawadi,₹350 for two,sandwich|Salads|wrap|Healthy Food,3.9,15K+,16,2.1,True,False,ITEMS,AT ₹69,,2,https://www.swiggy.com/city/pune/subway-blue-ridge-township-hinjawadi-rest3417
2026-09-19 21:12:19,Pune,Hinjewadi,18.5913,73.7389,14780,Pizza Hut,Hinjewadi,Hinjawadi,₹350 for two,Pizzas,4.1,13K+,25,3,True,False,50% OFF,,FLAT DEAL,721,https://www.swiggy.com/city/pune/pizza-hut-hinjewadi-hinjawadi-rest14780
2026-09-19 21:12:19,Pune,Hinjewadi,18.5913,73.7389,89750,CakeZone Patisserie,OPP YES BANK,Wakad Road,₹200 for two,Bakery|Desserts|Sweets|Ice Cream,4.4,27K+,9,0.3,True,False,70% OFF,UPTO ₹140,,7003,https://www.swiggy.com/city/pune/cakezone-patisserie-opp-yes-bank-wakad-road-rest89750
2026-09-19 21:12:19,Pune,Hinjewadi,18.5913,73.7389,745868,Olio - The Wood Fired Pizzeria,Hinjawadi,Haveli,₹300 for two,Pizzas|Pastas|Italian|Fast Food|Snacks|Beverages|Desserts,4.1,4.4K+,20,0.3,True,False,70% OFF,UPTO ₹140,,11633,https://www.swiggy.com/city/pune/olio-the-wood-fired-pizzeria-hinjawadi-haveli-rest745868
2026-09-19 21:12:19,Pune,Hinjewadi,18.5913,73.7389,767765,Baskin Robbins - Ice Cream Desserts,Wakad,Phoenix Mall of Millennium,₹250 for two,Desserts|Ice Cream,4.4,71,25,3,True,True,ITEMS,AT ₹15,,5588,https://www.swiggy.com/city/pune/baskin-robbins-ice-cream-desserts-wakad-phoenix-mall-of-millennium-rest767765
2026-09-19 21:12:19,Pune,Hinjewadi,18.5913,73.7389,673427,Wow! China,GHS,Hinjawadi,₹300 for two,Chinese|Asian|fastfood|Beverages|Snacks,3.8,995,27,3,True,False,70% OFF,UPTO ₹140,,226836,https://www.swiggy.com/city/pune/wow-china-ghs-hinjawadi-rest673427
2026-09-19 21:12:19,Pune,Hinjewadi,18.5913,73.7389,407291,Taco Bell,Hinjewadi,Hinjawadi,₹300 for two,Mexican|Fast Food|Snacks,4.3,3.1K+,23,3,True,False,65% OFF,UPTO ₹125,,1557,https://www.swiggy.com/city/pune/taco-bell-hinjewadi-hinjawadi-rest407291
2026-09-19 21:12:19,Pune,Hinjewadi,18.5913,73.7389,575285,Wendy's Burgers,Bhatewara nagar,Hinjawadi,₹200 for two,Burgers|Fast Food|wrap,4.3,5.2K+,12,0.6,True,False,ITEMS,AT ₹59,,972,https://www.swiggy.com/city/pune/wendys-burgers-bhatewara-nagar-hinjawadi-rest575285
2026-09-19 21:12:19,Pune,Hinjewadi,18.5913,73.7389,261410,The Good Bowl,Bhatewara nagar,Hinjawadi,₹400 for two,Biryani|Pastas|Punjabi|Desserts|Beverages,4.3,2.2K+,14,0.6,True,False,ITEMS,AT ₹99,,7918,https://www.swiggy.com/city/pune/the-good-bowl-bhatewara-nagar-hinjawadi-rest261410
2026-09-19 21:12:19,Pune,Hinjewadi,18.5913,73.7389,261411,The Biryani Life,Bhatewara nagar,Hinjawadi,₹250 for two,Biryani|Mughlai|Lucknowi|Hyderabadi|Kebabs|Desserts|Beverages,4,1.1K+,12,0.6,True,False,70% OFF,UPTO ₹140,,8496,https://www.swiggy.com/city/pune/the-biryani-life-bhatewara-nagar-hinjawadi-rest261411
2026-09-19 21:12:19,Pune,Hinjewadi,18.5913,73.7389,261409,Sweet Truth - Cake and Desserts,Bhatewara nagar,Hinjawadi,₹450 for two,Desserts|Ice Cream|Bakery|Beverages,4.3,1.0K+,8,0.6,True,False,ITEMS,AT ₹69,,4444,https://www.swiggy.com/city/pune/sweet-truth-cake-and-desserts-bhatewara-nagar-hinjawadi-rest261409
2026-09-19 21:12:19,Pune,Hinjewadi,18.5913,73.7389,673425,Wow! Momo,GHS,Hinjawadi,₹300 for two,Momos|Chinese|fastfood|Asian|Beverages,3.8,1.0K+,26,3,True,False,70% OFF,UPTO ₹140,,1776,https://www.swiggy.com/city/pune/wow-momo-ghs-hinjawadi-rest673425
2026-09-19 21:12:19,Pune,Hinjewadi,18.5913,73.7389,777334,Central Khichdi,Mukai Nagar,Hinjewadi,₹139 for two,North Indian|Indian|Snacks|Beverages,4.2,1.6K+,12,1.2,True,True,ITEMS,AT ₹112,,463210,https://www.swiggy.com/city/pune/central-khichdi-mukai-nagar-hinjewadi-rest777334
2026-09-19 21:12:19,Pune,Hinjewadi,18.5913,73.7389,57347,Reddy's Biryani Zone,Marunji Road,Hinjawadi,₹400 for two,Biryani|Hyderabadi|Mughlai|North Indian,4,13K+,11,0.6,True,False,70% OFF,UPTO ₹140,,11490,https://www.swiggy.com/city/pune/reddys-biryani-zone-marunji-road-hinjawadi-rest57347
2026-09-19 21:12:19,Pune,Hinjewadi,18.5913,73.7389,669197,Sky Pizza,Hinjewadi,Hinjawadi,₹150 for two,Pizzas|Pastas|Burgers,4,2.1K+,20,1.2,True,False,60% OFF,UPTO ₹120,,362762,https://www.swiggy.com/city/pune/sky-pizza-hinjewadi-hinjawadi-rest669197
2026-09-19 21:12:19,Pune,Hinjewadi,18.5913,73.7389,698337,Fried Chicken Destination,Jayram Market,Hinjewadi,₹200 for two,Burgers|Snacks|Rolls & Wraps|Fast Food,4.2,2.3K+,24,1.1,True,False,70% OFF,UPTO ₹140,,245841,https://www.swiggy.com/city/pune/fried-chicken-destination-jayram-market-hinjewadi-rest698337
2026-09-19 21:12:19,Pune,Hinjewadi,18.5913,73.7389,419519,Circle Of Crust,Hinjewadi,Hinjawadi,₹500 for two,Pizzas|Italian|Pastas|Desserts|Beverages,4,5.0K+,20,1.1,True,False,70% OFF,UPTO ₹140,,63326,https://www.swiggy.com/city/pune/circle-of-crust-hinjewadi-hinjawadi-rest419519
2026-09-19 21:12:19,Pune,Hinjewadi,18.5913,73.7389,846892,Vishwanath Palace,Pashan,Wakad,₹300 for two,Indian|Chinese|South Indian|Juices|Beverages|Snacks,4.3,2.4K+,23,2.6,True,True,70% OFF,UPTO ₹140,,500343,https://www.swiggy.com/city/pune/vishwanath-palace-pashan-wakad-rest846892
2026-09-19 21:12:19,Pune,Hinjewadi,18.5913,73.7389,26116,Virinda Pav Bhaji (Wakad),Wakad,Wakad,₹200 for two,Fast Food,3.9,10K+,21,3,True,True,70% OFF,UPTO ₹140,,223986,https://www.swiggy.com/city/pune/virinda-pav-bhaji-wakad-wakad-rest26116
2026-09-19 21:12:19,Pune,Hinjewadi,18.5913,73.7389,73272,UFO Fries & Corn (Wakad),Shankar Kalat Nagar,Wakad,₹350 for two,Desserts|Beverages,4,7.3K+,32,3,True,True,ITEMS,AT ₹119,,219109,https://www.swiggy.com/city/pune/ufo-fries-and-corn-wakad-shankar-kalat-nagar-wakad-rest73272
2026-09-19 21:12:19,Pune,Kothrud,18.5074,73.8077,36195,Barometer,Kothrud,Kothrud,₹1100 for two,Indian|Chinese|Continental|American|pan asian|Italian|Beverages,4.6,16K+,33,2.9,True,False,,,,42013,https://www.swiggy.com/city/pune/barometer-kothrud-rest36195
2026-09-19 21:12:19,Pune,Kothrud,18.5074,73.8077,112062,Aroma's Hyderabad House,Warje,Warje,₹500 for two,Biryani|Hyderabadi|Mughlai|Chinese,4.4,33K+,32,5,True,False,ITEMS,AT ₹69,,71,https://www.swiggy.com/city/pune/aromas-hyderabad-house-warje-rest112062
2026-09-19 21:12:19,Pune,Kothrud,18.5074,73.8077,5297,Le Plaisir,Deccan Gymkhana,Kothrud,₹1000 for two,European,4.6,22K+,35,4.3,True,False,,,,759483,https://www.swiggy.com/city/pune/le-plaisir-deccan-gymkhana-kothrud-rest5297
2026-09-19 21:12:19,Pune,Kothrud,18.5074,73.8077,634272,Subway,Karve Road,Paud Road Kothrud,₹350 for two,sandwich|Salads|wrap|Healthy Food,4.4,5.8K+,12,0.4,True,False,ITEMS,AT ₹69,,2,https://www.swiggy.com/city/pune/subway-karve-road-paud-road-kothrud-rest634272
2026-09-19 21:12:19,Pune,Kothrud,18.5074,73.8077,14548,Burger King,Paud Road,Kothrud,₹350 for two,Burgers|American,4.1,78K+,16,1.2,True,False,ITEMS,AT ₹39,,166,https://www.swiggy.com/city/pune/burger-king-paud-road-kothrud-rest14548
2026-09-19 21:12:19,Pune,Kothrud,18.5074,73.8077,23677,McDonald's,Erandwane,Kothrud,₹400 for two,Burgers|Beverages|Cafe|Desserts,4.4,36K+,25,1.2,True,False,ITEMS,AT ₹64,,630,https://www.swiggy.com/city/pune/mcdonalds-erandwane-kothrud-rest23677
2026-09-19 21:12:19,Pune,Kothrud,18.5074,73.8077,752534,KFC,Karishma CHS,Kothrud,₹400 for two,Burgers|Fast Food|Rolls & Wraps,3.9,3.4K+,22,1.7,True,False,50% OFF,,FLAT DEAL,547,https://www.swiggy.com/city/pune/kfc-karishma-chs-kothrud-rest752534
2026-09-19 21:12:19,Pune,Kothrud,18.5074,73.8077,55760,The Belgian Waffle Co.,Kothrud,Kothrud,₹200 for two,Waffle|Desserts|Ice Cream,4.5,9.1K+,22,1.9,True,True,30% OFF,UPTO ₹60,,2233,https://www.swiggy.com/city/pune/the-belgian-waffle-co-kothrud-rest55760
2026-09-19 21:12:19,Pune,Kothrud,18.5074,73.8077,10841,Pizza Hut,Gokhale Business Bay,Kothrud,₹350 for two,Pizzas,4.2,23K+,32,2.7,True,False,50% OFF,,FLAT DEAL,721,https://www.swiggy.com/city/pune/pizza-hut-gokhale-business-bay-kothrud-rest10841
2026-09-19 21:12:19,Pune,Kothrud,18.5074,73.8077,218321,Theobroma,Kothrud,Kothrud,₹400 for two,Bakery|Desserts,4.6,9.8K+,17,2.1,True,False,ITEMS,AT ₹37,,1040,https://www.swiggy.com/city/pune/theobroma-kothrud-rest218321
2026-09-19 21:12:19,Pune,Kothrud,18.5074,73.8077,49689,Domino's Pizza,Kothrud,Mauje Erandwane,₹400 for two,Pizzas|Italian|Pastas|Desserts,4.3,7.7K+,25,1.5,True,False,50% OFF,,FLAT DEAL,2456,https://www.swiggy.com/city/pune/dominos-pizza-kothrud-mauje-erandwane-rest49689
2026-09-19 21:12:19,Pune,Kothrud,18.5074,73.8077,635860,Baskin Robbins - Ice Cream Desserts,Karve Road,Kothrud,₹250 for two,Desserts|Ice Cream,4.6,664,16,1.2,True,True,ITEMS,AT ₹15,,5588,https://www.swiggy.com/city/pune/baskin-robbins-ice-cream-desserts-karve-road-kothrud-rest635860
2026-09-19 21:12:19,Pune,Kothrud,18.5074,73.8077,562873,Taco Bell,Prabhat Road,F.C. Road,₹300 for two,Mexican|Fast Food|Snacks,4.1,4.6K+,34,4.7,True,False,65% OFF,UPTO ₹125,,1557,https://www.swiggy.com/city/pune/taco-bell-prabhat-road-f-c-road-rest562873
2026-09-19 21:12:19,Pune,Kothrud,18.5074,73.8077,659799,Wendy's Burgers,Law College Road,Erandwane,₹200 for two,Burgers|Fast Food|wrap,4.3,8.0K+,29,3,True,False,ITEMS,AT ₹59,,972,https://www.swiggy.com/city/pune/wendys-burgers-law-college-road-erandwane-rest659799
2026-09-19 21:12:19,Pune,Kothrud,18.5074,73.8077,834978,Good Flippin' Burgers,Senapati Bapat Road,Pavilion Mall,₹600 for two,Burgers|American|Fast Food|Beverages|Wraps|Coffee,4.5,2.2K+,31,5.8,True,False,ITEMS,AT ₹195,,11748,https://www.swiggy.com/city/pune/good-flippin-burgers-senapati-bapat-road-pavilion-mall-rest834978
2026-09-19 21:12:19,Pune,Kothrud,18.5074,73.8077,429523,Bikkgane Biryani,Guruganesh Nagar,Kothrud,₹350 for two,Biryani| Hyderabadi| Andhra| Lucknowi| Kolkata| Desserts|Beverages,4.3,8.4K+,18,1.2,True,False,65% OFF,UPTO ₹125,,5070,https://www.swiggy.com/city/pune/bikkgane-biryani-guruganesh-nagar-kothrud-rest429523
2026-09-19 21:12:19,Pune,Kothrud,18.5074,73.8077,489275,Biryani By Kilo,Bhusari Colony,Kothrud,₹600 for two,Biryani|Hyderabadi|North Indian|Kebabs|Mughlai|Desserts,4,2.1K+,28,1.2,True,False,ITEMS,AT ₹149,,130,https://www.swiggy.com/city/pune/biryani-by-kilo-bhusari-colony-kothrud-rest489275
2026-09-19 21:12:19,Pune,Kothrud,18.5074,73.8077,326933,Big Bowl,Late GA Kulkarni Path,Kothrud,₹300 for two,Chinese|Tibetan|Desserts,4.3,4.4K+,28,2,True,False,70% OFF,UPTO ₹140,,434792,https://www.swiggy.com/city/pune/big-bowl-late-ga-kulkarni-path-kothrud-rest326933
2026-09-19 21:12:19,Pune,Kothrud,18.5074,73.8077,613996,Chinese Wok,Paud Road,Kothrud,₹250 for two,Chinese|Pan-Asian|Tibetan,4.4,4.6K+,27,2,True,False,70% OFF,UPTO ₹140,,61955,https://www.swiggy.com/city/pune/chinese-wok-paud-road-kothrud-rest613996
2026-09-19 21:12:19,Pune,Kothrud,18.5074,73.8077,226432,Wow! China,Kothrud,Kothrud,₹300 for two,Chinese|Asian|fastfood|Beverages|Snacks,3.9,3.8K+,25,2.1,True,False,70% OFF,UPTO ₹140,,226836,https://www.swiggy.com/city/pune/wow-china-kothrud-rest226432
2026-09-19 21:12:19,Pune,Kothrud,18.5074,73.8077,101442,Shri Swami Samartha Pure Veg,Kothrud,Kothrud,₹200 for two,North Indian|Chinese|pav bhaji|Biryani|Beverages|Desert ,4.1,24K+,12,0.3,True,True,70% OFF,UPTO ₹140,,187092,https://www.swiggy.com/city/pune/shri-swami-samartha-pure-veg-kothrud-rest101442
2026-09-19 21:12:19,Pune,Kothrud,18.5074,73.8077,1057681,Nashville Fried Chicken - NFC,VENTURE IT PARK,KOTHRUD,₹350 for two,American|Burgers|Fast Food,4.2,342,27,1.2,True,False,ITEMS,AT ₹395,,464434,https://www.swiggy.com/city/pune/nashville-fried-chicken-nfc-venture-it-park-kothrud-rest1057681
2026-09-19 21:12:19,Pune,Kothrud,18.5074,73.8077,936930,Delhi Chaap & Curries,Kothrud,Kothrud,₹400 for two,North Indian|Rolls & Wraps|Fast Food|Snacks|Street Food|Punjabi,4.3,1.2K+,23,1.7,True,True,10% OFF,UPTO ₹40,,549588,https://www.swiggy.com/city/pune/delhi-chaap-and-curries-kothrud-rest936930
2026-09-19 21:12:19,Pune,Kothrud,18.5074,73.8077,15121,Sudit Su's Chinese,Kothrud,Kothrud,₹350 for two,Chinese|North Indian|Kebabs,4.1,7.2K+,23,2.1,True,False,ITEMS,AT ₹30,,4291,https://www.swiggy.com/city/pune/sudit-sus-chinese-kothrud-rest15121
2026-09-19 21:12:19,Pune,Kothrud,18.5074,73.8077,62408,Jayesh A1 Sandwiches,Kothrud,Kothrud,₹200 for two,Fast Food|Pizzas|Burgers|sandwich|Beverages,4.5,11K+,28,1.8,True,True,ITEMS,AT ₹49,,110376,https://www.swiggy.com/city/pune/jayesh-a1-sandwiches-kothrud-rest62408
2026-09-19 21:12:19,Pune,Kothrud,18.5074,73.8077,120807,Cafe Arabia,Kothrud,Kothrud,₹400 for two,shawarma|Rolls & Wraps|Lebanese|Arabian|Fast Food|Middle Eastern|Salad|healthy|Mediterranean,4.3,7.0K+,19,1,True,False,₹200 OFF,ABOVE ₹699,FLAT DEAL,177,https://www.swiggy.com/city/pune/cafe-arabia-kothrud-rest120807
2026-09-19 21:12:19,Pune,Kothrud,18.5074,73.8077,4086,RushHrs,Paud Road,Kothrud,₹249 for two,American|Burgers|Salads|Fast Food|Desserts|Healthy Food|Beverages,4.3,13K+,21,1.2,True,False,70% OFF,UPTO ₹140,,791,https://www.swiggy.com/city/pune/rushhrs-paud-road-kothrud-rest4086
2026-09-19 21:12:19,Pune,Viman Nagar,18.5679,73.9143,36172,Shiv Sagar,Clover Park,Viman Nagar,₹300 for two,North Indian|South Indian|Snacks|Pizzas|Fast Food|Beverages|Chinese,4.3,45K+,20,0.6,True,True,70% OFF,UPTO ₹140,,845,https://www.swiggy.com/city/pune/shiv-sagar-clover-park-viman-nagar-rest36172
2026-09-19 21:12:19,Pune,Viman Nagar,18.5679,73.9143,25462,Domino's Pizza,Konark Nagar,Viman Nagar,₹400 for two,Pizzas|Italian|Pastas|Desserts,4,20K+,25,0.3,True,False,50% OFF,,FLAT DEAL,2456,https://www.swiggy.com/city/pune/dominos-pizza-konark-nagar-viman-nagar-rest25462
2026-09-19 21:12:19,Pune,Viman Nagar,18.5679,73.9143,188935,Theobroma,Viman Nagar,Viman Nagar,₹400 for two,Bakery|Desserts,4.5,7.9K+,9,0.3,True,False,ITEMS,AT ₹37,,1040,https://www.swiggy.com/city/pune/theobroma-viman-nagar-rest188935
2026-09-19 21:12:19,Pune,Viman Nagar,18.5679,73.9143,8777,Subway,VIMAN NAGAR,Town Square Shopping Centre,₹350 for two,sandwich|Salads|wrap|Healthy Food,4.2,26K+,13,0.7,True,False,ITEMS,AT ₹69,,2,https://www.swiggy.com/city/pune/subway-viman-nagar-town-square-shopping-centre-rest8777
2026-09-19 21:12:19,Pune,Viman Nagar,18.5679,73.9143,16064,KFC,Viman Nagar,Viman Nagar,₹400 for two,Burgers|Fast Food|Rolls & Wraps,4.1,18K+,27,0.8,True,False,50% OFF,,FLAT DEAL,547,https://www.swiggy.com/city/pune/kfc-viman-nagar-rest16064
2026-09-19 21:12:19,Pune,Viman Nagar,18.5679,73.9143,35788,The Belgian Waffle Co.,Viman Nagar,Viman Nagar,₹200 for two,Waffle|Desserts|Ice Cream,4.5,13K+,16,0.9,True,True,30% OFF,UPTO ₹60,,2233,https://www.swiggy.com/city/pune/the-belgian-waffle-co-viman-nagar-rest35788
2026-09-19 21:12:19,Pune,Viman Nagar,18.5679,73.9143,65583,McDonald's,Phoenix Market city,Viman Nagar,₹400 for two,Burgers|Beverages|Cafe|Desserts,4.5,23K+,23,0.8,True,False,ITEMS,AT ₹64,,630,https://www.swiggy.com/city/pune/mcdonalds-phoenix-market-city-viman-nagar-rest65583
2026-09-19 21:12:19,Pune,Viman Nagar,18.5679,73.9143,5928,Burger King,Phoenix Market city,Viman Nagar,₹350 for two,Burgers|American,4,44K+,27,0.8,True,False,ITEMS,AT ₹39,,166,https://www.swiggy.com/city/pune/burger-king-phoenix-market-city-viman-nagar-rest5928
2026-09-19 21:12:19,Pune,Viman Nagar,18.5679,73.9143,651013,Pizza Hut,Lohegaon,Viman Nagar,₹350 for two,Pizzas,4.2,2.6K+,27,2.8,True,False,50% OFF,,FLAT DEAL,721,https://www.swiggy.com/city/pune/pizza-hut-lohegaon-viman-nagar-rest651013
2026-09-19 21:12:19,Pune,Viman Nagar,18.5679,73.9143,864947,Bakingo,Galande Nagar,"Wadagaon Sheri, Haveli",₹299 for two,Bakery|Desserts|Beverages|Snacks,4.4,5.1K+,25,4.5,True,False,ITEMS,AT ₹79,,3818,https://www.swiggy.com/city/pune/bakingo-galande-nagar-wadagaon-sheri-haveli-rest864947
2026-09-19 21:12:19,Pune,Viman Nagar,18.5679,73.9143,156139,The Good Bowl,Sakore Nagar,Viman Nagar,₹400 for two,Biryani|North Indian|Pastas|Punjabi|Desserts|Beverages,4.2,4.0K+,23,0.4,True,False,ITEMS,AT ₹99,,7918,https://www.swiggy.com/city/pune/the-good-bowl-sakore-nagar-viman-nagar-rest156139
2026-09-19 21:12:19,Pune,Viman Nagar,18.5679,73.9143,191348,The Biryani Life,Rosary School,Viman Nagar,₹250 for two,Biryani|Mughlai|Lucknowi|Hyderabadi|Kebabs|Desserts|Beverages,4.3,1.8K+,21,0.4,True,False,70% OFF,UPTO ₹140,,8496,https://www.swiggy.com/city/pune/the-biryani-life-rosary-school-viman-nagar-rest191348
2026-09-19 21:12:19,Pune,Viman Nagar,18.5679,73.9143,428991,Bikkgane Biryani,Konark Nagar,Viman Nagar,₹350 for two,Biryani| Hyderabadi| Andhra| Lucknowi| Kolkata| Desserts|Beverages,4.2,11K+,18,0.4,True,False,65% OFF,UPTO ₹125,,5070,https://www.swiggy.com/city/pune/bikkgane-biryani-konark-nagar-viman-nagar-rest428991
2026-09-19 21:12:19,Pune,Viman Nagar,18.5679,73.9143,71871,Sweet Truth - Cake and Desserts,Rosary School,Viman Nagar,₹450 for two,Desserts|Ice Cream|Bakery|Beverages,4.4,2.0K+,15,0.4,True,False,ITEMS,AT ₹69,,4444,https://www.swiggy.com/city/pune/sweet-truth-cake-and-desserts-rosary-school-viman-nagar-rest71871
2026-09-19 21:12:19,Pune,Viman Nagar,18.5679,73.9143,722840,Chinese Wok,Nagar Road,Phoenix Marketcity Mall,₹250 for two,Chinese|Asian|Tibetan|Desserts,4.2,1.2K+,32,0.8,True,False,70% OFF,UPTO ₹140,,61955,https://www.swiggy.com/city/pune/chinese-wok-nagar-road-phoenix-marketcity-mall-rest722840
2026-09-19 21:12:19,Pune,Viman Nagar,18.5679,73.9143,691730,Big Bowl,Fortaleza,Kalyani Nagar,₹250 for two,North Indian|Chinese|Tibetan|Desserts,4.3,2.5K+,36,3,True,False,70% OFF,UPTO ₹140,,434792,https://www.swiggy.com/city/pune/big-bowl-fortaleza-kalyani-nagar-rest691730
2026-09-19 21:12:19,Pune,Viman Nagar,18.5679,73.9143,681514,LeanCrust Pizza- ThinCrust Experts,Haveli,Viman Nagar,₹300 for two,Pizzas|Italian|Desserts,4.8,739,25,0.5,True,False,ITEMS,AT ₹149,,11216,https://www.swiggy.com/city/pune/leancrust-pizza-thincrust-experts-haveli-viman-nagar-rest681514
2026-09-19 21:12:19,Pune,Viman Nagar,18.5679,73.9143,391085,ZAZA Mughal Biryani,Konark Industrial Estate,Viman Nagar,₹250 for two,Biryani|North Indian|Awadhi,4.6,869,25,0.5,True,False,70% OFF,UPTO ₹140,,22473,https://www.swiggy.com/city/pune/zaza-mughal-biryani-konark-industrial-estate-viman-nagar-rest391085
2026-09-19 21:12:19,Pune,Viman Nagar,18.5679,73.9143,643737,"WeFit - Protein Bowls, Salads & Sandwiches",Konark Industrial Estate,Dhankawadi,₹250 for two,Healthy Food|Salads|Keto|Snacks,4.8,984,25,0.5,True,False,ITEMS,AT ₹119,,355285,https://www.swiggy.com/city/pune/wefit-protein-bowls-salads-and-sandwiches-konark-industrial-estate-dhankawadi-rest643737
2026-09-19 21:12:19,Pune,Viman Nagar,18.5679,73.9143,622104,MOJO Pizza - 2X Toppings,Konark Industrial Estate,Viman Nagar,₹250 for two,Pizzas|Italian|Fast Food|Desserts,4.8,1.2K+,25,0.5,True,False,ITEMS,AT ₹99,,11329,https://www.swiggy.com/city/pune/mojo-pizza-2x-toppings-konark-industrial-estate-viman-nagar-rest622104
2026-09-19 21:12:19,Pune,Viman Nagar,18.5679,73.9143,477231,Veera Da Chaap,Viman Nagar,Sangamwadi,₹300 for two,Punjabi|Biryani|Indian|Rolls & Wraps|Chinese|Beverages|Combos,4.2,1.4K+,18,0.4,True,True,ITEMS,AT ₹139,,407199,https://www.swiggy.com/city/pune/veera-da-chaap-viman-nagar-sangamwadi-rest477231
2026-09-19 21:12:19,Pune,Viman Nagar,18.5679,73.9143,749079,"Nourishing Farms - Salads, Sandwiches & Wraps",Viman Nagar,Viman Nagar,₹350 for two,Salads|Healthy Food|Snacks|Juices,4.2,1.5K+,15,0.4,True,False,ITEMS,AT ₹149,,764229,https://www.swiggy.com/city/pune/nourishing-farms-salads-sandwiches-and-wraps-viman-nagar-rest749079
2026-09-19 21:12:19,Pune,Viman Nagar,18.5679,73.9143,653941,Ananta Veg,Viman Nagar,Viman Nagar,₹300 for two,North Indian|Thalis|South Indian|Biryani|Rolls & Wraps|Pizzas|Chinese|Desserts|Beverages|Indian,4.2,1.5K+,24,1.9,True,True,ITEMS,AT ₹99,,393444,https://www.swiggy.com/city/pune/ananta-veg-viman-nagar-rest653941
2026-09-19 21:12:19,Pune,Viman Nagar,18.5679,73.9143,799649,RushHrs,Nehrunagar,Viman Nagar,₹250 for two,Burgers|American|Rolls & Wraps|Beverages|Fast Food|Salads|Desserts,4.4,1.4K+,19,0.9,True,False,70% OFF,UPTO ₹140,,791,https://www.swiggy.com/city/pune/rushhrs-nehrunagar-viman-nagar-rest799649
2026-09-19 21:12:19,Pune,Viman Nagar,18.5679,73.9143,316124,New Naaz Caterers Biryani House,Balaji Udhayam Nagar, Wadgaon Sheri ,₹250 for two,Biryani|North Indian|Mughlai|Combos|Fast Food|Indian,4.2,3.5K+,18,2.9,True,False,ITEMS,AT ₹99,,147367,https://www.swiggy.com/city/pune/new-naaz-caterers-biryani-house-balaji-udhayam-nagar-wadgaon-sheri-rest316124
2026-09-19 21:12:19,Pune,Viman Nagar,18.5679,73.9143,26426,Upsouth,Viman Nagar,Viman Nagar,₹250 for two,South Indian,4.4,14K+,23,0.4,True,True,ITEMS,AT ₹119,,22184,https://www.swiggy.com/city/pune/upsouth-viman-nagar-rest26426
2026-09-19 21:12:19,Pune,Viman Nagar,18.5679,73.9143,244365,Aha! Baangali,Viman Nagar,Viman Nagar,₹400 for two,Bengali,4.3,3.2K+,23,0.7,True,False,70% OFF,UPTO ₹140,,22183,https://www.swiggy.com/city/pune/aha-baangali-viman-nagar-rest244365
2026-09-19 21:12:19,Pune,Baner,18.559,73.7868,2053,RushHrs,Baner,Baner,₹250 for two,Burgers|American|Salads|Fast Food|Desserts,4.4,27K+,21,0.3,True,False,70% OFF,UPTO ₹140,,791,https://www.swiggy.com/city/pune/rushhrs-baner-rest2053
2026-09-19 21:12:19,Pune,Baner,18.559,73.7868,333104,Pind Punjab,Baner Road,Baner,₹450 for two,North Indian| Biryani| Mughlai| Punjabi| Indian|Kebabs|Thalis|Chinese|Beverages|Desserts,4,27K+,23,1.6,True,False,70% OFF,UPTO ₹140,,4196,https://www.swiggy.com/city/pune/pind-punjab-road-baner-rest333104
2026-09-19 21:12:19,Pune,Baner,18.559,73.7868,64174,Aroma's Hyderabad House,Balewadi,Baner_Pizza,₹500 for two,Biryani|Hyderabadi|Mughlai|Chinese,4.2,43K+,27,3,True,False,ITEMS,AT ₹69,,71,https://www.swiggy.com/city/pune/aromas-hyderabad-house-balewadi-baner-pizza-rest64174
2026-09-19 21:12:19,Pune,Baner,18.559,73.7868,857414,Bakingo,Aundhgoan,Wing Laxmi Palace Apartment Condominium,₹299 for two,Bakery|Desserts|Beverages|Snacks,4.4,4.0K+,22,2.9,True,False,ITEMS,AT ₹79,,3818,https://www.swiggy.com/city/pune/bakingo-aundhgoan-wing-laxmi-palace-apartment-condominium-rest857414
2026-09-19 21:12:19,Pune,Baner,18.559,73.7868,560795,McDonald's,Kalamkar Chowk,Baner,₹400 for two,Burgers|Beverages|Cafe|Desserts,4.3,8.7K+,17,2,True,False,ITEMS,AT ₹64,,630,https://www.swiggy.com/city/pune/mcdonalds-kalamkar-chowk-baner-rest560795
2026-09-19 21:12:19,Pune,Baner,18.559,73.7868,73434,Pizza Hut,Baner,Baner,₹350 for two,Pizzas,4.1,10K+,22,2.2,True,False,50% OFF,,FLAT DEAL,721,https://www.swiggy.com/city/pune/pizza-hut-baner-rest73434
2026-09-19 21:12:19,Pune,Baner,18.559,73.7868,16058,KFC,Baner Road,Baner,₹400 for two,Burgers|Fast Food|Rolls & Wraps,4,22K+,24,2.2,True,False,50% OFF,,FLAT DEAL,547,https://www.swiggy.com/city/pune/kfc-road-baner-rest16058
2026-09-19 21:12:19,Pune,Baner,18.559,73.7868,12050,Subway,MAHABALESHWAR HOTEL,Baner,₹350 for two,sandwich|Salads|wrap|Healthy Food,4.2,22K+,15,1.7,True,False,ITEMS,AT ₹69,,2,https://www.swiggy.com/city/pune/subway-mahabaleshwar-hotel-baner-rest12050
2026-09-19 21:12:19,Pune,Baner,18.559,73.7868,238146,Theobroma,Baner,Baner,₹400 for two,Bakery|Desserts,4.5,10K+,13,2.3,True,False,ITEMS,AT ₹37,,1040,https://www.swiggy.com/city/pune/theobroma-baner-rest238146
2026-09-19 21:12:19,Pune,Baner,18.559,73.7868,35790,The Belgian Waffle Co.,Bibwewadi,Balewadi,₹200 for two,Waffle|Desserts|Ice Cream|Beverages,4.6,10K+,18,2.3,True,True,,,,2233,https://www.swiggy.com/city/pune/the-belgian-waffle-co-bibwewadi-balewadi-rest35790
2026-09-19 21:12:19,Pune,Baner,18.559,73.7868,24404,Domino's Pizza,Baner,Vidhate Vasti,₹400 for two,Pizzas|Italian|Pastas|Desserts,3.9,17K+,25,1.7,True,False,50% OFF,,FLAT DEAL,2456,https://www.swiggy.com/city/pune/dominos-pizza-baner-vidhate-vasti-rest24404
2026-09-19 21:12:19,Pune,Baner,18.559,73.7868,565123,Burger King,Balewadi,Baner,₹350 for two,Burgers|American,4.1,15K+,17,2.8,True,False,ITEMS,AT ₹39,,166,https://www.swiggy.com/city/pune/burger-king-balewadi-baner-rest565123
2026-09-19 21:12:19,Pune,Baner,18.559,73.7868,576808,La Pino'z Pizza,Rahatani Road,Pimple Saudagar,₹500 for two,Pizzas|Pastas|Italian|Desserts|Beverages,3.9,5.3K+,33,6.7,True,False,ITEMS,AT ₹69,,4961,https://www.swiggy.com/city/pune/la-pinoz-pizza-rahatani-road-pimple-saudagar-rest576808
2026-09-19 21:12:19,Pune,Baner,18.559,73.7868,474908,Big Bowl,Kalamkar Avenue,Baner,₹250 for two,Chinese|Tibetan|Desserts,4.1,1.9K+,17,0.3,True,False,70% OFF,UPTO ₹140,,434792,https://www.swiggy.com/city/pune/big-bowl-kalamkar-avenue-baner-rest474908
2026-09-19 21:12:19,Pune,Baner,18.559,73.7868,479583,Chinese Wok,Kalamkar Avenue,Baner,₹250 for two,Chinese|Asian|Tibetan|Desserts,4.1,6.4K+,20,0.2,True,False,70% OFF,UPTO ₹140,,61955,https://www.swiggy.com/city/pune/chinese-wok-kalamkar-avenue-baner-rest479583
2026-09-19 21:12:19,Pune,Baner,18.559,73.7868,427518,Taco Bell,Baner,Baner,₹300 for two,Mexican|Fast Food|Snacks,4.3,4.3K+,23,2.8,True,False,65% OFF,UPTO ₹125,,1557,https://www.swiggy.com/city/pune/taco-bell-baner-rest427518
2026-09-19 21:12:19,Pune,Baner,18.559,73.7868,382883,Baskin Robbins - Ice Cream Desserts,Marutirao Gaikwad Nagar,Aundh,₹300 for two,Ice Cream,4.6,722,17,2.7,True,True,ITEMS,AT ₹15,,5588,https://www.swiggy.com/city/pune/baskin-robbins-ice-cream-desserts-marutirao-gaikwad-nagar-aundh-rest382883
2026-09-19 21:12:19,Pune,Baner,18.559,73.7868,622093,MOJO Pizza - 2X Toppings,Shroff suyash mall,Baner,₹250 for two,Pizzas|Italian|Fast Food|Desserts,4.4,1.3K+,25,1.4,True,False,ITEMS,AT ₹99,,11329,https://www.swiggy.com/city/pune/mojo-pizza-2x-toppings-shroff-suyash-mall-baner-rest622093
2026-09-19 21:12:19,Pune,Baner,18.559,73.7868,643726,"WeFit - Protein Bowls, Salads & Sandwiches",Shroff suyash mall,Vashi,₹250 for two,Healthy Food|Salads|Keto|Snacks,4.6,933,25,1.4,True,False,ITEMS,AT ₹119,,355285,https://www.swiggy.com/city/pune/wefit-protein-bowls-salads-and-sandwiches-shroff-suyash-mall-vashi-rest643726
2026-09-19 21:12:19,Pune,Baner,18.559,73.7868,589863,CakeZone Patisserie,Parkhe Mala,Blue Paradise,₹200 for two,Bakery|Desserts|Sweets|Ice Cream,4.2,3.7K+,21,1.4,True,False,70% OFF,UPTO ₹140,,7003,https://www.swiggy.com/city/pune/cakezone-patisserie-parkhe-mala-blue-paradise-rest589863
2026-09-19 21:12:19,Pune,Baner,18.559,73.7868,1023186,Gurudatta mess,Swargate,Baner,₹250 for two,Maharashtrian,4.4,543,13,0.2,True,False,ITEMS,AT ₹119,,598029,https://www.swiggy.com/city/pune/gurudatta-mess-swargate-baner-rest1023186
2026-09-19 21:12:19,Pune,Baner,18.559,73.7868,1029575,Nashville Fried Chicken - NFC,GAYATRI APPARTMENT,BANER,₹350 for two,American|Burgers|Fast Food,4.1,221,30,1.1,True,False,ITEMS,AT ₹395,,464434,https://www.swiggy.com/city/pune/nashville-fried-chicken-nfc-gayatri-appartment-baner-rest1029575
2026-09-19 21:12:19,Pune,Baner,18.559,73.7868,978531,Sattva Pure Veg Restaurant,Baner,Baner,₹350 for two,North Indian|Beverages|Juices|Desserts|Chinese|Salads|Snacks|Pizzas|Pastas|South Indian,3.9,226,18,0.6,True,True,70% OFF,UPTO ₹140,,572101,https://www.swiggy.com/city/pune/sattva-pure-veg-restaurant-baner-rest978531
2026-09-19 21:12:19,Pune,Baner,18.559,73.7868,39629,Two Sticks,Baner,Baner,₹300 for two,Chinese|Thai|Oriental|Japanese|Seafood|Asian,4.2,10K+,26,1.4,True,False,,,,218743,https://www.swiggy.com/city/pune/two-sticks-baner-rest39629
2026-09-19 21:12:19,Pune,Baner,18.559,73.7868,46332,HealthyBee,Alacrity Commercial Complex,Baner,₹300 for two,Healthy Food|Salads|Punjabi|Snacks|Juices,4.3,12K+,24,1.7,True,False,25% OFF,,FLAT DEAL,6236,https://www.swiggy.com/city/pune/healthybee-alacrity-commercial-complex-baner-rest46332
2026-09-19 21:12:19,Pune,Baner,18.559,73.7868,901005,"Nourishing Farms - Salads, Sandwiches & Wraps",Baner,Baner,₹400 for two,Salads|Healthy Food|sandwich|Beverages|Juices,4.1,1.0K+,17,1.4,True,False,70% OFF,UPTO ₹140,,764229,https://www.swiggy.com/city/pune/nourishing-farms-salads-sandwiches-and-wraps-baner-rest901005
2026-09-19 21:12:19,Pune,Baner,18.559,73.7868,391463,Fried Chicken Destination,Aundh,Pune Municipal Corporation,₹200 for two,Burgers|American|Fast Food|Snacks,4.1,8.3K+,20,0.7,True,False,70% OFF,UPTO ₹140,,245841,https://www.swiggy.com/city/pune/fried-chicken-destination-aundh-pune-municipal-corporation-rest391463
2026-09-19 21:12:19,Pune,Hadapsar,18.5089,73.926,2494,RushHrs,Mega center,Magarpatta City,₹250 for two,American|Burgers|Healthy Food|Salads|Fast Food|Desserts|Beverages,4.4,24K+,25,1.4,True,False,70% OFF,UPTO ₹140,,791,https://www.swiggy.com/city/pune/rushhrs-mega-center-magarpatta-city-rest2494
2026-09-19 21:12:19,Pune,Hadapsar,18.5089,73.926,14777,Pizza Hut,Hadapsar,Hadapsar,₹350 for two,Pizzas,4.2,8.4K+,21,1.4,True,False,50% OFF,,FLAT DEAL,721,https://www.swiggy.com/city/pune/pizza-hut-hadapsar-rest14777
2026-09-19 21:12:19,Pune,Hadapsar,18.5089,73.926,864947,Bakingo,Galande Nagar,"Wadagaon Sheri, Haveli",₹299 for two,Bakery|Desserts|Beverages|Snacks,4.4,5.1K+,26,4.9,True,False,ITEMS,AT ₹79,,3818,https://www.swiggy.com/city/pune/bakingo-galande-nagar-wadagaon-sheri-haveli-rest864947
2026-09-19 21:12:19,Pune,Hadapsar,18.5089,73.926,296649,KFC,Magarpatta City,Magarpatta,₹400 for two,Burgers|Fast Food|Rolls & Wraps,4.2,5.2K+,32,1.8,True,False,50% OFF,,FLAT DEAL,547,https://www.swiggy.com/city/pune/kfc-city-magarpatta-rest296649
2026-09-19 21:12:19,Pune,Hadapsar,18.5089,73.926,686340,The Belgian Waffle Co.,MAGARPATTA CITY,SEASONS MALL,₹200 for two,Waffle|Desserts|Ice Cream,4.6,755,35,1.8,True,True,30% OFF,UPTO ₹60,,2233,https://www.swiggy.com/city/pune/the-belgian-waffle-co-magarpatta-city-seasons-mall-rest686340
2026-09-19 21:12:19,Pune,Hadapsar,18.5089,73.926,14014,Burger King,Season Mall,Hadapsar,₹350 for two,Burgers|American,4.1,34K+,35,1.8,True,False,ITEMS,AT ₹39,,166,https://www.swiggy.com/city/pune/burger-king-season-mall-hadapsar-rest14014
2026-09-19 21:12:19,Pune,Hadapsar,18.5089,73.926,358845,Theobroma,Magarpatta,Magarpatta City,₹400 for two,Bakery|Desserts,4.4,9.2K+,16,1.7,True,False,ITEMS,AT ₹37,,1040,https://www.swiggy.com/city/pune/theobroma-magarpatta-magarpatta-city-rest358845
2026-09-19 21:12:19,Pune,Hadapsar,18.5089,73.926,24421,Domino's Pizza,Baner,Hadapsar,₹400 for two,Pizzas|Italian|Pastas|Desserts,4.3,23K+,25,1.7,True,False,50% OFF,,FLAT DEAL,2456,https://www.swiggy.com/city/pune/dominos-pizza-baner-hadapsar-rest24421
2026-09-19 21:12:19,Pune,Hadapsar,18.5089,73.926,23711,McDonald's,Season Mall,Magarpatta,₹400 for two,Burgers|Beverages|Cafe|Desserts,4.4,28K+,38,1.8,True,False,ITEMS,AT ₹64,,630,https://www.swiggy.com/city/pune/mcdonalds-season-mall-magarpatta-rest23711
2026-09-19 21:12:19,Pune,Hadapsar,18.5089,73.926,9383,Subway,Mariplex Mall,Kalyani Nagar,₹350 for two,sandwich|Salads|wrap|Healthy Food,4.2,15K+,27,5,True,False,20% OFF,UPTO ₹50,,2,https://www.swiggy.com/city/pune/subway-mariplex-mall-kalyani-nagar-rest9383
2026-09-19 21:12:19,Pune,Hadapsar,18.5089,73.926,506109,Baskin Robbins - Ice Cream Desserts,Magarpatta City,Magarpatta City,₹250 for two,Desserts|Ice Cream,3.7,183,28,1.8,True,True,ITEMS,AT ₹15,,5588,https://www.swiggy.com/city/pune/baskin-robbins-ice-cream-desserts-magarpatta-city-rest506109
2026-09-19 21:12:19,Pune,Hadapsar,18.5089,73.926,575286,Wendy's Burgers,SADESATARA NALI,Hadapsar,₹200 for two,Burgers|Fast Food|wrap,4.3,4.6K+,27,3.5,True,False,ITEMS,AT ₹59,,972,https://www.swiggy.com/city/pune/wendys-burgers-sadesatara-nali-hadapsar-rest575286
2026-09-19 21:12:19,Pune,Hadapsar,18.5089,73.926,5128,Deccan Harvest,Hadapsar,Hadapsar,₹800 for two,North Indian|Continental|Chinese|Tandoor|Punjabi|Italian-American|Desserts|Beverages,4.5,3.9K+,20,0.3,True,False,70% OFF,UPTO ₹140,,69353,https://www.swiggy.com/city/pune/deccan-harvest-hadapsar-rest5128
2026-09-19 21:12:19,Pune,Hadapsar,18.5089,73.926,16846,Behrouz Biryani,Hadapsar,Magarpatta,₹500 for two,Biryani|North Indian|Kebabs|Mughlai|Beverages|Desserts,4.3,15K+,29,3.5,True,False,65% OFF,UPTO ₹125,,1803,https://www.swiggy.com/city/pune/behrouz-biryani-hadapsar-magarpatta-rest16846
2026-09-19 21:12:19,Pune,Hadapsar,18.5089,73.926,18806,"Faasos - Wraps, Rolls & Shawarma",Hadapsar,Magarpatta,₹200 for two,Wraps|rolls|Fast Food|Burger|shawarma|Rice Bowls,4.3,23K+,30,3.5,True,False,65% OFF,UPTO ₹125,,21809,https://www.swiggy.com/city/pune/faasos-wraps-rolls-and-shawarma-hadapsar-magarpatta-rest18806
2026-09-19 21:12:19,Pune,Hadapsar,18.5089,73.926,62932,LunchBox - Meals and Thalis,Hadapsar,Magarpatta,₹200 for two,Thalis|North Indian|Biryani,4.4,10K+,30,3.5,True,False,ITEMS,AT ₹99,,4925,https://www.swiggy.com/city/pune/lunchbox-meals-and-thalis-hadapsar-magarpatta-rest62932
2026-09-19 21:12:19,Pune,Hadapsar,18.5089,73.926,69944,NIC Ice Creams,Suddhi Vinayak Angan,Sasane Nagar,₹120 for two,Ice Cream|Desserts,4.7,17K+,15,3,True,True,70% OFF,UPTO ₹140,,6249,https://www.swiggy.com/city/pune/nic-ice-creams-suddhi-vinayak-angan-sasane-nagar-rest69944
2026-09-19 21:12:19,Pune,Hadapsar,18.5089,73.926,32452,Natural Ice Cream,Magarpatta Road,Hadapsar,₹150 for two,Ice Cream|Desserts,4.6,9.9K+,16,2.3,True,True,20% OFF,UPTO ₹50,,2093,https://www.swiggy.com/city/pune/natural-ice-cream-magarpatta-road-hadapsar-rest32452
2026-09-19 21:12:19,Pune,Hadapsar,18.5089,73.926,2744,"Rolls Mania - Rolls, Wraps & More",Magarpatta City,Magarpatta City,₹200 for two,Rolls & Wraps|Fast Food|Snacks|Beverages,4.4,19K+,17,0.5,True,False,ITEMS,AT ₹79,,514939,https://www.swiggy.com/city/pune/rolls-mania-rolls-wraps-and-more-magarpatta-city-rest2744
2026-09-19 21:12:19,Pune,Hadapsar,18.5089,73.926,35871,Sweet Truth - Cake and Desserts,Hadapsar,Magarpatta,₹450 for two,Desserts|Ice Cream|Bakery|Beverages,4.2,3.0K+,21,3.5,True,False,ITEMS,AT ₹69,,4444,https://www.swiggy.com/city/pune/sweet-truth-cake-and-desserts-hadapsar-magarpatta-rest35871
2026-09-19 21:12:19,Pune,Hadapsar,18.5089,73.926,623917,Tasty Punjab Salunke Vihar,Kedari Nagar,Magarpatta,₹200 for two,North Indian|Biryani|Chinese|Punjabi|Tandoor|Thalis|Street Food,3.9,3.0K+,23,1.5,True,False,70% OFF,UPTO ₹140,,371085,https://www.swiggy.com/city/pune/tasty-punjab-salunke-vihar-kedari-nagar-magarpatta-rest623917
2026-09-19 21:12:19,Pune,Hadapsar,18.5089,73.926,12826,Tasty Punjab,Magarpatta,Magarpatta City,₹350 for two,Biryani|Chinese|Punjabi|Tandoor|Thalis|Street Food,3.9,37K+,25,1.5,True,False,70% OFF,UPTO ₹140,,14346,https://www.swiggy.com/city/pune/tasty-punjab-magarpatta-magarpatta-city-rest12826
2026-09-19 21:12:19,Pune,Hadapsar,18.5089,73.926,1141251,Aroma's Hyderabad House,Magarpatta,Magarpatta,₹500 for two,Chinese|Biryani|Mughlai|Hyderabadi,4.3,2.4K+,28,3,True,False,ITEMS,AT ₹69,,71,https://www.swiggy.com/city/pune/aromas-hyderabad-house-magarpatta-rest1141251
2026-09-19 21:12:19,Pune,Hadapsar,18.5089,73.926,52054,SOUK by Cafe Arabia,Kondhwa,Kondhwa,₹500 for two,Lebanese|Middle Eastern|Mediterranean,4.5,14K+,35,6.9,True,False,₹200 OFF,ABOVE ₹699,FLAT DEAL,191171,https://www.swiggy.com/city/pune/souk-by-cafe-arabia-kondhwa-rest52054
2026-09-19 21:12:19,Pune,Hadapsar,18.5089,73.926,964372,Aha! Baangali,Magarpatta,Magarpatta,₹400 for two,Bengali,4.3,766,20,0.8,True,False,ITEMS,AT ₹149,,22183,https://www.swiggy.com/city/pune/aha-baangali-magarpatta-rest964372
2026-09-19 21:12:19,Pune,Hadapsar,18.5089,73.926,333686,Circle Of Crust,Magarpatta City,Magarpatta City,₹500 for two,Pizzas|Italian|Pastas|Desserts|Beverages,4.1,3.3K+,24,2.3,True,False,70% OFF,UPTO ₹140,,63326,https://www.swiggy.com/city/pune/circle-of-crust-magarpatta-city-rest333686
2026-09-19 21:12:19,Pune,Hadapsar,18.5089,73.926,368163,Uncle Kitchen,Amanora Town,Magarpatta,₹280 for two,North Indian|Indian|Snacks|Fast Food,4,771,24,2.6,True,True,ITEMS,AT ₹99,,219443,https://www.swiggy.com/city/pune/uncle-kitchen-amanora-town-magarpatta-rest368163
2026-09-19 21:12:19,Pune,Wakad,18.5985,73.7625,2192,Aroma's Hyderabad House,Rahatani Road,Pimple Saudagar,₹500 for two,Biryani|Hyderabadi|Mughlai|Chinese,4.3,115K+,26,4.4,True,False,ITEMS,AT ₹69,,71,https://www.swiggy.com/city/pune/aromas-hyderabad-house-rahatani-road-pimple-saudagar-rest2192
2026-09-19 21:12:19,Pune,Wakad,18.5985,73.7625,24444,Domino's Pizza,Wakad,Wakad,₹400 for two,Pizzas|Italian|Pastas|Desserts,4.4,17K+,25,0.4,True,False,50% OFF,,FLAT DEAL,2456,https://www.swiggy.com/city/pune/dominos-pizza-wakad-rest24444
2026-09-19 21:12:19,Pune,Wakad,18.5985,73.7625,197247,The Belgian Waffle Co.,2nd Phase,Wakad,₹200 for two,Waffle|Desserts|Ice Cream|Beverages,4.3,5.3K+,15,0.5,True,True,30% OFF,UPTO ₹60,,2233,https://www.swiggy.com/city/pune/the-belgian-waffle-co-2nd-phase-wakad-rest197247
2026-09-19 21:12:19,Pune,Wakad,18.5985,73.7625,260823,La Pino'z Pizza,Wakad,Wakad,₹200 for two,Pizzas|Pastas|Italian|Desserts|Beverages,3.9,5.0K+,17,0.9,True,False,ITEMS,AT ₹69,,4961,https://www.swiggy.com/city/pune/la-pinoz-pizza-wakad-rest260823
2026-09-19 21:12:19,Pune,Wakad,18.5985,73.7625,721486,Theobroma,Wakad,Wakad,₹400 for two,Desserts,4.4,2.0K+,11,1.2,True,False,ITEMS,AT ₹37,,1040,https://www.swiggy.com/city/pune/theobroma-wakad-rest721486
2026-09-19 21:12:19,Pune,Wakad,18.5985,73.7625,772299,McDonald's,W Biz,Wakad,₹400 for two,Burgers|Beverages|Cafe|Desserts,4.3,4.9K+,18,2.3,True,False,ITEMS,AT ₹64,,630,https://www.swiggy.com/city/pune/mcdonalds-w-biz-wakad-rest772299
2026-09-19 21:12:19,Pune,Wakad,18.5985,73.7625,441447,Burger King,Suratwala,Hinjawadi,₹350 for two,Burgers|American,3.9,20K+,23,3.6,True,False,ITEMS,AT ₹39,,166,https://www.swiggy.com/city/pune/burger-king-suratwala-hinjawadi-rest441447
2026-09-19 21:12:19,Pune,Wakad,18.5985,73.7625,89140,KFC,Wakad Road,Hinjawadi,₹400 for two,Burgers|Fast Food|Rolls & Wraps,4,19K+,14,2.4,True,False,50% OFF,,FLAT DEAL,547,https://www.swiggy.com/city/pune/kfc-wakad-road-hinjawadi-rest89140
2026-09-19 21:12:19,Pune,Wakad,18.5985,73.7625,36014,Subway,KAILASH HOTEL,Tathawade,₹350 for two,sandwich|Salads|wrap|Healthy Food,4.1,12K+,28,4.4,True,False,ITEMS,AT ₹69,,2,https://www.swiggy.com/city/pune/subway-kailash-hotel-tathawade-rest36014
2026-09-19 21:12:19,Pune,Wakad,18.5985,73.7625,9025,Baskin Robbins - Ice Cream Desserts,Wakad,Wakad,₹200 for two,Ice Cream|Desserts,4.6,5.7K+,9,0.3,True,False,ITEMS,AT ₹15,,5588,https://www.swiggy.com/city/pune/baskin-robbins-ice-cream-desserts-wakad-rest9025
2026-09-19 21:12:19,Pune,Wakad,18.5985,73.7625,562875,Taco Bell,Pimple Saudagar,Pimple Saudagar,₹300 for two,Mexican|Fast Food|Snacks,4.3,4.9K+,27,4,True,False,65% OFF,UPTO ₹125,,1557,https://www.swiggy.com/city/pune/taco-bell-pimple-saudagar-rest562875
2026-09-19 21:12:19,Pune,Wakad,18.5985,73.7625,575285,Wendy's Burgers,Bhatewara nagar,Hinjawadi,₹200 for two,Burgers|Fast Food|wrap,4.3,5.2K+,22,4,True,False,ITEMS,AT ₹59,,972,https://www.swiggy.com/city/pune/wendys-burgers-bhatewara-nagar-hinjawadi-rest575285
2026-09-19 21:12:19,Pune,Wakad,18.5985,73.7625,884157,Good Flippin' Burgers,Chinchwad,PCMC,₹600 for two,Burgers|American|Fast Food|Beverages|Wraps|Coffee,4.5,3.2K+,27,4.7,True,False,ITEMS,AT ₹195,,11748,https://www.swiggy.com/city/pune/good-flippin-burgers-chinchwad-pcmc-rest884157
2026-09-19 21:12:19,Pune,Wakad,18.5985,73.7625,36363,Sweet Truth - Cake and Desserts,Choudhary Park,Wakad,₹450 for two,Desserts|Ice Cream|Bakery|Beverages,4,2.5K+,12,1.2,True,False,ITEMS,AT ₹79,,4444,https://www.swiggy.com/city/pune/sweet-truth-cake-and-desserts-choudhary-park-wakad-rest36363
2026-09-19 21:12:19,Pune,Wakad,18.5985,73.7625,391086,ZAZA Mughal Biryani,Vishnu Dev Nagar,Wakad,₹250 for two,Biryani|North Indian|Awadhi,4.2,759,25,0.8,True,False,70% OFF,UPTO ₹140,,22473,https://www.swiggy.com/city/pune/zaza-mughal-biryani-vishnu-dev-nagar-wakad-rest391086
2026-09-19 21:12:19,Pune,Wakad,18.5985,73.7625,440964,Chaayos Chai+Snacks=Relax,WAKAD,PHOENIX MALL OF THE MILLENNIUM,₹500 for two,Beverages|Chaat|Bakery|Snacks|Street Food|healthy|Home Food|Maharashtrian|Italian|Desserts,4.5,2.2K+,32,0.9,True,False,51% OFF,,FLAT DEAL,281782,https://www.swiggy.com/city/pune/chaayos-chai-snacks-relax-wakad-phoenix-mall-of-the-millennium-rest440964
2026-09-19 21:12:19,Pune,Wakad,18.5985,73.7625,305793,Barbeque Nation,Wakad,Wakad,₹600 for two,North Indian|Barbecue|Kebabs|Biryani|Street Food|Snacks,3.7,2.0K+,36,1.1,True,False,ITEMS,AT ₹149,,2438,https://www.swiggy.com/city/pune/barbeque-nation-wakad-rest305793
2026-09-19 21:12:19,Pune,Wakad,18.5985,73.7625,191308,The Biryani Life,Choudhary Park,Wakad,₹250 for two,Biryani|Mughlai|Lucknowi|Hyderabadi|Kebabs|Desserts|Beverages,4.1,1.8K+,17,1.2,True,False,70% OFF,UPTO ₹140,,8496,https://www.swiggy.com/city/pune/the-biryani-life-choudhary-park-wakad-rest191308
2026-09-19 21:12:19,Pune,Wakad,18.5985,73.7625,755021,Wow! China,Wakad,Shankar kalat nagar,₹300 for two,Chinese|Asian|fastfood|Beverages|Snacks,3.5,717,32,0.9,True,False,70% OFF,UPTO ₹140,,226836,https://www.swiggy.com/city/pune/wow-china-wakad-shankar-kalat-nagar-rest755021
2026-09-19 21:12:19,Pune,Wakad,18.5985,73.7625,156444,The Good Bowl,Choudhary Park,Wakad,₹400 for two,Biryani|Pastas|Punjabi|Desserts|Beverages,4.3,3.4K+,15,1.2,True,False,ITEMS,AT ₹99,,7918,https://www.swiggy.com/city/pune/the-good-bowl-choudhary-park-wakad-rest156444
2026-09-19 21:12:19,Pune,Wakad,18.5985,73.7625,26116,Virinda Pav Bhaji (Wakad),Wakad,Wakad,₹200 for two,Fast Food,3.9,10K+,12,0.2,True,True,70% OFF,UPTO ₹140,,223986,https://www.swiggy.com/city/pune/virinda-pav-bhaji-wakad-wakad-rest26116
2026-09-19 21:12:19,Pune,Wakad,18.5985,73.7625,71436,The Regent Veg Restaurant,Wakad,Wakad,₹600 for two,North Indian|Chinese|Continental,4.2,2.2K+,18,2.1,True,True,70% OFF,UPTO ₹140,,213068,https://www.swiggy.com/city/pune/the-regent-veg-restaurant-wakad-rest71436
2026-09-19 21:12:19,Pune,Wakad,18.5985,73.7625,846892,Vishwanath Palace,Pashan,Wakad,₹300 for two,Indian|Chinese|South Indian|Juices|Beverages|Snacks,4.3,2.4K+,20,1.6,True,True,70% OFF,UPTO ₹140,,500343,https://www.swiggy.com/city/pune/vishwanath-palace-pashan-wakad-rest846892
2026-09-19 21:12:19,Pune,Wakad,18.5985,73.7625,633136,Yokoso - The Bake House,Kaspate Wasti,Wakad,₹200 for two,Bakery|Desserts|Snacks,4.3,1.1K+,15,1.3,True,False,ITEMS,AT ₹97,,379648,https://www.swiggy.com/city/pune/yokoso-the-bake-house-kaspate-wasti-wakad-rest633136
2026-09-19 21:12:19,Pune,Wakad,18.5985,73.7625,73272,UFO Fries & Corn (Wakad),Shankar Kalat Nagar,Wakad,₹350 for two,Desserts|Beverages,4,7.3K+,23,0.7,True,True,ITEMS,AT ₹119,,219109,https://www.swiggy.com/city/pune/ufo-fries-and-corn-wakad-shankar-kalat-nagar-wakad-rest73272
2026-09-19 21:12:19,Pune,Wakad,18.5985,73.7625,745485,Hotel Varhadi,Wakad,Wakad,₹300 for two,North Indian|Maharashtrian|Biryani,3.9,599,19,0.7,True,False,ITEMS,AT ₹56,,378161,https://www.swiggy.com/city/pune/hotel-varhadi-wakad-rest745485
2026-09-19 21:12:19,Pune,Wakad,18.5985,73.7625,55633,HealthyBee,Wakad,Wakad,₹300 for two,Healthy Food|Salads|Punjabi|Snacks|Juices,4.3,13K+,28,1.2,True,False,ITEMS,AT ₹129,,6236,https://www.swiggy.com/city/pune/healthybee-wakad-rest55633
2026-09-19 21:12:19,Pune,Wakad,18.5985,73.7625,60140,KGN Xprs,Wakad,Wakad,₹600 for two,Tandoor|Biryani|North Indian|Chinese,4.1,11K+,16,0.4,True,False,70% OFF,UPTO ₹140,,10145,https://www.swiggy.com/city/pune/kgn-xprs-wakad-rest60140
2026-09-19 21:12:19,Pune,Kharadi,18.5515,73.947,13184,Pind Punjab,Eon IT park Road,Kharadi,₹450 for two,North Indian| Biryani| Mughlai| Punjabi| Indian|Kebabs|Thalis|Chinese|Beverages|Desserts,3.9,41K+,21,1.2,True,False,70% OFF,UPTO ₹140,,4196,https://www.swiggy.com/city/pune/pind-punjab-eon-it-park-road-kharadi-rest13184
2026-09-19 21:12:19,Pune,Kharadi,18.5515,73.947,864947,Bakingo,Galande Nagar,"Wadagaon Sheri, Haveli",₹299 for two,Bakery|Desserts|Beverages|Snacks,4.4,5.1K+,21,3.5,True,False,70% OFF,UPTO ₹140,,3818,https://www.swiggy.com/city/pune/bakingo-galande-nagar-wadagaon-sheri-haveli-rest864947
2026-09-19 21:12:19,Pune,Kharadi,18.5515,73.947,26890,Subway,KHARADI,WTC Kharadi,₹350 for two,sandwich|Salads|wrap|Healthy Food,4.2,15K+,13,0.5,True,False,ITEMS,AT ₹69,,2,https://www.swiggy.com/city/pune/subway-kharadi-wtc-kharadi-rest26890
2026-09-19 21:12:19,Pune,Kharadi,18.5515,73.947,25459,Domino's Pizza,Yashwant Nagar,Tal Haveli,₹400 for two,Pizzas|Italian|Pastas|Desserts,4.3,12K+,25,1,True,False,ITEMS,AT ₹59,,2456,https://www.swiggy.com/city/pune/dominos-pizza-yashwant-nagar-tal-haveli-rest25459
2026-09-19 21:12:19,Pune,Kharadi,18.5515,73.947,487384,La Pino'z Pizza,Kharadi,Kharadi,₹400 for two,Pizzas|Pastas|Italian|Desserts|Beverages,4,5.2K+,18,0.8,True,False,ITEMS,AT ₹69,,4961,https://www.swiggy.com/city/pune/la-pinoz-pizza-kharadi-rest487384
2026-09-19 21:12:19,Pune,Kharadi,18.5515,73.947,74379,McDonald's,Bhalerao Road,Kharadi,₹400 for two,Burgers|Beverages|Cafe|Desserts,4.3,23K+,19,0.8,True,False,ITEMS,AT ₹64,,630,https://www.swiggy.com/city/pune/mcdonalds-bhalerao-road-kharadi-rest74379
2026-09-19 21:12:19,Pune,Kharadi,18.5515,73.947,140832,KFC,Eon Free Zone Road,Kharadi,₹400 for two,Burgers|Fast Food|Rolls & Wraps,3.9,18K+,9,0.8,True,False,70% OFF,UPTO ₹140,,547,https://www.swiggy.com/city/pune/kfc-eon-free-zone-road-kharadi-rest140832
2026-09-19 21:12:19,Pune,Kharadi,18.5515,73.947,31373,Pizza Hut,Kharadi,Kharadi,₹350 for two,Pizzas,3.9,11K+,19,0.7,True,False,70% OFF,UPTO ₹140,,721,https://www.swiggy.com/city/pune/pizza-hut-kharadi-rest31373
2026-09-19 21:12:19,Pune,Kharadi,18.5515,73.947,345940,Theobroma,Kharadi,Kharadi,₹400 for two,Bakery|Desserts,4.4,5.6K+,7,0.8,True,False,ITEMS,AT ₹37,,1040,https://www.swiggy.com/city/pune/theobroma-kharadi-rest345940
2026-09-19 21:12:19,Pune,Kharadi,18.5515,73.947,545865,The Belgian Waffle Co.,Kharadi,Kharadi,₹200 for two,Waffle|Desserts|Ice Cream,4.4,3.0K+,25,1.6,True,True,30% OFF,UPTO ₹60,,2233,https://www.swiggy.com/city/pune/the-belgian-waffle-co-kharadi-rest545865
2026-09-19 21:12:19,Pune,Kharadi,18.5515,73.947,818595,Olio - The Wood Fired Pizzeria,Wadgaon Sheri,Ganesh Nagar,₹300 for two,Pizzas|Pastas|Italian|Fast Food|Snacks|Beverages|Desserts,4,2.2K+,32,3,True,False,70% OFF,UPTO ₹140,,11633,https://www.swiggy.com/city/pune/olio-the-wood-fired-pizzeria-wadgaon-sheri-ganesh-nagar-rest818595
2026-09-19 21:12:19,Pune,Kharadi,18.5515,73.947,77625,Baskin Robbins - Ice Cream Desserts,F Bramha Residences,Wadgaon Sheri,₹200 for two,Desserts,4.5,2.5K+,22,4.1,True,True,ITEMS,AT ₹15,,5588,https://www.swiggy.com/city/pune/baskin-robbins-ice-cream-desserts-f-bramha-residences-wadgaon-sheri-rest77625
2026-09-19 21:12:19,Pune,Kharadi,18.5515,73.947,36172,Shiv Sagar,Clover Park,Viman Nagar,₹300 for two,North Indian|South Indian|Snacks|Pizzas|Fast Food|Beverages|Chinese,4.3,45K+,40,6,True,True,70% OFF,UPTO ₹140,,845,https://www.swiggy.com/city/pune/shiv-sagar-clover-park-viman-nagar-rest36172
2026-09-19 21:12:19,Pune,Kharadi,18.5515,73.947,391079,ZAZA Mughal Biryani,Eon Free Zone Road,Kharadi,₹250 for two,Biryani|North Indian|Awadhi,4.6,1.1K+,25,0.7,True,False,70% OFF,UPTO ₹140,,22473,https://www.swiggy.com/city/pune/zaza-mughal-biryani-eon-free-zone-road-kharadi-rest391079
2026-09-19 21:12:19,Pune,Kharadi,18.5515,73.947,390132,NH1 Bowls - Highway To North,Eon Free Zone Road,Kharadi,₹250 for two,North Indian|Punjabi|Home Food,4.7,1.7K+,25,0.7,True,False,70% OFF,UPTO ₹140,,22452,https://www.swiggy.com/city/pune/nh1-bowls-highway-to-north-eon-free-zone-road-kharadi-rest390132
2026-09-19 21:12:19,Pune,Kharadi,18.5515,73.947,235191,Biryani By Kilo,Yashwant Nagar,Kharadi,₹700 for two,Biryani|Hyderabadi|North Indian|Kebabs|Mughlai|Desserts,3.9,11K+,26,1.8,True,False,70% OFF,UPTO ₹140,,130,https://www.swiggy.com/city/pune/biryani-by-kilo-yashwant-nagar-kharadi-rest235191
2026-09-19 21:12:19,Pune,Kharadi,18.5515,73.947,754377,Wendy's Burgers,PUNE NAGAR ROAD & SANGAMWADI,Kharadi,₹200 for two,Burgers|Fast Food|wrap,4.2,3.6K+,23,1.9,True,False,70% OFF,UPTO ₹140,,972,https://www.swiggy.com/city/pune/wendys-burgers-nagar-road-and-sangamwadi-kharadi-rest754377
2026-09-19 21:12:19,Pune,Kharadi,18.5515,73.947,27808,Natural Ice Cream,Dhole Patil Road,Kharadi,₹150 for two,Ice Cream|Desserts,4.7,6.4K+,7,0.8,True,True,20% OFF,UPTO ₹50,,2093,https://www.swiggy.com/city/pune/natural-ice-cream-dhole-patil-road-kharadi-rest27808
2026-09-19 21:12:19,Pune,Kharadi,18.5515,73.947,242684,NIC Ice Creams,Ubale Nagar,Wagholi,₹120 for two,Desserts|Ice Cream,4.6,4.0K+,18,3.9,True,True,ITEMS,AT ₹42,,6249,https://www.swiggy.com/city/pune/nic-ice-creams-ubale-nagar-wagholi-rest242684
2026-09-19 21:12:19,Pune,Kharadi,18.5515,73.947,394991,Chinese Wok,Kharadi,Kharadi,₹250 for two,Chinese|Asian|Tibetan|Desserts,4,7.3K+,21,1.5,True,False,70% OFF,UPTO ₹140,,61955,https://www.swiggy.com/city/pune/chinese-wok-kharadi-rest394991
2026-09-19 21:12:19,Pune,Kharadi,18.5515,73.947,715929,Pop Tate's,Magarpatta City,Magarpatta City,₹500 for two,Indian|Beverages,4.2,415,49,5.7,True,False,15% OFF,,FLAT DEAL,1264,https://www.swiggy.com/city/pune/pop-tates-magarpatta-city-rest715929
2026-09-19 21:12:19,Pune,Kharadi,18.5515,73.947,437496,Anna's Vada,Kharadi,Kharadi,₹300 for two,South Indian,3.9,4.1K+,15,0.5,True,False,ITEMS,AT ₹99,,466836,https://www.swiggy.com/city/pune/annas-vada-kharadi-rest437496
2026-09-19 21:12:19,Pune,Kharadi,18.5515,73.947,448450,Lalaji Ka Hotel,Kharadi,Kharadi,₹400 for two,Punjabi|Chinese|South Indian|Snacks|Mughlai,3.8,579,20,0.5,True,False,ITEMS,AT ₹109,,123267,https://www.swiggy.com/city/pune/lalaji-ka-hotel-kharadi-rest448450
2026-09-19 21:12:19,Pune,Kharadi,18.5515,73.947,251692,Hotel Rajasthani Rasoi,Kharadi,Kharadi,₹400 for two,Rajasthani,3.6,3.6K+,21,1.3,True,True,,,,101311,https://www.swiggy.com/city/pune/hotel-rajasthani-rasoi-kharadi-rest251692
2026-09-19 21:12:19,Pune,Kharadi,18.5515,73.947,316124,New Naaz Caterers Biryani House,Balaji Udhayam Nagar, Wadgaon Sheri ,₹250 for two,Biryani|North Indian|Mughlai|Combos|Fast Food|Indian,4.2,3.5K+,20,3,True,False,ITEMS,AT ₹99,,147367,https://www.swiggy.com/city/pune/new-naaz-caterers-biryani-house-balaji-udhayam-nagar-wadgaon-sheri-rest316124
2026-09-19 21:12:19,Pune,Kharadi,18.5515,73.947,506179,Fried chicken Destination,Kharadi,Kharadi,₹200 for two,Burgers|American|Snacks|Fast Food|Street Food,4.2,5.1K+,22,1.6,True,False,ITEMS,AT ₹9,,245841,https://www.swiggy.com/city/pune/fried-chicken-destination-kharadi-rest506179
2026-09-19 21:12:19,Pune,Kharadi,18.5515,73.947,251066,Best Belgian waffle,Rakshak Nagar,Kharadi,₹250 for two,Bakery|Desserts|Beverages,4,4.0K+,20,1.2,True,True,70% OFF,UPTO ₹140,,5818,https://www.swiggy.com/city/pune/best-belgian-waffle-rakshak-nagar-kharadi-rest251066
2026-09-19 21:12:19,Pune,Camp,18.5158,73.8785,23725,McDonald's,Camp,Camp,₹400 for two,Burgers|Beverages|Cafe|Desserts,4.3,19K+,18,1.1,True,False,ITEMS,AT ₹64,,630,https://www.swiggy.com/city/pune/mcdonalds-camp-rest23725
2026-09-19 21:12:19,Pune,Camp,18.5158,73.8785,508883,The Belgian Waffle Co.,Ambedkar Road,Camp Area,₹200 for two,Waffle|Desserts|Ice Cream,4.7,1.4K+,22,1.3,True,True,30% OFF,UPTO ₹60,,2233,https://www.swiggy.com/city/pune/the-belgian-waffle-co-ambedkar-road-camp-area-rest508883
2026-09-19 21:12:19,Pune,Camp,18.5158,73.8785,33722,KFC,Camp,Camp,₹400 for two,Burgers|Fast Food|Rolls & Wraps,3.8,8.1K+,20,0.7,True,False,50% OFF,,FLAT DEAL,547,https://www.swiggy.com/city/pune/kfc-camp-rest33722
2026-09-19 21:12:19,Pune,Camp,18.5158,73.8785,10287,Pizza Hut,Camp,Camp,₹350 for two,Pizzas,3.8,8.4K+,22,1.1,True,False,50% OFF,,FLAT DEAL,721,https://www.swiggy.com/city/pune/pizza-hut-camp-rest10287
2026-09-19 21:12:19,Pune,Camp,18.5158,73.8785,402760,Theobroma,Camp,Camp,₹400 for two,Bakery|Desserts,4.6,2.7K+,13,0.9,True,False,ITEMS,AT ₹37,,1040,https://www.swiggy.com/city/pune/theobroma-camp-rest402760
2026-09-19 21:12:19,Pune,Camp,18.5158,73.8785,203924,Burger King,Fatima Nagar,Wanowrie,₹350 for two,Burgers|American,4.1,18K+,26,3.8,True,False,ITEMS,AT ₹39,,166,https://www.swiggy.com/city/pune/burger-king-fatima-nagar-wanowrie-rest203924
2026-09-19 21:12:19,Pune,Camp,18.5158,73.8785,456986,Domino's Pizza,Somwar Peth,Somwar Peth,₹400 for two,Pizzas|Italian|Pastas|Desserts,3.8,1.9K+,25,1.9,True,False,50% OFF,,FLAT DEAL,2456,https://www.swiggy.com/city/pune/dominos-pizza-somwar-peth-rest456986
2026-09-19 21:12:19,Pune,Camp,18.5158,73.8785,5400,Subway,Wanowrie,Wanowrie,₹350 for two,sandwich|Salads|wrap|Healthy Food,4.3,25K+,28,4.8,True,False,ITEMS,AT ₹69,,2,https://www.swiggy.com/city/pune/subway-wanowrie-rest5400
2026-09-19 21:12:19,Pune,Camp,18.5158,73.8785,489069,La Pino'z Pizza,Salunkhe Vihar,Salunkhe Vihar,₹400 for two,Pizzas|Pastas|Italian|Desserts|Beverages,4.2,4.1K+,35,5,True,False,ITEMS,AT ₹69,,4961,https://www.swiggy.com/city/pune/la-pinoz-pizza-salunkhe-vihar-rest489069
2026-09-19 21:12:19,Pune,Camp,18.5158,73.8785,52981,Sweet Truth - Cake and Desserts,Saifee Street,Camp,₹450 for two,Desserts|Ice Cream|Bakery|Beverages,4.4,1.2K+,14,0.4,True,False,ITEMS,AT ₹79,,4444,https://www.swiggy.com/city/pune/sweet-truth-cake-and-desserts-saifee-street-camp-rest52981
2026-09-19 21:12:19,Pune,Camp,18.5158,73.8785,156115,The Good Bowl,MG Road,Camp,₹400 for two,Biryani|Pastas|Punjabi|Desserts|Beverages,4.5,2.5K+,19,0.4,True,False,ITEMS,AT ₹99,,7918,https://www.swiggy.com/city/pune/the-good-bowl-mg-road-camp-rest156115
2026-09-19 21:12:19,Pune,Camp,18.5158,73.8785,191336,The Biryani Life,Saifee Street,Camp,₹250 for two,Biryani|Mughlai|Lucknowi|Hyderabadi|Kebabs|Desserts|Beverages,4.1,1.4K+,15,0.4,True,False,70% OFF,UPTO ₹140,,8496,https://www.swiggy.com/city/pune/the-biryani-life-saifee-street-camp-rest191336
2026-09-19 21:12:19,Pune,Camp,18.5158,73.8785,562873,Taco Bell,Prabhat Road,F.C. Road,₹300 for two,Mexican|Fast Food|Snacks,4.1,4.6K+,34,4.7,True,False,65% OFF,UPTO ₹125,,1557,https://www.swiggy.com/city/pune/taco-bell-prabhat-road-f-c-road-rest562873
2026-09-19 21:12:19,Pune,Camp,18.5158,73.8785,678629,Baskin Robbins - Ice Cream Desserts,Union Bank,E-Street,₹250 for two,Desserts|Ice Cream,4.5,120,10,0.9,True,True,ITEMS,AT ₹15,,5588,https://www.swiggy.com/city/pune/baskin-robbins-ice-cream-desserts-union-bank-e-street-rest678629
2026-09-19 21:12:19,Pune,Camp,18.5158,73.8785,723309,Wow! China,Kalubai Chowk,Wanowrie,₹300 for two,Chinese|Asian|fastfood|Beverages|Snacks,3.8,841,32,3.8,True,False,70% OFF,UPTO ₹140,,226836,https://www.swiggy.com/city/pune/wow-china-kalubai-chowk-wanowrie-rest723309
2026-09-19 21:12:19,Pune,Camp,18.5158,73.8785,52979,Oven Story Pizza,Saifee Street,Camp,₹400 for two,Pizzas|Pastas|Italian|Desserts|Beverages,4.8,7.4K+,17,0.4,True,False,65% OFF,UPTO ₹125,,3534,https://www.swiggy.com/city/pune/oven-story-pizza-saifee-street-camp-rest52979
2026-09-19 21:12:19,Pune,Camp,18.5158,73.8785,52977,"Faasos - Wraps, Rolls & Shawarma",Saifee Street,Camp,₹200 for two,Wraps|rolls|Fast Food|Burger|shawarma|Rice Bowls,4.4,9.6K+,18,0.4,True,False,65% OFF,UPTO ₹125,,21809,https://www.swiggy.com/city/pune/faasos-wraps-rolls-and-shawarma-saifee-street-camp-rest52977
2026-09-19 21:12:19,Pune,Camp,18.5158,73.8785,52978,Behrouz Biryani,Saifee Street,Camp,₹500 for two,Biryani|Kebabs|Mughlai|Beverages|Desserts,4.3,5.0K+,18,0.4,True,False,65% OFF,UPTO ₹125,,1803,https://www.swiggy.com/city/pune/behrouz-biryani-saifee-street-camp-rest52978
2026-09-19 21:12:19,Pune,Camp,18.5158,73.8785,63011,LunchBox - Meals and Thalis,Saifee Street,Camp,₹200 for two,Thalis|North Indian|Biryani,4.4,6.1K+,17,0.4,True,False,ITEMS,AT ₹99,,4925,https://www.swiggy.com/city/pune/lunchbox-meals-and-thalis-saifee-street-camp-rest63011
2026-09-19 21:12:19,Pune,Camp,18.5158,73.8785,32449,Natural Ice Cream,Nehru Memorial Hall,Vivekanand Park,₹150 for two,Ice Cream|Desserts,4.7,5.5K+,15,1.3,True,True,20% OFF,UPTO ₹50,,2093,https://www.swiggy.com/city/pune/natural-ice-cream-nehru-memorial-hall-vivekanand-park-rest32449
2026-09-19 21:12:19,Pune,Camp,18.5158,73.8785,810708,Pind Punjab,Camp,Camp,₹400 for two,North Indian| Biryani| Mughlai| Punjabi| Indian|Kebabs|Thalis|Chinese|Beverages|Desserts,4,4.0K+,23,0.7,True,False,70% OFF,UPTO ₹140,,4196,https://www.swiggy.com/city/pune/pind-punjab-camp-rest810708
2026-09-19 21:12:19,Pune,Camp,18.5158,73.8785,52054,SOUK by Cafe Arabia,Kondhwa,Kondhwa,₹500 for two,Lebanese|Middle Eastern|Mediterranean,4.5,14K+,32,5,True,False,₹200 OFF,ABOVE ₹699,FLAT DEAL,191171,https://www.swiggy.com/city/pune/souk-by-cafe-arabia-kondhwa-rest52054
2026-09-19 21:12:19,Pune,Camp,18.5158,73.8785,313969,Ishan Pure Veg,Shivaji Nagar,Shivaji Nagar,₹200 for two,North Indian|South Indian|Beverages|Chinese,4.5,11K+,34,6.2,True,False,ITEMS,AT ₹119,,107404,https://www.swiggy.com/city/pune/ishan-pure-veg-shivaji-nagar-rest313969
2026-09-19 21:12:19,Pune,Camp,18.5158,73.8785,587201,Varsha Bhel,Wanowrie,Wanowrie,₹200 for two,Street Food|Snacks|South Indian,4.4,2.0K+,25,3.9,True,True,ITEMS,AT ₹29,,356025,https://www.swiggy.com/city/pune/varsha-bhel-wanowrie-rest587201
2026-09-19 21:12:19,Pune,Camp,18.5158,73.8785,386630,Grameen Kulfi,Prabhat Road,Shivaji Nagar,₹120 for two,Ice Cream|Desserts,4.6,442,22,3.8,True,True,ITEMS,AT ₹59,,12175,https://www.swiggy.com/city/pune/grameen-kulfi-prabhat-road-shivaji-nagar-rest386630
2026-09-19 21:12:19,Pune,Camp,18.5158,73.8785,1101338,Hotel Subhanallah,Kondhwa,Kondhwa,₹400 for two,Biryani|North Indian|Mughlai,4.3,760,32,5,True,False,ITEMS,AT ₹89,,639774,https://www.swiggy.com/city/pune/hotel-subhanallah-kondhwa-rest1101338
2026-09-19 21:12:19,Pune,Camp,18.5158,73.8785,20570,Tahari House,kausarbaug,Kondhwa ,₹150 for two,North Indian|Mughlai|Biryani,4.3,12K+,32,5.5,True,False,ITEMS,AT ₹149,,199987,https://www.swiggy.com/city/pune/tahari-house-kausarbaug-kondhwa-rest20570
2026-09-19 21:12:19,Pune,Camp,18.5158,73.8785,445353,SA Dosa Cafe,Karve Road,Kothrud,₹200 for two,South Indian|Snacks|Beverages|Fast Food|Pizzas|Indian,4.2,1.8K+,36,5.8,True,True,ITEMS,AT ₹59,,397081,https://www.swiggy.com/city/pune/sa-dosa-cafe-karve-road-kothrud-rest445353
2026-09-19 21:12:19,Pune,Aundh,18.559,73.8077,64174,Aroma's Hyderabad House,Balewadi,Baner_Pizza,₹500 for two,Biryani|Hyderabadi|Mughlai|Chinese,4.2,43K+,32,5.7,True,False,ITEMS,AT ₹69,,71,https://www.swiggy.com/city/pune/aromas-hyderabad-house-balewadi-baner-pizza-rest64174
2026-09-19 21:12:19,Pune,Aundh,18.559,73.8077,333104,Pind Punjab,Baner Road,Baner,₹450 for two,North Indian| Biryani| Mughlai| Punjabi| Indian|Kebabs|Thalis|Chinese|Beverages|Desserts,4,27K+,32,4.6,True,False,70% OFF,UPTO ₹140,,4196,https://www.swiggy.com/city/pune/pind-punjab-road-baner-rest333104
2026-09-19 21:12:19,Pune,Aundh,18.559,73.8077,2053,RushHrs,Baner,Baner,₹250 for two,Burgers|American|Salads|Fast Food|Desserts,4.4,27K+,32,4.1,True,False,70% OFF,UPTO ₹140,,791,https://www.swiggy.com/city/pune/rushhrs-baner-rest2053
2026-09-19 21:12:19,Pune,Aundh,18.559,73.8077,857414,Bakingo,Aundhgoan,Wing Laxmi Palace Apartment Condominium,₹299 for two,Bakery|Desserts|Beverages|Snacks,4.4,4.0K+,15,0.9,True,False,ITEMS,AT ₹79,,3818,https://www.swiggy.com/city/pune/bakingo-aundhgoan-wing-laxmi-palace-apartment-condominium-rest857414
2026-09-19 21:12:19,Pune,Aundh,18.559,73.8077,4868,Subway,Aundh,Aundh,₹350 for two,sandwich|Salads|wrap|Healthy Food,4.1,16K+,13,0.8,True,False,,,,2,https://www.swiggy.com/city/pune/subway-aundh-rest4868
2026-09-19 21:12:19,Pune,Aundh,18.559,73.8077,23704,McDonald's,Aundh,Aundh,₹400 for two,Burgers|Beverages|Cafe|Desserts,4.4,36K+,16,0.8,True,False,ITEMS,AT ₹64,,630,https://www.swiggy.com/city/pune/mcdonalds-aundh-rest23704
2026-09-19 21:12:19,Pune,Aundh,18.559,73.8077,252547,Theobroma,Meghanabaugh,Meghanabaugh,₹400 for two,Bakery|Desserts,4.5,8.6K+,9,0.8,True,False,ITEMS,AT ₹37,,1040,https://www.swiggy.com/city/pune/theobroma-meghanabaugh-rest252547
2026-09-19 21:12:19,Pune,Aundh,18.559,73.8077,18798,KFC,Westend Mall,Aundh,₹550 for two,Burgers|Fast Food|Rolls & Wraps,4.2,14K+,21,1,True,False,50% OFF,,FLAT DEAL,547,https://www.swiggy.com/city/pune/kfc-westend-mall-aundh-rest18798
2026-09-19 21:12:19,Pune,Aundh,18.559,73.8077,24443,Domino's Pizza,Aundh,Aundh,₹400 for two,Pizzas|Italian|Pastas|Desserts,4.3,11K+,25,1.1,True,False,50% OFF,,FLAT DEAL,2456,https://www.swiggy.com/city/pune/dominos-pizza-aundh-rest24443
2026-09-19 21:12:19,Pune,Aundh,18.559,73.8077,14015,Burger King,Aundh,Aundh,₹350 for two,Burgers|American,4.2,40K+,22,1,True,False,ITEMS,AT ₹39,,166,https://www.swiggy.com/city/pune/burger-king-aundh-rest14015
2026-09-19 21:12:19,Pune,Aundh,18.559,73.8077,21237,Pizza Hut,Aundh,Aundh,₹250 for two,Pizzas,4.1,3.8K+,24,1,True,False,50% OFF,,FLAT DEAL,721,https://www.swiggy.com/city/pune/pizza-hut-aundh-rest21237
2026-09-19 21:12:19,Pune,Aundh,18.559,73.8077,425441,The Belgian Waffle Co.,Aundh,Aundh,₹200 for two,Waffle|Desserts|Ice Cream,4.6,2.3K+,22,1.6,True,False,30% OFF,UPTO ₹60,,2233,https://www.swiggy.com/city/pune/the-belgian-waffle-co-aundh-rest425441
2026-09-19 21:12:19,Pune,Aundh,18.559,73.8077,576808,La Pino'z Pizza,Rahatani Road,Pimple Saudagar,₹500 for two,Pizzas|Pastas|Italian|Desserts|Beverages,3.9,5.3K+,33,6.5,True,False,ITEMS,AT ₹69,,4961,https://www.swiggy.com/city/pune/la-pinoz-pizza-rahatani-road-pimple-saudagar-rest576808
2026-09-19 21:12:19,Pune,Aundh,18.559,73.8077,382883,Baskin Robbins - Ice Cream Desserts,Marutirao Gaikwad Nagar,Aundh,₹300 for two,Ice Cream,4.6,722,11,0.8,True,True,ITEMS,AT ₹15,,5588,https://www.swiggy.com/city/pune/baskin-robbins-ice-cream-desserts-marutirao-gaikwad-nagar-aundh-rest382883
2026-09-19 21:12:19,Pune,Aundh,18.559,73.8077,427515,Taco Bell,Aundh,Aundh,₹300 for two,Mexican|Fast Food|Snacks,4.3,2.7K+,25,1.1,True,False,65% OFF,UPTO ₹125,,1557,https://www.swiggy.com/city/pune/taco-bell-aundh-rest427515
2026-09-19 21:12:19,Pune,Aundh,18.559,73.8077,759846,Wendy's Burgers,Aundh,BANER,₹400 for two,Burgers|Fast Food|wrap,4.2,4.0K+,28,5.5,True,False,ITEMS,AT ₹59,,972,https://www.swiggy.com/city/pune/wendys-burgers-aundh-baner-rest759846
2026-09-19 21:12:19,Pune,Aundh,18.559,73.8077,804128,Good Flippin' Burgers,Shroff Suyash,Baner,₹600 for two,Burgers|American|Fast Food|Beverages|Wraps|Coffee,4.5,4.3K+,26,4.4,True,False,ITEMS,AT ₹195,,11748,https://www.swiggy.com/city/pune/good-flippin-burgers-shroff-suyash-baner-rest804128
2026-09-19 21:12:19,Pune,Aundh,18.559,73.8077,681532,LeanCrust Pizza- ThinCrust Experts,Bhakti Plaza,Aundh,₹300 for two,Pizzas|Italian|Desserts,4.6,948,25,1.1,True,False,ITEMS,AT ₹149,,11216,https://www.swiggy.com/city/pune/leancrust-pizza-thincrust-experts-bhakti-plaza-aundh-rest681532
2026-09-19 21:12:19,Pune,Aundh,18.559,73.8077,643754,"WeFit - Protein Bowls, Salads & Sandwiches",Bhakti Plaza,Aundh,₹250 for two,Healthy Food|Salads|Keto|Snacks,4.4,833,25,1.1,True,False,ITEMS,AT ₹119,,355285,https://www.swiggy.com/city/pune/wefit-protein-bowls-salads-and-sandwiches-bhakti-plaza-aundh-rest643754
2026-09-19 21:12:19,Pune,Aundh,18.559,73.8077,814793,Barbeque Nation,Wireless Colony,Harmony Society,₹600 for two,North Indian|Barbecue|Kebabs|Biryani|Street Food|Snacks,3.8,513,28,0.9,True,False,ITEMS,AT ₹149,,2438,https://www.swiggy.com/city/pune/barbeque-nation-wireless-colony-harmony-society-rest814793
2026-09-19 21:12:19,Pune,Aundh,18.559,73.8077,978531,Sattva Pure Veg Restaurant,Baner,Baner,₹350 for two,North Indian|Beverages|Juices|Desserts|Chinese|Salads|Snacks|Pizzas|Pastas|South Indian,3.9,226,26,3,True,True,70% OFF,UPTO ₹140,,572101,https://www.swiggy.com/city/pune/sattva-pure-veg-restaurant-baner-rest978531
2026-09-19 21:12:19,Pune,Aundh,18.559,73.8077,23181,Thomson Restaurant,Pimpale Gurav,Pimple Gurav,₹300 for two,Kerala|Mughlai|Seafood|North Indian,4.1,10K+,24,3.5,True,False,50% OFF,UPTO ₹100,,3153,https://www.swiggy.com/city/pune/thomson-restaurant-pimpale-gurav-pimple-gurav-rest23181
2026-09-19 21:12:19,Pune,Aundh,18.559,73.8077,313969,Ishan Pure Veg,Shivaji Nagar,Shivaji Nagar,₹200 for two,North Indian|South Indian|Beverages|Chinese,4.5,11K+,29,4.7,True,False,ITEMS,AT ₹119,,107404,https://www.swiggy.com/city/pune/ishan-pure-veg-shivaji-nagar-rest313969
2026-09-19 21:12:19,Pune,Aundh,18.559,73.8077,200728,Ganesh Bhel -Link Road,Pashan,Pashan,₹200 for two,Street Food|Fast Food|sandwich|pav bhaji,4.2,1.8K+,24,3.9,True,True,ITEMS,AT ₹69,,571357,https://www.swiggy.com/city/pune/ganesh-bhel-link-road-pashan-rest200728
2026-09-19 21:12:19,Pune,Aundh,18.559,73.8077,1023186,Gurudatta mess,Swargate,Baner,₹250 for two,Maharashtrian,4.4,543,23,3.9,True,False,ITEMS,AT ₹119,,598029,https://www.swiggy.com/city/pune/gurudatta-mess-swargate-baner-rest1023186
2026-09-19 21:12:19,Pune,Aundh,18.559,73.8077,712774,Zillionth Bistro,Someshwarwadi,Baner,₹250 for two,Chinese|Thai|Burgers|Fast Food|Street Food|Oriental|Momos|Pan-Asian|Beverages|Combos,4.2,1.1K+,29,2.4,True,False,,,,229976,https://www.swiggy.com/city/pune/zillionth-bistro-someshwarwadi-baner-rest712774
2026-09-19 21:12:19,Pune,Aundh,18.559,73.8077,39103,Dadu's Sweet Emporio,Baner,Baner,₹600 for two,Sweets|Healthy Food|Desserts|Bakery,4.5,18K+,21,2,True,False,,,,5789,https://www.swiggy.com/city/pune/dadus-sweet-emporio-baner-rest39103
2026-09-19 21:12:19,Pune,Aundh,18.559,73.8077,37172,Upsouth,Aundh,Aundh,₹250 for two,South Indian,4.2,9.0K+,20,1.1,True,True,ITEMS,AT ₹129,,22184,https://www.swiggy.com/city/pune/upsouth-aundh-rest37172
2026-09-19 21:12:19,Kolkata,Park Street,22.553,88.352,341240,La Pino'z Pizza,Camac Street,Wood Street,₹300 for two,Pizzas|Pastas|Italian|Desserts|Beverages,4.1,16K+,44,1.9,True,False,70% OFF,UPTO ₹140,,4961,https://www.swiggy.com/city/kolkata/la-pinoz-pizza-camac-street-wood-street-rest341240
2026-09-19 21:12:19,Kolkata,Park Street,22.553,88.352,67717,Kookie Jar,Loudon Street,Loudon Street,₹350 for two,Desserts|Snacks|Bakery|Ice Cream,4.7,17K+,33,3,True,False,,,,5550,https://www.swiggy.com/city/kolkata/kookie-jar-loudon-street-rest67717
2026-09-19 21:12:19,Kolkata,Park Street,22.553,88.352,3638,Gupta Brothers -Ballygunge,Elgin Road,South Kolkata,₹300 for two,Sweets|Desserts|Indian|Street Food|South Indian|Snacks,4.4,45K+,51,5.6,True,True,ITEMS,AT ₹49,,358878,https://www.swiggy.com/city/kolkata/gupta-brothers-ballygunge-elgin-road-south-kolkata-rest3638
2026-09-19 21:12:19,Kolkata,Park Street,22.553,88.352,23940,Domino's Pizza,Prince Anwar Shah Road,Park Street Area,₹400 for two,Pizzas|Italian|Pastas|Desserts,4.4,11K+,25,0.4,True,False,50% OFF,,FLAT DEAL,2456,https://www.swiggy.com/city/kolkata/dominos-pizza-prince-anwar-shah-road-park-street-area-rest23940
2026-09-19 21:12:19,Kolkata,Park Street,22.553,88.352,39236,KFC,Central,Park Street Area,₹450 for two,Burgers|Fast Food|Rolls & Wraps,4.3,16K+,27,0.6,True,False,50% OFF,,FLAT DEAL,547,https://www.swiggy.com/city/kolkata/kfc-central-park-street-area-rest39236
2026-09-19 21:12:19,Kolkata,Park Street,22.553,88.352,407661,Burger King,New Market,Esplanade,₹350 for two,Burgers|American,4.3,22K+,27,1.2,True,False,ITEMS,AT ₹39,,166,https://www.swiggy.com/city/kolkata/burger-king-new-market-esplanade-rest407661
2026-09-19 21:12:19,Kolkata,Park Street,22.553,88.352,8912,Subway,Park Street,Park Street,₹350 for two,sandwich|Salads|wrap|Healthy Food,4.1,24K+,28,1.7,True,False,30% OFF,UPTO ₹75,,2,https://www.swiggy.com/city/kolkata/subway-park-street-rest8912
2026-09-19 21:12:19,Kolkata,Park Street,22.553,88.352,12458,One Step Up,Park Street,Park Street,₹800 for two,Continental,4.7,9.3K+,34,0.4,True,False,₹80 OFF,ABOVE ₹199,FLAT DEAL,152264,https://www.swiggy.com/city/kolkata/one-step-up-park-street-rest12458
2026-09-19 21:12:19,Kolkata,Park Street,22.553,88.352,26476,Blue Poppy - Thakali,Camac Street,Camac Street,₹300 for two,Momos|Chinese|Nepalese|Tibetan,4.5,7.7K+,29,0.7,True,False,,,,588783,https://www.swiggy.com/city/kolkata/blue-poppy-thakali-camac-street-rest26476
2026-09-19 21:12:19,Kolkata,Park Street,22.553,88.352,795338,Taco Bell,Park Street Area,Park Street,₹300 for two,Mexican|Fast Food|Snacks,4.4,3.5K+,20,0.3,True,False,65% OFF,UPTO ₹125,,1557,https://www.swiggy.com/city/kolkata/taco-bell-area-park-street-rest795338
2026-09-19 21:12:19,Kolkata,Park Street,22.553,88.352,305800,Barbeque Nation,Park Street,Park Street,₹600 for two,North Indian|Barbecue|Kebabs|Biryani|Street Food|Snacks,4.3,2.0K+,32,0.7,True,False,ITEMS,AT ₹149,,2438,https://www.swiggy.com/city/kolkata/barbeque-nation-park-street-rest305800
2026-09-19 21:12:19,Kolkata,Park Street,22.553,88.352,618699,Baskin Robbins - Ice Cream Desserts,PARK STREET,Esplanade,₹250 for two,Desserts|Ice Cream,4.8,403,24,0.6,True,True,ITEMS,AT ₹15,,5588,https://www.swiggy.com/city/kolkata/baskin-robbins-ice-cream-desserts-park-street-esplanade-rest618699
2026-09-19 21:12:19,Kolkata,Park Street,22.553,88.352,150138,Sweet Truth - Cake and Desserts,First Lane,Ballygunge,₹450 for two,Desserts|Ice Cream|Bakery|Beverages,4.5,4.8K+,52,6,True,False,ITEMS,AT ₹79,,4444,https://www.swiggy.com/city/kolkata/sweet-truth-cake-and-desserts-first-lane-ballygunge-rest150138
2026-09-19 21:12:19,Kolkata,Park Street,22.553,88.352,639433,Dum Safar Biryani,Park Center Building,PARK STREET,₹500 for two,Biryani|Hyderabadi|Kebabs|North Indian|barbeque,4.2,769,28,0.7,True,False,ITEMS,AT ₹149,,351013,https://www.swiggy.com/city/kolkata/dum-safar-biryani-park-center-building-park-street-rest639433
2026-09-19 21:12:19,Kolkata,Park Street,22.553,88.352,491063,Blue Tokai Coffee Roasters,Near India Hobby Center,Park Street,₹600 for two,Cafe|Coffee|Beverages,4.6,1.8K+,32,0.4,True,False,ITEMS,AT ₹99,,2682,https://www.swiggy.com/city/kolkata/blue-tokai-coffee-roasters-near-india-hobby-center-park-street-rest491063
2026-09-19 21:12:19,Kolkata,Park Street,22.553,88.352,285852,Starbucks Coffee,Park Street,Park Street,₹400 for two,Beverages|Cafe|Snacks|Desserts|Bakery|Ice Cream,4.5,3.3K+,24,0.5,True,False,₹85 OFF,ABOVE ₹199,FLAT DEAL,195515,https://www.swiggy.com/city/kolkata/starbucks-coffee-park-street-rest285852
2026-09-19 21:12:19,Kolkata,Park Street,22.553,88.352,29706,Chowman,Ho Chi Minh Sarani,Ho Chi Minh Sarani,₹700 for two,Chinese|Asian|Thai|Oriental|Burmese|Tibetan,4.5,31K+,35,1.7,True,False,70% OFF,UPTO ₹130,,266,https://www.swiggy.com/city/kolkata/chowman-ho-chi-minh-sarani-rest29706
2026-09-19 21:12:19,Kolkata,Park Street,22.553,88.352,51617,Wow! Momo,Park Street,Park Street,₹300 for two,Momos|Chinese|fastfood|Asian|Beverages,4.3,12K+,27,0.5,True,False,70% OFF,UPTO ₹140,,1776,https://www.swiggy.com/city/kolkata/wow-momo-park-street-rest51617
2026-09-19 21:12:19,Kolkata,Park Street,22.553,88.352,12952,Zeeshan Park Circus,Ballygunge,Central Kolkata,₹400 for two,Biryani|Mughlai|Kebabs|Indian,4,30K+,36,2.3,True,False,ITEMS,AT ₹59,,18628,https://www.swiggy.com/city/kolkata/zeeshan-park-circus-ballygunge-central-kolkata-rest12952
2026-09-19 21:12:19,Kolkata,Park Street,22.553,88.352,322208,Burma Burma,Park Street,Park Street,₹1500 for two,Asian|Salads|Burmese,4.6,1.3K+,34,,True,False,₹125 OFF,ABOVE ₹999,FLAT DEAL,3712,https://www.swiggy.com/city/kolkata/burma-burma-park-street-rest322208
2026-09-19 21:12:19,Kolkata,Park Street,22.553,88.352,28861,Haldiram Food City,Camac Street,Central Kolkata,₹300 for two,Sweets|Desserts|Snacks|Bakery|Beverages,4.3,10K+,30,1.3,True,True,ITEMS,AT ₹39,,4013,https://www.swiggy.com/city/kolkata/haldiram-food-city-camac-street-central-kolkata-rest28861
2026-09-19 21:12:19,Kolkata,Park Street,22.553,88.352,38179,Saima Restaurant,Esplanade,Shakespeare Sarani,₹300 for two,Mughlai|Snacks,4.3,14K+,28,1.7,True,False,₹125 OFF,ABOVE ₹349,FLAT DEAL,5566,https://www.swiggy.com/city/kolkata/saima-restaurant-esplanade-shakespeare-sarani-rest38179
2026-09-19 21:12:19,Kolkata,Park Street,22.553,88.352,3078,Balwant Singh's Eating House,Bhawanipur,Bhowanipore,₹600 for two,North Indian|Beverages|Snacks|Chinese|Continental,4.4,33K+,46,3,True,True,ITEMS,AT ₹9,,6143,https://www.swiggy.com/city/kolkata/balwant-singhs-eating-house-bhawanipur-bhowanipore-rest3078
2026-09-19 21:12:19,Kolkata,Park Street,22.553,88.352,222423,Azad Hind Dhaba,Bhawanipur,South Kolkata,₹500 for two,North Indian|Tandoor|Chinese|Biryani|Snacks,4.3,12K+,45,3,True,False,ITEMS,AT ₹19,,6275,https://www.swiggy.com/city/kolkata/azad-hind-dhaba-bhawanipur-south-kolkata-rest222423
2026-09-19 21:12:19,Kolkata,Park Street,22.553,88.352,23234,Apna Dhaba,Alipore,South Kolkata,₹300 for two,North Indian|Desserts|Snacks ,4.3,18K+,40,3,True,True,70% OFF,UPTO ₹140,,25963,https://www.swiggy.com/city/kolkata/apna-dhaba-alipore-south-kolkata-rest23234
2026-09-19 21:12:19,Kolkata,Salt Lake,22.58,88.42,39268,KFC,Nicco Park,Bidhannagar,₹450 for two,Burgers|Fast Food|Rolls & Wraps,4.3,15K+,23,1.5,True,False,50% OFF,,FLAT DEAL,547,https://www.swiggy.com/city/kolkata/kfc-nicco-park-bidhannagar-rest39268
2026-09-19 21:12:19,Kolkata,Salt Lake,22.58,88.42,707773,McDonald's,Kankurgachhi,Kankurgachi,₹400 for two,American|Fast Food|Beverages,4.4,9.7K+,43,2.3,True,False,ITEMS,AT ₹58,,630,https://www.swiggy.com/city/kolkata/mcdonalds-kankurgachhi-kankurgachi-rest707773
2026-09-19 21:12:19,Kolkata,Salt Lake,22.58,88.42,678134,Burger King,Millennium City,Saltlake,₹350 for two,Burgers|American,4.3,17K+,22,1.6,True,False,ITEMS,AT ₹39,,166,https://www.swiggy.com/city/kolkata/burger-king-millennium-city-saltlake-rest678134
2026-09-19 21:12:19,Kolkata,Salt Lake,22.58,88.42,10370,Pizza Hut,Bidhannagar,Bidhannagar,₹350 for two,Pizzas,4.4,18K+,24,1.5,True,False,50% OFF,,FLAT DEAL,721,https://www.swiggy.com/city/kolkata/pizza-hut-bidhannagar-rest10370
2026-09-19 21:12:19,Kolkata,Salt Lake,22.58,88.42,23925,Domino's Pizza,BT Road,Bidhannagar,₹400 for two,Pizzas|Italian|Pastas|Desserts,4.6,26K+,25,2.8,True,False,50% OFF,,FLAT DEAL,2456,https://www.swiggy.com/city/kolkata/dominos-pizza-bt-road-bidhannagar-rest23925
2026-09-19 21:12:19,Kolkata,Salt Lake,22.58,88.42,43087,The Belgian Waffle Co.,Sector 1,Bidhannagar,₹200 for two,Waffle|Desserts|Ice Cream|Beverages,4.6,9.7K+,34,2.8,True,True,ITEMS,AT ₹72,,2233,https://www.swiggy.com/city/kolkata/the-belgian-waffle-co-sector-1-bidhannagar-rest43087
2026-09-19 21:12:19,Kolkata,Salt Lake,22.58,88.42,14137,Subway,Salt Lake,Bidhannagar,₹350 for two,sandwich|Salads|wrap|Healthy Food,4.5,25K+,28,2.6,True,False,ITEMS,AT ₹69,,2,https://www.swiggy.com/city/kolkata/subway-salt-lake-bidhannagar-rest14137
2026-09-19 21:12:19,Kolkata,Salt Lake,22.58,88.42,83494,Baskin Robbins - Ice Cream Desserts,Sector 1,Bidhannagar,₹400 for two,Desserts|Ice Cream,4.6,2.9K+,29,3,True,True,ITEMS,AT ₹15,,5588,https://www.swiggy.com/city/kolkata/baskin-robbins-ice-cream-desserts-sector-1-bidhannagar-rest83494
2026-09-19 21:12:19,Kolkata,Salt Lake,22.58,88.42,314444,Natural Ice Cream,NEW TOWN,Newtown,₹150 for two,Ice Cream|Desserts,4.5,1.7K+,31,5,True,True,20% OFF,UPTO ₹50,,2093,https://www.swiggy.com/city/kolkata/natural-ice-cream-new-town-newtown-rest314444
2026-09-19 21:12:19,Kolkata,Salt Lake,22.58,88.42,14122,Wow! Momo,City centre 1,Bidhannagar,₹300 for two,Momos|Chinese|fastfood|Asian|Beverages,4.4,28K+,31,2.5,True,False,70% OFF,UPTO ₹140,,1776,https://www.swiggy.com/city/kolkata/wow-momo-city-centre-1-bidhannagar-rest14122
2026-09-19 21:12:19,Kolkata,Salt Lake,22.58,88.42,841018,CakeZone Patisserie,96TH STREET,NEWTOWN,₹200 for two,Bakery|Desserts|Sweets|Ice Cream,4.5,2.4K+,28,5,True,False,70% OFF,UPTO ₹140,,7003,https://www.swiggy.com/city/kolkata/cakezone-patisserie-96th-street-newtown-rest841018
2026-09-19 21:12:19,Kolkata,Salt Lake,22.58,88.42,203763,Sweet Truth - Cake and Desserts,Nabadiganta Industrial Township Authority,"Sector 5, Salt Lake",₹450 for two,Desserts|Ice Cream|Bakery|Beverages,4.6,2.6K+,29,2.8,True,False,ITEMS,AT ₹79,,4444,https://www.swiggy.com/city/kolkata/sweet-truth-cake-and-desserts-nabadiganta-industrial-township-authority-sector-5-salt-lake-rest203763
2026-09-19 21:12:19,Kolkata,Salt Lake,22.58,88.42,288393,Starbucks Coffee,Salt Lake,Salt Lake,₹400 for two,Beverages|Cafe|Snacks|Desserts|Bakery|Ice Cream,4.5,3.2K+,29,2.2,True,False,₹85 OFF,ABOVE ₹199,FLAT DEAL,195515,https://www.swiggy.com/city/kolkata/starbucks-coffee-salt-lake-rest288393
2026-09-19 21:12:19,Kolkata,Salt Lake,22.58,88.42,56220,Mio Amore - The Cake Shop,Kankurgachhi,Kankurgachi,₹150 for two,Bakery|Desserts|Snacks|Confectionery,4.5,15K+,27,3.9,True,False,,,,292958,https://www.swiggy.com/city/kolkata/mio-amore-the-cake-shop-kankurgachhi-kankurgachi-rest56220
2026-09-19 21:12:19,Kolkata,Salt Lake,22.58,88.42,203844,The Biryani Life,Nabadiganta Industrial Township Authority,"Sector 5, Salt Lake",₹500 for two,Biryani|Mughlai|Lucknowi|Hyderabadi|Kebabs|Desserts|Beverages,4.3,728,33,2.8,True,False,70% OFF,UPTO ₹140,,8496,https://www.swiggy.com/city/kolkata/the-biryani-life-nabadiganta-industrial-township-authority-sector-5-salt-lake-rest203844
2026-09-19 21:12:19,Kolkata,Salt Lake,22.58,88.42,203764,The Good Bowl,Nabadiganta Industrial Township Authority,"Sector 5, Salt Lake",₹400 for two,Biryani|North Indian|Pastas|Punjabi|Desserts|Beverages,4.5,3.3K+,36,2.8,True,False,ITEMS,AT ₹129,,7918,https://www.swiggy.com/city/kolkata/the-good-bowl-nabadiganta-industrial-township-authority-sector-5-salt-lake-rest203764
2026-09-19 21:12:19,Kolkata,Salt Lake,22.58,88.42,781587,NH1 Bowls - Highway To North,SECTOR V,Salt Lake,₹250 for two,Punjabi|Home Food,4.7,1.7K+,25,2.7,True,False,ITEMS,AT ₹119,,22452,https://www.swiggy.com/city/kolkata/nh1-bowls-highway-to-north-sector-v-salt-lake-rest781587
2026-09-19 21:12:19,Kolkata,Salt Lake,22.58,88.42,781588,ZAZA Mughal Biryani,SECTOR V,Salt Lake,₹250 for two,Biryani|Awadhi,4.6,1.7K+,25,2.7,True,False,70% OFF,UPTO ₹140,,22473,https://www.swiggy.com/city/kolkata/zaza-mughal-biryani-sector-v-salt-lake-rest781588
2026-09-19 21:12:19,Kolkata,Salt Lake,22.58,88.42,781593,LeanCrust Pizza- ThinCrust Experts,SECTOR V,Salt Lake,₹300 for two,Pizzas|Italian|Desserts,4.6,988,25,2.7,True,False,ITEMS,AT ₹149,,11216,https://www.swiggy.com/city/kolkata/leancrust-pizza-thincrust-experts-sector-v-salt-lake-rest781593
2026-09-19 21:12:19,Kolkata,Salt Lake,22.58,88.42,781594,MOJO Pizza - 2X Toppings,SECTOR V,Salt Lake,₹250 for two,Pizzas|Italian|Fast Food|Desserts,4.7,1.0K+,25,2.7,True,False,ITEMS,AT ₹99,,11329,https://www.swiggy.com/city/kolkata/mojo-pizza-2x-toppings-sector-v-salt-lake-rest781594
2026-09-19 21:12:19,Kolkata,Salt Lake,22.58,88.42,358899,Kurseong Korner,SECTOR-III,Salt Lake,₹600 for two,Asian|Chinese|Nepalese,4.2,3.5K+,26,0.6,True,False,70% OFF,UPTO ₹140,,122024,https://www.swiggy.com/city/kolkata/kurseong-korner-sector-iii-salt-lake-rest358899
2026-09-19 21:12:19,Kolkata,Salt Lake,22.58,88.42,242966,La Pino'z Pizza,Sector 1,Bidhannagar,₹250 for two,Pizzas|Pastas|Italian|Desserts|Beverages,4,13K+,40,3,True,False,50% OFF,,FLAT DEAL,4961,https://www.swiggy.com/city/kolkata/la-pinoz-pizza-sector-1-bidhannagar-rest242966
2026-09-19 21:12:19,Kolkata,Salt Lake,22.58,88.42,22823,Sabita Restaurant,Dumdum,Dumdum,₹300 for two,Chinese|Bengali|Biryani|Indian|Tandoor,4.3,42K+,56,7.6,True,False,70% OFF,UPTO ₹140,,173988,https://www.swiggy.com/city/kolkata/sabita-restaurant-dumdum-rest22823
2026-09-19 21:12:19,Kolkata,Salt Lake,22.58,88.42,87370,Food Bay,"City Centre 1, Sector 1, Salt Lake",Bidhannagar,₹300 for two,Seafood,4.3,1.1K+,38,2.1,True,False,ITEMS,AT ₹79,,80975,https://www.swiggy.com/city/kolkata/food-bay-city-centre-1-sector-1-salt-lake-bidhannagar-rest87370
2026-09-19 21:12:19,Kolkata,Salt Lake,22.58,88.42,15409,Noodle Oodle,Nagerbazar,Nagerbazar,₹600 for two,Chinese|North Indian,4.5,11K+,50,6.8,True,False,70% OFF,UPTO ₹140,,3257,https://www.swiggy.com/city/kolkata/noodle-oodle-nagerbazar-rest15409
2026-09-19 21:12:19,Kolkata,Salt Lake,22.58,88.42,836578,Bakingo,Golaghata VIP road,Salt Lake,₹299 for two,Bakery|Desserts|Beverages|Snacks,4.6,5.1K+,40,4.9,True,False,ITEMS,AT ₹649,,3818,https://www.swiggy.com/city/kolkata/bakingo-golaghata-vip-road-salt-lake-rest836578
2026-09-19 21:12:19,Kolkata,New Town,22.58,88.46,355770,Grameen Kulfi,Nayapatty,Bidhannagar,₹120 for two,Ice Cream|Desserts,4.7,2.7K+,25,3,True,True,ITEMS,AT ₹48,,12175,https://www.swiggy.com/city/kolkata/grameen-kulfi-nayapatty-bidhannagar-rest355770
2026-09-19 21:12:19,Kolkata,New Town,22.58,88.46,805284,Burger King,Axis Mall,Rajarhat,₹350 for two,Burgers|American,4.3,9.0K+,26,,True,False,ITEMS,AT ₹59,,166,https://www.swiggy.com/city/kolkata/burger-king-axis-mall-rajarhat-rest805284
2026-09-19 21:12:19,Kolkata,New Town,22.58,88.46,824957,The Belgian Waffle Co.,NEWTOWN,Rajarhat,₹200 for two,Waffle|Desserts|Ice Cream,4.6,1.6K+,21,,True,True,ITEMS,AT ₹72,,2233,https://www.swiggy.com/city/kolkata/the-belgian-waffle-co-newtown-rajarhat-rest824957
2026-09-19 21:12:19,Kolkata,New Town,22.58,88.46,23939,Domino's Pizza,Park Circus,Salt Lake,₹400 for two,Pizzas|Italian|Pastas|Desserts,4.4,22K+,25,1.7,True,False,50% OFF,,FLAT DEAL,2456,https://www.swiggy.com/city/kolkata/dominos-pizza-park-circus-salt-lake-rest23939
2026-09-19 21:12:19,Kolkata,New Town,22.58,88.46,39244,KFC,Rajarhat Ext,Salt Lake,₹450 for two,Burgers|Fast Food|Rolls & Wraps,4.4,30K+,25,1.6,True,False,50% OFF,,FLAT DEAL,547,https://www.swiggy.com/city/kolkata/kfc-rajarhat-ext-salt-lake-rest39244
2026-09-19 21:12:19,Kolkata,New Town,22.58,88.46,14137,Subway,Salt Lake,Bidhannagar,₹350 for two,sandwich|Salads|wrap|Healthy Food,4.5,25K+,34,4.1,True,False,ITEMS,AT ₹69,,2,https://www.swiggy.com/city/kolkata/subway-salt-lake-bidhannagar-rest14137
2026-09-19 21:12:19,Kolkata,New Town,22.58,88.46,772029,McDonald's,Sector 5,Salt Lake,₹400 for two,American|Fast Food|Beverages,4.4,4.7K+,35,4.1,True,False,ITEMS,AT ₹58,,630,https://www.swiggy.com/city/kolkata/mcdonalds-sector-5-salt-lake-rest772029
2026-09-19 21:12:19,Kolkata,New Town,22.58,88.46,417023,Pizza Hut,New Town,New Town,₹350 for two,Pizzas,4.3,4.7K+,33,4.3,True,False,50% OFF,,FLAT DEAL,721,https://www.swiggy.com/city/kolkata/pizza-hut-new-town-rest417023
2026-09-19 21:12:19,Kolkata,New Town,22.58,88.46,83835,Baskin Robbins - Ice Cream Desserts,Salt Lake,Rajarhat,₹400 for two,Desserts|Ice Cream,4.6,1.7K+,15,,True,True,ITEMS,AT ₹15,,5588,https://www.swiggy.com/city/kolkata/baskin-robbins-ice-cream-desserts-salt-lake-rajarhat-rest83835
2026-09-19 21:12:19,Kolkata,New Town,22.58,88.46,785282,Wow! China,Newtown,Rajarhat,₹400 for two,Chinese|Asian|fastfood|Beverages|Snacks,4,2.8K+,27,,True,False,70% OFF,UPTO ₹140,,226836,https://www.swiggy.com/city/kolkata/wow-china-newtown-rajarhat-rest785282
2026-09-19 21:12:19,Kolkata,New Town,22.58,88.46,316578,NIC Ice Creams,Nayapatty,Bidhannagar,₹120 for two,Ice Cream|Desserts,4.8,9.5K+,26,3,True,True,70% OFF,UPTO ₹140,,6249,https://www.swiggy.com/city/kolkata/nic-ice-creams-nayapatty-bidhannagar-rest316578
2026-09-19 21:12:19,Kolkata,New Town,22.58,88.46,224027,LunchBox - Meals and Thalis,ACTION AREA 1B,Rajarhat,₹200 for two,Thalis|North Indian|Biryani,4.5,5.6K+,25,0.6,True,False,ITEMS,AT ₹99,,4925,https://www.swiggy.com/city/kolkata/lunchbox-meals-and-thalis-action-area-1b-rajarhat-rest224027
2026-09-19 21:12:19,Kolkata,New Town,22.58,88.46,224026,The Biryani Life,ACTION AREA 1B,Rajarhat,₹250 for two,Biryani|Mughlai|Lucknowi|Hyderabadi|Kebabs|Desserts|Beverages,4.2,1.2K+,26,0.6,True,False,70% OFF,UPTO ₹140,,8496,https://www.swiggy.com/city/kolkata/the-biryani-life-action-area-1b-rajarhat-rest224026
2026-09-19 21:12:19,Kolkata,New Town,22.58,88.46,810765,NH1 Bowls - Highway To North,Street Number 352,Rajarhat,₹250 for two,Punjabi|Home Food,4.7,1.6K+,25,0.6,True,False,ITEMS,AT ₹119,,22452,https://www.swiggy.com/city/kolkata/nh1-bowls-highway-to-north-street-number-352-rajarhat-rest810765
2026-09-19 21:12:19,Kolkata,New Town,22.58,88.46,304675,Chowman,New Town,New Town,₹700 for two,Chinese|Asian|Thai|Oriental|Burmese|Tibetan,4.5,31K+,28,1.1,True,False,70% OFF,UPTO ₹130,,266,https://www.swiggy.com/city/kolkata/chowman-new-town-rest304675
2026-09-19 21:12:19,Kolkata,New Town,22.58,88.46,810771,LeanCrust Pizza- ThinCrust Experts,Street Number 352,Rajarhat,₹300 for two,Pizzas|Italian|Desserts,4.6,1.2K+,25,0.6,True,False,ITEMS,AT ₹149,,11216,https://www.swiggy.com/city/kolkata/leancrust-pizza-thincrust-experts-street-number-352-rajarhat-rest810771
2026-09-19 21:12:19,Kolkata,New Town,22.58,88.46,810772,MOJO Pizza - 2X Toppings,Street Number 352,Rajarhat,₹250 for two,Pizzas|Italian|Fast Food|Desserts,4.7,1.2K+,25,0.6,True,False,ITEMS,AT ₹99,,11329,https://www.swiggy.com/city/kolkata/mojo-pizza-2x-toppings-street-number-352-rajarhat-rest810772
2026-09-19 21:12:19,Kolkata,New Town,22.58,88.46,224025,The Good Bowl,ACTION AREA 1B,Rajarhat,₹400 for two,Biryani|North Indian|Pastas|Punjabi|Desserts|Beverages,4.4,2.9K+,24,0.6,True,False,ITEMS,AT ₹129,,7918,https://www.swiggy.com/city/kolkata/the-good-bowl-action-area-1b-rajarhat-rest224025
2026-09-19 21:12:19,Kolkata,New Town,22.58,88.46,224024,Sweet Truth - Cake and Desserts,ACTION AREA 1B,Rajarhat,₹450 for two,Desserts|Ice Cream|Bakery|Beverages,4.4,4.0K+,20,0.7,True,False,ITEMS,AT ₹69,,4444,https://www.swiggy.com/city/kolkata/sweet-truth-cake-and-desserts-action-area-1b-rajarhat-rest224024
2026-09-19 21:12:19,Kolkata,New Town,22.58,88.46,810766,ZAZA Mughal Biryani,Street Number 352,Rajarhat,₹250 for two,Biryani|Awadhi,4.7,1.8K+,25,0.6,True,False,70% OFF,UPTO ₹140,,22473,https://www.swiggy.com/city/kolkata/zaza-mughal-biryani-street-number-352-rajarhat-rest810766
2026-09-19 21:12:19,Kolkata,New Town,22.58,88.46,319823,Mishra's Dlf Newtown,Salt Lake,Newtown,₹300 for two,Indian|Mughlai|Chinese,4.1,165,27,0.8,True,False,,,,136909,https://www.swiggy.com/city/kolkata/mishras-dlf-newtown-salt-lake-newtown-rest319823
2026-09-19 21:12:19,Kolkata,New Town,22.58,88.46,902814,Aashirvaad,"Bidhannagar, New Town",Rajarhat,₹200 for two,Chinese|Biryani|Tibetan|Desserts|Indian|Kebabs|Snacks,,,33,3,True,False,,,,468190,https://www.swiggy.com/city/kolkata/aashirvaad-bidhannagar-new-town-rajarhat-rest902814
2026-09-19 21:12:19,Kolkata,New Town,22.58,88.46,738733,Food Bay,"AXIS MALL,WONDERLAN PARK",Rajarhat,₹350 for two,Snacks|Chinese|Fast Food,4.3,426,27,,True,False,,,,80975,https://www.swiggy.com/city/kolkata/food-bay-axis-mall-wonderlan-park-rajarhat-rest738733
2026-09-19 21:12:19,Kolkata,New Town,22.58,88.46,384352,Chef Nation,Opp-Unitech Gate No 1,Newtown,₹350 for two,Biryani|Chinese|Tandoor|Fast Food|Mughlai|Punjabi,3.9,14K+,29,2.5,True,False,70% OFF,UPTO ₹140,,4442,https://www.swiggy.com/city/kolkata/chef-nation-opp-unitech-gate-no-1-newtown-rest384352
2026-09-19 21:12:19,Kolkata,New Town,22.58,88.46,551900,The Grill,Bishnupur,Rajarhat,₹400 for two,North Indian|Chinese|Biryani|Snacks,3.8,2.1K+,41,2.5,True,False,70% OFF,UPTO ₹140,,18486,https://www.swiggy.com/city/kolkata/the-grill-bishnupur-rajarhat-rest551900
2026-09-19 21:12:19,Kolkata,New Town,22.58,88.46,358899,Kurseong Korner,SECTOR-III,Salt Lake,₹600 for two,Asian|Chinese|Nepalese,4.2,3.5K+,45,5,True,False,70% OFF,UPTO ₹140,,122024,https://www.swiggy.com/city/kolkata/kurseong-korner-sector-iii-salt-lake-rest358899
2026-09-19 21:12:19,Kolkata,New Town,22.58,88.46,614697,Hi Bao,Bidhannagar,Rajarhat,₹300 for two,Chinese|Korean|Asian|Beverages,4.2,689,28,,True,False,50% OFF,,FLAT DEAL,471022,https://www.swiggy.com/city/kolkata/hi-bao-bidhannagar-rajarhat-rest614697
2026-09-19 21:12:19,Kolkata,Behala,22.4989,88.318,30170,Hindusthan Sweets,Besides 8B bus stop,Jadavpur,₹200 for two,Sweets|Desserts|Snacks|Bakery,4.4,30K+,52,6.3,True,True,ITEMS,AT ₹79,,3371,https://www.swiggy.com/city/kolkata/hindusthan-sweets-besides-8b-bus-stop-jadavpur-rest30170
2026-09-19 21:12:19,Kolkata,Behala,22.4989,88.318,38945,Domino's Pizza,Diamond Harbour Road,New Alipore,₹400 for two,Pizzas|Italian|Pastas|Desserts,4.5,29K+,25,1.4,True,False,50% OFF,,FLAT DEAL,2456,https://www.swiggy.com/city/kolkata/dominos-pizza-diamond-harbour-road-new-alipore-rest38945
2026-09-19 21:12:19,Kolkata,Behala,22.4989,88.318,650407,KFC,Alipore,New Alipore,₹400 for two,Burgers|Fast Food|Rolls & Wraps,4.2,9.4K+,33,2,True,False,50% OFF,,FLAT DEAL,547,https://www.swiggy.com/city/kolkata/kfc-alipore-new-alipore-rest650407
2026-09-19 21:12:19,Kolkata,Behala,22.4989,88.318,30155,Baskin Robbins - Ice Cream Desserts,Opp. complex of MP Birla school,Behala,₹400 for two,Desserts|Ice Cream,4.7,12K+,17,1.2,True,True,ITEMS,AT ₹15,,5588,https://www.swiggy.com/city/kolkata/baskin-robbins-ice-cream-desserts-opp-complex-of-mp-birla-school-behala-rest30155
2026-09-19 21:12:19,Kolkata,Behala,22.4989,88.318,883841,Olio - The Wood Fired Pizzeria,Bidhu Bhushan,Behala,₹300 for two,Pizzas|Pastas|Italian|Fast Food|Snacks|Beverages|Desserts,4.3,2.1K+,30,2.3,True,False,70% OFF,UPTO ₹140,,11633,https://www.swiggy.com/city/kolkata/olio-the-wood-fired-pizzeria-bidhu-bhushan-behala-rest883841
2026-09-19 21:12:19,Kolkata,Behala,22.4989,88.318,13038,Haji Saheb,Behala,Behala,₹500 for two,Biryani|rolls|Beverages|Desserts|Ice Cream,4.6,162K+,34,0.7,True,False,FREE ITEM,,,1912,https://www.swiggy.com/city/kolkata/haji-saheb-behala-rest13038
2026-09-19 21:12:19,Kolkata,Behala,22.4989,88.318,305424,Wow! China,D H Road,Behala,₹200 for two,Chinese|Asian|fastfood|Beverages|Snacks,4.3,15K+,28,1.6,True,False,70% OFF,UPTO ₹140,,226836,https://www.swiggy.com/city/kolkata/wow-china-d-h-road-behala-rest305424
2026-09-19 21:12:19,Kolkata,Behala,22.4989,88.318,7476,Aminia,Behala,Alipore,₹500 for two,Biryani|Mughlai|Indian|Kebabs|Tandoor,4.6,83K+,27,0.9,True,False,,,,3786,https://www.swiggy.com/city/kolkata/aminia-behala-alipore-rest7476
2026-09-19 21:12:19,Kolkata,Behala,22.4989,88.318,42825,Mio Amore - The Cake Shop,James Long Sarani,James Long,₹150 for two,Bakery|Desserts|Snacks|Confectionery,4.7,47K+,18,1.3,True,False,,,,292958,https://www.swiggy.com/city/kolkata/mio-amore-the-cake-shop-sarani-james-long-rest42825
2026-09-19 21:12:19,Kolkata,Behala,22.4989,88.318,18519,Wow! Momo,Diamond Harbour Road,Behala,₹300 for two,Momos|Chinese|fastfood|Asian|Beverages,4.5,25K+,21,0.7,True,False,70% OFF,UPTO ₹140,,1776,https://www.swiggy.com/city/kolkata/wow-momo-diamond-harbour-road-behala-rest18519
2026-09-19 21:12:19,Kolkata,Behala,22.4989,88.318,33028,Hatari - A Unit of Gariahat Hatari,Behala,Behala,₹500 for two,Chinese|Pan-Asian,4.6,22K+,30,1,True,False,50% OFF,,FLAT DEAL,680736,https://www.swiggy.com/city/kolkata/hatari-a-unit-of-gariahat-hatari-behala-rest33028
2026-09-19 21:12:19,Kolkata,Behala,22.4989,88.318,602946,Wow! Chicken By Wow! Momo,Diamond Harbour Road,Diamond Harbour Road,₹300 for two,Burger|Biryani|American|fastfood,4.2,6.6K+,25,0.7,True,False,70% OFF,UPTO ₹140,,268366,https://www.swiggy.com/city/kolkata/wow-chicken-by-wow-momo-diamond-harbour-road-rest602946
2026-09-19 21:12:19,Kolkata,Behala,22.4989,88.318,19119,Cafe Coffee Day,Behala,Behala,₹400 for two,Beverages|Cafe|Snacks|Desserts|Burgers|Ice Cream|Bakery|Fast Food,4.5,6.4K+,26,1.2,True,False,70% OFF,UPTO ₹140,,1,https://www.swiggy.com/city/kolkata/cafe-coffee-day-behala-rest19119
2026-09-19 21:12:19,Kolkata,Behala,22.4989,88.318,386554,NIC Ice Creams,RAJA RAM MOHAN ROY ROAD,Behala,₹120 for two,Ice Cream|Desserts,4.8,7.9K+,25,3,True,True,70% OFF,UPTO ₹140,,6249,https://www.swiggy.com/city/kolkata/nic-ice-creams-raja-ram-mohan-roy-road-behala-rest386554
2026-09-19 21:12:19,Kolkata,Behala,22.4989,88.318,368937,Gourmet Ice Cream Cakes by Baskin Robbins,Bhupen Roy Road,Behala,₹200 for two,Desserts|Ice Cream|Bakery,4.6,64,24,1.2,True,True,₹100 OFF,ABOVE ₹999,FLAT DEAL,21932,https://www.swiggy.com/city/kolkata/gourmet-ice-cream-cakes-by-baskin-robbins-bhupen-roy-road-behala-rest368937
2026-09-19 21:12:19,Kolkata,Behala,22.4989,88.318,9769,Koshe Kosha,Behala,Behala,₹500 for two,Bengali|Thalis|North Indian|Desserts,4.5,18K+,30,1,True,False,50% OFF,,FLAT DEAL,566,https://www.swiggy.com/city/kolkata/koshe-kosha-behala-rest9769
2026-09-19 21:12:19,Kolkata,Behala,22.4989,88.318,705986,Bonn Tonn Gourmet,Opposite Papillon Flower Shop,Alipore,₹500 for two,Bakery|Desserts,4.2,954,35,3,True,False,50% OFF,,FLAT DEAL,236608,https://www.swiggy.com/city/kolkata/bonn-tonn-gourmet-opposite-papillon-flower-shop-alipore-rest705986
2026-09-19 21:12:19,Kolkata,Behala,22.4989,88.318,64743,The Belgian Waffle Co.,Alipore,New Alipore,₹200 for two,Waffle|Desserts|Ice Cream|Beverages,4.7,15K+,40,2.5,True,True,ITEMS,AT ₹72,,2233,https://www.swiggy.com/city/kolkata/the-belgian-waffle-co-alipore-new-alipore-rest64743
2026-09-19 21:12:19,Kolkata,Behala,22.4989,88.318,810457,FNP Cakes By Ferns N Petals,New Alipore,WARD NO. 081,₹499 for two,Desserts|Bakery|Sweets|Ice Cream|Beverages|North Indian|Chinese,4.1,261,30,1.9,True,True,,,,339638,https://www.swiggy.com/city/kolkata/fnp-cakes-by-ferns-n-petals-new-alipore-ward-no-081-rest810457
2026-09-19 21:12:19,Kolkata,Behala,22.4989,88.318,873066,Blue Tokai Coffee Roasters,Lahiri Road,Alipore,₹600 for two,Beverages|Cafe,4.7,1.2K+,34,2,True,False,ITEMS,AT ₹99,,2682,https://www.swiggy.com/city/kolkata/blue-tokai-coffee-roasters-lahiri-road-alipore-rest873066
2026-09-19 21:12:19,Kolkata,Behala,22.4989,88.318,67725,Azad Hind Dhaba,Behala,Thakurpukur,₹500 for two,North Indian|Tandoor|Chinese|Biryani|Snacks,4.3,32K+,51,3.9,True,False,ITEMS,AT ₹19,,6275,https://www.swiggy.com/city/kolkata/azad-hind-dhaba-behala-thakurpukur-rest67725
2026-09-19 21:12:19,Kolkata,Behala,22.4989,88.318,252048,Food Peddler Sandwiches,Kalighat (Hazra),Kalighat,₹150 for two,Continental|Beverages|Snacks|Salads|Healthy Food|Burgers,4.6,11K+,54,5.7,True,False,₹200 OFF,ABOVE ₹499,FLAT DEAL,81834,https://www.swiggy.com/city/kolkata/food-peddler-sandwiches-hazra-kalighat-rest252048
2026-09-19 21:12:19,Kolkata,Behala,22.4989,88.318,307505,Tea Chai,South Kolkata,Kalighat,₹150 for two,Beverages|Desserts|Snacks,4.6,6.5K+,53,5.7,True,False,₹200 OFF,ABOVE ₹499,FLAT DEAL,202657,https://www.swiggy.com/city/kolkata/tea-chai-south-kalighat-rest307505
2026-09-19 21:12:19,Kolkata,Behala,22.4989,88.318,321353,Sandwich Xpress,South Kolkata,Kalighat,₹100 for two,Beverages|Indian|Fast Food|Snacks|Tibetan|Pastas,4.2,3.2K+,53,5.7,True,False,₹200 OFF,ABOVE ₹499,FLAT DEAL,254415,https://www.swiggy.com/city/kolkata/sandwich-xpress-south-kalighat-rest321353
2026-09-19 21:12:19,Kolkata,Behala,22.4989,88.318,27976,Saima Restaurant,Esplanade,South Kolkata,₹300 for two,Mughlai|Snacks,4.2,19K+,54,7,True,False,ITEMS,AT ₹49,,5566,https://www.swiggy.com/city/kolkata/saima-restaurant-esplanade-south-kolkata-rest27976
2026-09-19 21:12:19,Kolkata,Behala,22.4989,88.318,23234,Apna Dhaba,Alipore,South Kolkata,₹300 for two,North Indian|Desserts|Snacks ,4.3,18K+,54,6.5,True,True,70% OFF,UPTO ₹140,,25963,https://www.swiggy.com/city/kolkata/apna-dhaba-alipore-south-kolkata-rest23234
2026-09-19 21:12:19,Kolkata,Behala,22.4989,88.318,298425,Maggi Wala,South Kolkata,Kalighat,₹150 for two,Chinese|Beverages|Fast Food|Burgers,4.2,5.7K+,52,5.7,True,False,,,,129224,https://www.swiggy.com/city/kolkata/maggi-wala-south-kalighat-rest298425
2026-09-19 21:12:19,Kolkata,Ballygunge,22.529,88.365,3638,Gupta Brothers -Ballygunge,Elgin Road,South Kolkata,₹300 for two,Sweets|Desserts|Indian|Street Food|South Indian|Snacks,4.4,45K+,27,0.9,True,True,ITEMS,AT ₹49,,358878,https://www.swiggy.com/city/kolkata/gupta-brothers-ballygunge-elgin-road-south-kolkata-rest3638
2026-09-19 21:12:19,Kolkata,Ballygunge,22.529,88.365,67717,Kookie Jar,Loudon Street,Loudon Street,₹350 for two,Desserts|Snacks|Bakery|Ice Cream,4.7,17K+,33,3,True,False,,,,5550,https://www.swiggy.com/city/kolkata/kookie-jar-loudon-street-rest67717
2026-09-19 21:12:19,Kolkata,Ballygunge,22.529,88.365,30170,Hindusthan Sweets,Besides 8B bus stop,Jadavpur,₹200 for two,Sweets|Desserts|Snacks|Bakery,4.4,30K+,44,4.1,True,True,ITEMS,AT ₹79,,3371,https://www.swiggy.com/city/kolkata/hindusthan-sweets-besides-8b-bus-stop-jadavpur-rest30170
2026-09-19 21:12:19,Kolkata,Ballygunge,22.529,88.365,45099,KFC,Hindustan Park,Gariahat,₹450 for two,Burgers|Fast Food|Rolls & Wraps,4.4,24K+,33,1.3,True,False,50% OFF,,FLAT DEAL,547,https://www.swiggy.com/city/kolkata/kfc-hindustan-park-gariahat-rest45099
2026-09-19 21:12:19,Kolkata,Ballygunge,22.529,88.365,22735,Pizza Hut,Ballygunge,Ballygunge,₹350 for two,Pizzas,4.1,12K+,46,1.6,True,False,50% OFF,,FLAT DEAL,721,https://www.swiggy.com/city/kolkata/pizza-hut-ballygunge-rest22735
2026-09-19 21:12:19,Kolkata,Ballygunge,22.529,88.365,55397,Subway,Kalighat,Kalighat,₹300 for two,sandwich|Salads|wrap|Healthy Food,4.4,8.5K+,38,3,True,False,30% OFF,UPTO ₹75,,2,https://www.swiggy.com/city/kolkata/subway-kalighat-rest55397
2026-09-19 21:12:19,Kolkata,Ballygunge,22.529,88.365,23942,Domino's Pizza,Ballygunge,Central Kolkata,₹400 for two,Pizzas|Italian|Pastas|Desserts,4.5,15K+,25,2.2,True,False,50% OFF,,FLAT DEAL,2456,https://www.swiggy.com/city/kolkata/dominos-pizza-ballygunge-central-kolkata-rest23942
2026-09-19 21:12:19,Kolkata,Ballygunge,22.529,88.365,316583,NIC Ice Creams,Ray Street,Central Kolkata,₹120 for two,Ice Cream|Desserts,4.6,9.8K+,34,2.8,True,True,70% OFF,UPTO ₹140,,6249,https://www.swiggy.com/city/kolkata/nic-ice-creams-ray-street-central-kolkata-rest316583
2026-09-19 21:12:19,Kolkata,Ballygunge,22.529,88.365,4623,Chowman,Broad Street,Ballygunge,₹700 for two,Chinese|Asian|Thai|Oriental|Burmese|Tibetan,4.5,42K+,29,0.6,True,False,70% OFF,UPTO ₹130,,266,https://www.swiggy.com/city/kolkata/chowman-broad-street-ballygunge-rest4623
2026-09-19 21:12:19,Kolkata,Ballygunge,22.529,88.365,150138,Sweet Truth - Cake and Desserts,First Lane,Ballygunge,₹450 for two,Desserts|Ice Cream|Bakery|Beverages,4.5,4.8K+,25,0.7,True,False,ITEMS,AT ₹79,,4444,https://www.swiggy.com/city/kolkata/sweet-truth-cake-and-desserts-first-lane-ballygunge-rest150138
2026-09-19 21:12:19,Kolkata,Ballygunge,22.529,88.365,191563,The Biryani Life,First Lane,Ballygunge,₹250 for two,Biryani|Mughlai|Lucknowi|Hyderabadi|Kebabs|Desserts|Beverages,4.1,1.2K+,29,0.7,True,False,70% OFF,UPTO ₹140,,8496,https://www.swiggy.com/city/kolkata/the-biryani-life-first-lane-ballygunge-rest191563
2026-09-19 21:12:19,Kolkata,Ballygunge,22.529,88.365,208994,The Good Bowl,First Lane,Ballygunge,₹400 for two,Biryani|North Indian|Pastas|Punjabi|Desserts|Beverages,4.4,4.5K+,28,0.7,True,False,ITEMS,AT ₹129,,7918,https://www.swiggy.com/city/kolkata/the-good-bowl-first-lane-ballygunge-rest208994
2026-09-19 21:12:19,Kolkata,Ballygunge,22.529,88.365,13922,Wow! Momo,Ballygunge,Ballygunge,₹300 for two,Momos|Chinese|fastfood|Asian|Beverages,4.5,15K+,25,0.4,True,False,70% OFF,UPTO ₹140,,1776,https://www.swiggy.com/city/kolkata/wow-momo-ballygunge-rest13922
2026-09-19 21:12:19,Kolkata,Ballygunge,22.529,88.365,480062,Baskin Robbins - Ice Cream Desserts,BALLYGUNGE CIRCULAR ROAD,Ballygunge,₹250 for two,Desserts|Ice Cream,4.6,375,28,2.1,True,True,ITEMS,AT ₹15,,5588,https://www.swiggy.com/city/kolkata/baskin-robbins-ice-cream-desserts-circular-road-ballygunge-rest480062
2026-09-19 21:12:19,Kolkata,Ballygunge,22.529,88.365,12952,Zeeshan Park Circus,Ballygunge,Central Kolkata,₹400 for two,Biryani|Mughlai|Kebabs|Indian,4,30K+,34,1.9,True,False,ITEMS,AT ₹59,,18628,https://www.swiggy.com/city/kolkata/zeeshan-park-circus-ballygunge-central-kolkata-rest12952
2026-09-19 21:12:19,Kolkata,Ballygunge,22.529,88.365,851880,Wow! Kulfi,Dover Terrace,Ballygunge,₹120 for two,Ice Cream|Desserts,4.5,92,24,0.4,True,True,70% OFF,UPTO ₹140,,501088,https://www.swiggy.com/city/kolkata/wow-kulfi-dover-terrace-ballygunge-rest851880
2026-09-19 21:12:19,Kolkata,Ballygunge,22.529,88.365,33449,Mio Amore - The Cake Shop,Sangam Nagar,Entally,₹250 for two,Bakery|Desserts|Snacks|Confectionery,4.6,13K+,34,3,True,False,,,,292958,https://www.swiggy.com/city/kolkata/mio-amore-the-cake-shop-sangam-nagar-entally-rest33449
2026-09-19 21:12:19,Kolkata,Ballygunge,22.529,88.365,150166,LunchBox - Meals and Thalis,First Lane,Ballygunge,₹200 for two,Thalis|North Indian|Biryani,4.5,10K+,29,0.7,True,False,ITEMS,AT ₹99,,4925,https://www.swiggy.com/city/kolkata/lunchbox-meals-and-thalis-first-lane-ballygunge-rest150166
2026-09-19 21:12:19,Kolkata,Ballygunge,22.529,88.365,150134,Behrouz Biryani,First Lane,Ballygunge,₹500 for two,Biryani|North Indian|Kebabs|Mughlai|Beverages|Desserts,4.2,8.3K+,32,0.7,True,False,65% OFF,UPTO ₹125,,1803,https://www.swiggy.com/city/kolkata/behrouz-biryani-first-lane-ballygunge-rest150134
2026-09-19 21:12:19,Kolkata,Ballygunge,22.529,88.365,150135,Oven Story Pizza,First Lane,Ballygunge,₹400 for two,Pizzas|Pastas|Italian|Desserts|Beverages,4.3,11K+,34,0.7,True,False,ITEMS,AT ₹99,,3534,https://www.swiggy.com/city/kolkata/oven-story-pizza-first-lane-ballygunge-rest150135
2026-09-19 21:12:19,Kolkata,Ballygunge,22.529,88.365,25144,Haldiram Food City,,South Kolkata,₹200 for two,Sweets|Desserts|Snacks|Bakery|Beverages,4.5,14K+,31,0.8,True,True,ITEMS,AT ₹39,,4013,https://www.swiggy.com/city/kolkata/haldiram-food-city-south-kolkata-rest25144
2026-09-19 21:12:19,Kolkata,Ballygunge,22.529,88.365,91293,Dhaba Junction,Ballygunge,South Kolkata,₹250 for two,Bengali|Thalis,4.3,32K+,31,0.9,True,False,50% OFF,,FLAT DEAL,15850,https://www.swiggy.com/city/kolkata/dhaba-junction-ballygunge-south-kolkata-rest91293
2026-09-19 21:12:19,Kolkata,Ballygunge,22.529,88.365,1133406,La Pino'z Pizza,Kasba,Kasba,₹300 for two,Pizzas|Fast Food|Chinese,4,1.9K+,57,3,True,False,50% OFF,,FLAT DEAL,4961,https://www.swiggy.com/city/kolkata/la-pinoz-pizza-kasba-rest1133406
2026-09-19 21:12:19,Kolkata,Ballygunge,22.529,88.365,298425,Maggi Wala,South Kolkata,Kalighat,₹150 for two,Chinese|Beverages|Fast Food|Burgers,4.2,5.7K+,36,2.3,True,False,,,,129224,https://www.swiggy.com/city/kolkata/maggi-wala-south-kalighat-rest298425
2026-09-19 21:12:19,Kolkata,Ballygunge,22.529,88.365,252048,Food Peddler Sandwiches,Kalighat (Hazra),Kalighat,₹150 for two,Continental|Beverages|Snacks|Salads|Healthy Food|Burgers,4.6,11K+,38,2.3,True,False,₹125 OFF,ABOVE ₹199,FLAT DEAL,81834,https://www.swiggy.com/city/kolkata/food-peddler-sandwiches-hazra-kalighat-rest252048
2026-09-19 21:12:19,Kolkata,Ballygunge,22.529,88.365,3078,Balwant Singh's Eating House,Bhawanipur,Bhowanipore,₹600 for two,North Indian|Beverages|Snacks|Chinese|Continental,4.4,33K+,50,3.6,True,True,ITEMS,AT ₹9,,6143,https://www.swiggy.com/city/kolkata/balwant-singhs-eating-house-bhawanipur-bhowanipore-rest3078
2026-09-19 21:12:19,Kolkata,Howrah,22.5958,88.2636,612856,Pizza Hut,Howrah,Howrah,₹350 for two,Pizzas,4.3,2.3K+,78,9.3,True,False,50% OFF,,FLAT DEAL,721,https://www.swiggy.com/city/kolkata/pizza-hut-howrah-rest612856
2026-09-19 21:12:19,Kolkata,Howrah,22.5958,88.2636,691778,KFC,Ichapur Road,Kadamtala,₹400 for two,Burgers|Fast Food|Rolls & Wraps,4.3,4.3K+,65,8.1,True,False,50% OFF,,FLAT DEAL,547,https://www.swiggy.com/city/kolkata/kfc-ichapur-road-kadamtala-rest691778
2026-09-19 21:12:19,Kolkata,Howrah,22.5958,88.2636,392663,Burger King,Shibpur,Shibpur,₹350 for two,Burgers|American,4.3,10K+,79,9.6,True,False,ITEMS,AT ₹39,,166,https://www.swiggy.com/city/kolkata/burger-king-shibpur-rest392663
2026-09-19 21:12:19,Kolkata,Howrah,22.5958,88.2636,258735,McDonald's,WB Kolkata Avani Riverside,Shibpur,₹400 for two,American|Fast Food|Beverages,4.4,10K+,81,9.6,True,False,ITEMS,AT ₹58,,630,https://www.swiggy.com/city/kolkata/mcdonalds-wb-avani-riverside-shibpur-rest258735
2026-09-19 21:12:19,Kolkata,Howrah,22.5958,88.2636,826316,The Belgian Waffle Co.,HOWRAH,AVANI REVERSIDE MALL,₹200 for two,Waffle|Desserts|Ice Cream,4.7,652,77,9.6,True,True,10% OFF,,FLAT DEAL,2233,https://www.swiggy.com/city/kolkata/the-belgian-waffle-co-howrah-avani-reverside-mall-rest826316
2026-09-19 21:12:19,Kolkata,Howrah,22.5958,88.2636,412968,Baskin Robbins - Ice Cream Desserts,BALI -HOWRAH MUNICIPAL CORPORATION,Howrah,₹250 for two,Desserts|Ice Cream,4.2,295,70,9.6,True,True,ITEMS,AT ₹15,,5588,https://www.swiggy.com/city/kolkata/baskin-robbins-ice-cream-desserts-bali-municipal-corporation-howrah-rest412968
2026-09-19 21:12:19,Kolkata,Howrah,22.5958,88.2636,469480,Wow! China,LP-212,Howrah,₹400 for two,Chinese|Asian|fastfood|Beverages|Snacks,4.1,4.5K+,69,8.4,True,False,ITEMS,AT ₹99,,226836,https://www.swiggy.com/city/kolkata/wow-china-lp-212-howrah-rest469480
2026-09-19 21:12:19,Kolkata,Howrah,22.5958,88.2636,575605,Wow! Momo,Jagacha,Ramrajtala,₹300 for two,Momos|Chinese|fastfood|Asian|Beverages,4.6,5.2K+,55,5.7,True,False,ITEMS,AT ₹49,,1776,https://www.swiggy.com/city/kolkata/wow-momo-jagacha-ramrajtala-rest575605
2026-09-19 21:12:19,Kolkata,Howrah,22.5958,88.2636,659681,Barbeque Nation,Nitadhan Mukherjee Road,"Platina Mall,5th floor",₹600 for two,North Indian|Barbecue|Kebabs|Biryani|Street Food|Snacks,4.1,1.2K+,75,9.3,True,False,ITEMS,AT ₹149,,2438,https://www.swiggy.com/city/kolkata/barbeque-nation-nitadhan-mukherjee-road-platina-mall-5th-floor-rest659681
2026-09-19 21:12:19,Kolkata,Howrah,22.5958,88.2636,659683,Dum Safar Biryani,Nitadhan Mukherjee Road,"Platina Mall,5th floor",₹500 for two,Biryani|Hyderabadi|Kebabs|North Indian|barbeque,3.7,646,67,9.3,True,False,ITEMS,AT ₹149,,351013,https://www.swiggy.com/city/kolkata/dum-safar-biryani-nitadhan-mukherjee-road-platina-mall-5th-floor-rest659683
2026-09-19 21:12:19,Kolkata,Howrah,22.5958,88.2636,29012,Keventers - Milkshakes & Waffles,Avani Mall,Avani Mall,₹200 for two,Beverages|Ice Cream|Desserts|Healthy Food,4.4,4.9K+,75,9.6,True,True,50% OFF,,FLAT DEAL,765399,https://www.swiggy.com/city/kolkata/keventers-milkshakes-and-waffles-avani-mall-rest29012
2026-09-19 21:12:19,Kolkata,Howrah,22.5958,88.2636,659682,"UBQ-Meals,Thalis & Bowls",Nitadhan Mukherjee Road,"Platina Mall,5th floor",₹300 for two,North Indian|Kebabs|Barbecue|Biryani|Street Food|Snacks,4.3,744,71,9.3,True,False,₹200 OFF,ABOVE ₹2999,FLAT DEAL,617376,https://www.swiggy.com/city/kolkata/ubq-meals-thalis-and-bowls-nitadhan-mukherjee-road-platina-mall-5th-floor-rest659682
2026-09-19 21:12:19,Kolkata,Howrah,22.5958,88.2636,164470,Tea Junction,Howrah,Shibpur,₹150 for two,Beverages|Snacks,4.3,628,82,9.6,True,False,₹100 OFF,ABOVE ₹399,FLAT DEAL,4311,https://www.swiggy.com/city/kolkata/tea-junction-howrah-shibpur-rest164470
2026-09-19 21:12:19,Kolkata,Howrah,22.5958,88.2636,377082,Keventers Waffles & Ice Cream,Avani Mall,Avani Mall,₹200 for two,Ice Cream|Desserts,4.5,446,74,9.6,True,True,ITEMS,AT ₹49,,624796,https://www.swiggy.com/city/kolkata/keventers-waffles-and-ice-cream-avani-mall-rest377082
2026-09-19 21:12:19,Kolkata,Howrah,22.5958,88.2636,851852,Wow! Kulfi,Jagacha,Ramrajtala,₹120 for two,Ice Cream|Desserts,4.3,81,56,5.7,True,True,70% OFF,UPTO ₹140,,501088,https://www.swiggy.com/city/kolkata/wow-kulfi-jagacha-ramrajtala-rest851852
2026-09-19 21:12:19,Kolkata,Howrah,22.5958,88.2636,258968,Machhli Baba Fries,Bentick Street,Central Kolkata,₹300 for two,Bengali|Street Food|Rolls & Wraps|Kebabs|Fast Food,4.5,3.4K+,69,13.5,True,False,ITEMS,AT ₹65,,4413,https://www.swiggy.com/city/kolkata/machhli-baba-fries-bentick-street-central-kolkata-rest258968
2026-09-19 21:12:19,Kolkata,Howrah,22.5958,88.2636,54937,India Restaurant,Kidderpore,Kidderpore,₹500 for two,Mughlai|Biryani|Indian|Tandoor,4.5,84K+,74,12,True,False,₹200 OFF,ABOVE ₹999,FLAT DEAL,106345,https://www.swiggy.com/city/kolkata/india-restaurant-kidderpore-rest54937
2026-09-19 21:12:19,Kolkata,Howrah,22.5958,88.2636,27172,Barista Coffee,Shibpur,Shibpur,₹350 for two,Beverages|Snacks|Desserts,4.4,1.1K+,71,9.7,True,False,ITEMS,AT ₹69,,416281,https://www.swiggy.com/city/kolkata/barista-coffee-shibpur-rest27172
2026-09-19 21:12:19,Kolkata,Howrah,22.5958,88.2636,851810,Kwality Wall's Ice Cream And More,Kashinath Chatterjee Lane,Howrah,₹200 for two,Ice Cream|Desserts|Ice Cream Cakes,4.8,609,58,7.2,True,True,,,,582,https://www.swiggy.com/city/kolkata/kwality-walls-ice-cream-and-more-kashinath-chatterjee-lane-howrah-rest851810
2026-09-19 21:12:19,Kolkata,Howrah,22.5958,88.2636,26519,Krazy For Chocolates,Inside Avani Mall,Shibpur,₹150 for two,Bakery|Desserts|Snacks,4.5,1.4K+,65,9.7,True,True,ITEMS,AT ₹29,,569,https://www.swiggy.com/city/kolkata/krazy-for-chocolates-inside-avani-mall-shibpur-rest26519
2026-09-19 21:12:19,Kolkata,Howrah,22.5958,88.2636,990784,Subway,Alipore,Judges Court Road,₹350 for two,sandwich|Salads|wrap|Healthy Food,4.3,1.6K+,65,13.8,True,False,ITEMS,AT ₹69,,2,https://www.swiggy.com/city/kolkata/subway-alipore-judges-court-road-rest990784
2026-09-19 21:12:19,Kolkata,Howrah,22.5958,88.2636,934072,Olio - The Wood Fired Pizzeria,Narasingha Dutta,Kadamtala,₹300 for two,Pizzas|Pastas|Italian|Fast Food|Snacks|Beverages|Desserts,4.2,764,75,8.5,True,False,65% OFF,UPTO ₹130,,11633,https://www.swiggy.com/city/kolkata/olio-the-wood-fired-pizzeria-narasingha-dutta-kadamtala-rest934072
2026-09-19 21:12:19,Kolkata,Dumdum,22.642,88.422,666686,La Pino'z Pizza,Baguihati,Eco Park Newtown,₹400 for two,Pizzas|Pastas|Italian|Desserts|Beverages,4,4.7K+,39,4,True,False,50% OFF,,FLAT DEAL,4961,https://www.swiggy.com/city/kolkata/la-pinoz-pizza-baguihati-eco-park-newtown-rest666686
2026-09-19 21:12:19,Kolkata,Dumdum,22.642,88.422,268246,Domino's Pizza,"DUM DUM, CANTONMENT, KOLKATA",Dum Dum,₹400 for two,Pizzas|Italian|Pastas|Desserts,4.4,10K+,25,1,True,False,50% OFF,,FLAT DEAL,2456,https://www.swiggy.com/city/kolkata/dominos-pizza-cantonment-dum-dum-rest268246
2026-09-19 21:12:19,Kolkata,Dumdum,22.642,88.422,39248,KFC,Jessore Road,Jessore Road,₹450 for two,Burgers|Fast Food|Rolls & Wraps,4.4,43K+,46,3.8,True,False,50% OFF,,FLAT DEAL,547,https://www.swiggy.com/city/kolkata/kfc-jessore-road-rest39248
2026-09-19 21:12:19,Kolkata,Dumdum,22.642,88.422,543052,The Belgian Waffle Co.,Dumdum,MB Road,₹200 for two,Waffle|Desserts|Ice Cream,4.7,3.1K+,28,3.5,True,True,ITEMS,AT ₹72,,2233,https://www.swiggy.com/city/kolkata/the-belgian-waffle-co-dumdum-mb-road-rest543052
2026-09-19 21:12:19,Kolkata,Dumdum,22.642,88.422,249207,Baskin Robbins - Ice Cream Desserts,DHALIPARA,Kaikhali,₹350 for two,Ice Cream|Desserts,4.7,3.7K+,28,4.2,True,True,ITEMS,AT ₹15,,5588,https://www.swiggy.com/city/kolkata/baskin-robbins-ice-cream-desserts-dhalipara-kaikhali-rest249207
2026-09-19 21:12:19,Kolkata,Dumdum,22.642,88.422,759237,Natural Ice Cream,LAKE TOWN,BANGUR,₹150 for two,Ice Cream|Desserts,4.8,2.8K+,35,4.6,True,True,20% OFF,UPTO ₹50,,2093,https://www.swiggy.com/city/kolkata/natural-ice-cream-lake-town-bangur-rest759237
2026-09-19 21:12:19,Kolkata,Dumdum,22.642,88.422,299242,NIC Ice Creams,Leap years,Rajarhat,₹120 for two,Ice Cream|Desserts,4.7,11K+,31,4,True,True,70% OFF,UPTO ₹140,,6249,https://www.swiggy.com/city/kolkata/nic-ice-creams-leap-years-rajarhat-rest299242
2026-09-19 21:12:19,Kolkata,Dumdum,22.642,88.422,431548,Chowman,Birati,Birati,₹450 for two,Chinese|Asian|Thai|Oriental|Burmese|Tibetan,4.5,21K+,30,3,True,False,70% OFF,UPTO ₹130,,266,https://www.swiggy.com/city/kolkata/chowman-birati-rest431548
2026-09-19 21:12:19,Kolkata,Dumdum,22.642,88.422,124841,Mio Amore - The Cake Shop,Dumdum,Airport,₹150 for two,Bakery|Desserts|Snacks|Confectionery,4.6,16K+,20,1.3,True,False,,,,292958,https://www.swiggy.com/city/kolkata/mio-amore-the-cake-shop-dumdum-airport-rest124841
2026-09-19 21:12:19,Kolkata,Dumdum,22.642,88.422,304333,Wow! Momo,Majumdar Para Road,Eco Park Newtown,₹300 for two,Momos|Chinese|fastfood|Asian|Beverages,4.4,11K+,27,1.8,True,False,70% OFF,UPTO ₹140,,1776,https://www.swiggy.com/city/kolkata/wow-momo-majumdar-para-road-eco-park-newtown-rest304333
2026-09-19 21:12:19,Kolkata,Dumdum,22.642,88.422,389857,Kwality Wall's Ice Cream And More,East Kamalapur,Dumdum,₹300 for two,Desserts|Ice Cream|Ice Cream Cakes,4.5,2.3K+,17,0.6,True,True,20% OFF,UPTO ₹50,,582,https://www.swiggy.com/city/kolkata/kwality-walls-ice-cream-and-more-east-kamalapur-dumdum-rest389857
2026-09-19 21:12:19,Kolkata,Dumdum,22.642,88.422,87313,Cafe Coffee Day,Koyla vihar,Kaikhali,₹400 for two,Beverages|Cafe|Snacks|Desserts|Burgers|Ice Cream|Bakery|Fast Food,4.6,2.8K+,29,2.5,True,False,70% OFF,UPTO ₹140,,1,https://www.swiggy.com/city/kolkata/cafe-coffee-day-koyla-vihar-kaikhali-rest87313
2026-09-19 21:12:19,Kolkata,Dumdum,22.642,88.422,15708,Subway,"City Centre 2, Chinar Park",City Center -2,₹350 for two,sandwich|Salads|wrap|Healthy Food,4.6,10K+,45,6,True,False,,,,2,https://www.swiggy.com/city/kolkata/subway-city-centre-2-chinar-park-city-center-2-rest15708
2026-09-19 21:12:19,Kolkata,Dumdum,22.642,88.422,579705,Burger King,Dakshindari road,Lake Town,₹350 for two,Burgers|American,4.3,21K+,45,6.6,True,False,ITEMS,AT ₹39,,166,https://www.swiggy.com/city/kolkata/burger-king-dakshindari-road-lake-town-rest579705
2026-09-19 21:12:19,Kolkata,Dumdum,22.642,88.422,851870,Wow! Kulfi,VIP Road,Kaikhali,₹120 for two,Ice Cream|Desserts,4.3,133,29,2.3,True,True,70% OFF,UPTO ₹140,,501088,https://www.swiggy.com/city/kolkata/wow-kulfi-vip-road-kaikhali-rest851870
2026-09-19 21:12:19,Kolkata,Dumdum,22.642,88.422,355774,Grameen Kulfi,Lokenath Park,Rajarhat,₹120 for two,Ice Cream|Desserts,4.8,2.2K+,31,4,True,True,ITEMS,AT ₹48,,12175,https://www.swiggy.com/city/kolkata/grameen-kulfi-lokenath-park-rajarhat-rest355774
2026-09-19 21:12:19,Kolkata,Dumdum,22.642,88.422,596861,Biryani By Kilo,Chinar Park,Baguihati,₹700 for two,Biryani|Hyderabadi|North Indian|Kebabs|Mughlai|Desserts,4.1,5.4K+,52,4.9,True,False,ITEMS,AT ₹149,,130,https://www.swiggy.com/city/kolkata/biryani-by-kilo-chinar-park-baguihati-rest596861
2026-09-19 21:12:19,Kolkata,Dumdum,22.642,88.422,93821,Wow! China,New Town,Rajarhat,₹400 for two,Chinese|Asian|fastfood|Beverages|Snacks,4.1,8.8K+,58,6,True,False,70% OFF,UPTO ₹140,,226836,https://www.swiggy.com/city/kolkata/wow-china-new-town-rajarhat-rest93821
2026-09-19 21:12:19,Kolkata,Dumdum,22.642,88.422,824577,Olio - The Wood Fired Pizzeria,Mayurakshi Apartment,Kalindi Housing,₹300 for two,Pizzas|Pastas|Italian|Fast Food|Snacks|Beverages|Desserts,4.3,2.8K+,53,4.9,True,False,70% OFF,UPTO ₹140,,11633,https://www.swiggy.com/city/kolkata/olio-the-wood-fired-pizzeria-mayurakshi-apartment-kalindi-housing-rest824577
2026-09-19 21:12:19,Kolkata,Dumdum,22.642,88.422,737484,Bikkgane Biryani,rajarhat new town,Chinar Park,₹500 for two,Biryani| Hyderabadi| Andhra| Lucknowi| Kolkata| Desserts|Beverages,4.3,8.4K+,41,5,True,False,65% OFF,UPTO ₹125,,5070,https://www.swiggy.com/city/kolkata/bikkgane-biryani-rajarhat-new-town-chinar-park-rest737484
2026-09-19 21:12:19,Kolkata,Dumdum,22.642,88.422,91744,Annapurna Khabar Ghar,Dumdum,Dum Dum,₹100 for two,Indian|Biryani|Chinese,4.3,17K+,25,0.9,True,False,50% OFF,,FLAT DEAL,34090,https://www.swiggy.com/city/kolkata/annapurna-khabar-ghar-dumdum-dum-dum-rest91744
2026-09-19 21:12:19,Kolkata,Dumdum,22.642,88.422,65033,Chandigarh Hotel,Sector 28,Cossipore,₹300 for two,North Indian|Chinese|Tandoor|Snacks,4.3,25K+,49,6.9,True,False,70% OFF,UPTO ₹140,,57787,https://www.swiggy.com/city/kolkata/chandigarh-hotel-sector-28-cossipore-rest65033
2026-09-19 21:12:19,Kolkata,Dumdum,22.642,88.422,22823,Sabita Restaurant,Dumdum,Dumdum,₹300 for two,Chinese|Bengali|Biryani|Indian|Tandoor,4.3,42K+,46,4.5,True,False,70% OFF,UPTO ₹140,,173988,https://www.swiggy.com/city/kolkata/sabita-restaurant-dumdum-rest22823
2026-09-19 21:12:19,Kolkata,Dumdum,22.642,88.422,260833,The Southern Pantry,Bt Road,Belghoria,₹150 for two,South Indian|Snacks|Beverages,4.5,12K+,44,9,True,True,70% OFF,UPTO ₹140,,214091,https://www.swiggy.com/city/kolkata/the-southern-pantry-bt-road-belghoria-rest260833
2026-09-19 21:12:19,Kolkata,Dumdum,22.642,88.422,15409,Noodle Oodle,Nagerbazar,Nagerbazar,₹600 for two,Chinese|North Indian,4.5,11K+,41,3.8,True,False,70% OFF,UPTO ₹140,,3257,https://www.swiggy.com/city/kolkata/noodle-oodle-nagerbazar-rest15409
2026-09-19 21:12:19,Kolkata,Dumdum,22.642,88.422,39920,Tandoor-e-Punjab,Chowringhee,Chowringhee,₹350 for two,Tandoor|Mughlai|Snacks|Chinese,4.3,81K+,49,6.5,True,False,70% OFF,UPTO ₹140,,7345,https://www.swiggy.com/city/kolkata/tandoor-e-punjab-chowringhee-rest39920
2026-09-19 21:12:19,Kolkata,Garia,22.465,88.39,30170,Hindusthan Sweets,Besides 8B bus stop,Jadavpur,₹200 for two,Sweets|Desserts|Snacks|Bakery,4.4,30K+,48,5,True,True,ITEMS,AT ₹79,,3371,https://www.swiggy.com/city/kolkata/hindusthan-sweets-besides-8b-bus-stop-jadavpur-rest30170
2026-09-19 21:12:19,Kolkata,Garia,22.465,88.39,351188,KFC,Naktala,Garia,₹400 for two,Burgers|Fast Food|Rolls & Wraps,4.3,37K+,27,2.2,True,False,50% OFF,,FLAT DEAL,547,https://www.swiggy.com/city/kolkata/kfc-naktala-garia-rest351188
2026-09-19 21:12:19,Kolkata,Garia,22.465,88.39,659231,Domino's Pizza,Mallick Road,Patuli,₹400 for two,Pizzas|Italian|Pastas|Desserts,4.5,5.5K+,25,2.2,True,False,50% OFF,,FLAT DEAL,2456,https://www.swiggy.com/city/kolkata/dominos-pizza-mallick-road-patuli-rest659231
2026-09-19 21:12:19,Kolkata,Garia,22.465,88.39,364444,Pizza Hut,Garia,Garia,₹350 for two,Pizzas,4.4,12K+,33,1.8,True,False,50% OFF,,FLAT DEAL,721,https://www.swiggy.com/city/kolkata/pizza-hut-garia-rest364444
2026-09-19 21:12:19,Kolkata,Garia,22.465,88.39,349069,Baskin Robbins - Ice Cream Desserts,Eastern Metropolitan Bypass Link Rd,Patuli,₹250 for two,Desserts|Ice Cream,4.8,1.6K+,26,1,True,True,ITEMS,AT ₹15,,5588,https://www.swiggy.com/city/kolkata/baskin-robbins-ice-cream-desserts-eastern-metropolitan-bypass-link-rd-patuli-rest349069
2026-09-19 21:12:19,Kolkata,Garia,22.465,88.39,51098,Chowman,Garia Garden,Garia,₹700 for two,Chinese|Asian|Thai|Oriental|Burmese|Tibetan,4.5,33K+,30,1.2,True,False,70% OFF,UPTO ₹130,,266,https://www.swiggy.com/city/kolkata/chowman-garden-garia-rest51098
2026-09-19 21:12:19,Kolkata,Garia,22.465,88.39,326895,Sweet Truth - Cake and Desserts,ANUKUL CHANDRA ROAD,Garia,₹450 for two,Desserts|Ice Cream|Bakery|Beverages,4.5,3.2K+,25,1.3,True,False,ITEMS,AT ₹69,,4444,https://www.swiggy.com/city/kolkata/sweet-truth-cake-and-desserts-anukul-chandra-road-garia-rest326895
2026-09-19 21:12:19,Kolkata,Garia,22.465,88.39,326897,The Biryani Life,ANUKUL CHANDRA ROAD,Garia,₹250 for two,Biryani|Mughlai|Lucknowi|Hyderabadi|Kebabs|Desserts|Beverages,4.1,1.3K+,28,1.3,True,False,70% OFF,UPTO ₹140,,8496,https://www.swiggy.com/city/kolkata/the-biryani-life-anukul-chandra-road-garia-rest326897
2026-09-19 21:12:19,Kolkata,Garia,22.465,88.39,326896,The Good Bowl,ANUKUL CHANDRA ROAD,Garia,₹400 for two,Biryani|Pastas|Punjabi|Desserts|Beverages,4.4,2.6K+,27,1.3,True,False,ITEMS,AT ₹129,,7918,https://www.swiggy.com/city/kolkata/the-good-bowl-anukul-chandra-road-garia-rest326896
2026-09-19 21:12:19,Kolkata,Garia,22.465,88.39,231514,Wow! China,Santoshpur,Santoshpur,₹300 for two,Chinese|Asian|fastfood|Beverages|Snacks,4,9.8K+,35,2.4,True,False,70% OFF,UPTO ₹140,,226836,https://www.swiggy.com/city/kolkata/wow-china-santoshpur-rest231514
2026-09-19 21:12:19,Kolkata,Garia,22.465,88.39,872978,Olio - The Wood Fired Pizzeria,Garia,Basana Kali Bari,₹300 for two,Pizzas|Pastas|Italian|Fast Food|Snacks|Beverages|Desserts,4.3,2.9K+,36,1.6,True,False,70% OFF,UPTO ₹140,,11633,https://www.swiggy.com/city/kolkata/olio-the-wood-fired-pizzeria-garia-basana-kali-bari-rest872978
2026-09-19 21:12:19,Kolkata,Garia,22.465,88.39,41610,Mio Amore - The Cake Shop,Beside Patuli Police Station,Patuli,₹150 for two,Bakery|Desserts|Snacks|Confectionery,4.6,22K+,20,1,True,False,,,,292958,https://www.swiggy.com/city/kolkata/mio-amore-the-cake-shop-beside-police-station-patuli-rest41610
2026-09-19 21:12:19,Kolkata,Garia,22.465,88.39,305422,Wow! Momo,Garia,Garia,₹300 for two,Momos|Chinese|fastfood|Asian|Beverages,4.6,4.0K+,25,1.2,True,False,70% OFF,UPTO ₹140,,1776,https://www.swiggy.com/city/kolkata/wow-momo-garia-rest305422
2026-09-19 21:12:19,Kolkata,Garia,22.465,88.39,326891,Behrouz Biryani,ANUKUL CHANDRA ROAD,Garia,₹500 for two,Biryani|North Indian|Kebabs|Mughlai|Beverages|Desserts,4.3,6.2K+,27,1.3,True,False,65% OFF,UPTO ₹125,,1803,https://www.swiggy.com/city/kolkata/behrouz-biryani-anukul-chandra-road-garia-rest326891
2026-09-19 21:12:19,Kolkata,Garia,22.465,88.39,326890,"Faasos - Wraps, Rolls & Shawarma",ANUKUL CHANDRA ROAD,Garia,₹200 for two,Wraps|rolls|Fast Food|Burger|shawarma|Rice Bowls,4.5,5.9K+,29,1.3,True,False,65% OFF,UPTO ₹125,,21809,https://www.swiggy.com/city/kolkata/faasos-wraps-rolls-and-shawarma-anukul-chandra-road-garia-rest326890
2026-09-19 21:12:19,Kolkata,Garia,22.465,88.39,326892,Oven Story Pizza,ANUKUL CHANDRA ROAD,Garia,₹400 for two,Pizzas|Pastas|Italian|Desserts|Beverages,4.3,10K+,30,1.3,True,False,ITEMS,AT ₹99,,3534,https://www.swiggy.com/city/kolkata/oven-story-pizza-anukul-chandra-road-garia-rest326892
2026-09-19 21:12:19,Kolkata,Garia,22.465,88.39,326894,LunchBox - Meals and Thalis,ANUKUL CHANDRA ROAD,Garia,₹200 for two,Thalis|North Indian|Biryani,4.5,6.2K+,31,1.3,True,False,ITEMS,AT ₹99,,4925,https://www.swiggy.com/city/kolkata/lunchbox-meals-and-thalis-anukul-chandra-road-garia-rest326894
2026-09-19 21:12:19,Kolkata,Garia,22.465,88.39,74374,NIC Ice Creams,Jadavpur,Bapuji Nagar,₹120 for two,Ice Cream|Desserts,4.8,22K+,34,4,True,True,70% OFF,UPTO ₹140,,6249,https://www.swiggy.com/city/kolkata/nic-ice-creams-jadavpur-bapuji-nagar-rest74374
2026-09-19 21:12:19,Kolkata,Garia,22.465,88.39,837988,The Pizza Project by Oven Story,ANUKUL CHANDRA ROAD,Garia,₹400 for two,Pizzas|Italian|Desserts|Beverages,4.3,441,27,1.3,True,False,ITEMS,AT ₹139,,497031,https://www.swiggy.com/city/kolkata/the-pizza-project-by-oven-story-anukul-chandra-road-garia-rest837988
2026-09-19 21:12:19,Kolkata,Garia,22.465,88.39,801428,"Makhani Darbar: Curries, Breads & Beyond",Garia Station Road,ANUKUL CHANDRA ROAD,₹500 for two,Biryani|North Indian|Kebabs|Mughlai|Beverages|Desserts,4.2,278,27,1.3,True,False,ITEMS,AT ₹89,,478595,https://www.swiggy.com/city/kolkata/makhani-darbar-curries-breads-and-beyond-garia-station-road-anukul-chandra-road-rest801428
2026-09-19 21:12:19,Kolkata,Garia,22.465,88.39,474944,Food Peddler Sandwiches,Ibrahimpur Road,Jadavpur,₹150 for two,Continental|Beverages|Snacks|Salads|Healthy Food|Burgers,4.6,11K+,46,5,True,False,₹125 OFF,ABOVE ₹199,FLAT DEAL,81834,https://www.swiggy.com/city/kolkata/food-peddler-sandwiches-ibrahimpur-road-jadavpur-rest474944
2026-09-19 21:12:19,Kolkata,Garia,22.465,88.39,824870,Tea Chai,Jadavpur,Jadavpur,₹200 for two,Beverages|Snacks,4.6,2.5K+,46,5,True,False,₹125 OFF,ABOVE ₹199,FLAT DEAL,202657,https://www.swiggy.com/city/kolkata/tea-chai-jadavpur-rest824870
2026-09-19 21:12:19,Kolkata,Garia,22.465,88.39,222422,Azad Hind Dhaba,Tollygunge,Tollygunge,₹500 for two,North Indian|Tandoor|Chinese|Biryani|Snacks,4.3,28K+,42,4.2,True,False,ITEMS,AT ₹19,,6275,https://www.swiggy.com/city/kolkata/azad-hind-dhaba-tollygunge-rest222422
2026-09-19 21:12:19,Kolkata,Garia,22.465,88.39,516356,Sandwich Xpress,Ibrahimpur Road,Jadavpur,₹100 for two,Pastas|Tibetan|Indian,4.2,3.1K+,44,5,True,False,₹125 OFF,ABOVE ₹199,FLAT DEAL,254415,https://www.swiggy.com/city/kolkata/sandwich-xpress-ibrahimpur-road-jadavpur-rest516356
2026-09-19 21:12:19,Kolkata,Garia,22.465,88.39,8200,Fiesta Asian Fine Dine,Santoshpuravenue,Santoshpur,₹700 for two,Chinese|Thai,4.4,18K+,53,4.2,True,False,ITEMS,AT ₹79,,597214,https://www.swiggy.com/city/kolkata/fiesta-asian-fine-dine-avenue-santoshpur-rest8200
2026-09-19 21:12:19,Kolkata,Garia,22.465,88.39,426794,Maggi Wala,75 Ibrahimpur Road,Jadavpur,₹150 for two,Chinese|Beverages|Fast Food|Burgers,4.3,5.0K+,46,5,True,False,70% OFF,UPTO ₹140,,129224,https://www.swiggy.com/city/kolkata/maggi-wala-75-ibrahimpur-road-jadavpur-rest426794
2026-09-19 21:12:19,Kolkata,Garia,22.465,88.39,1402913,Bakingo,ramgarh Colony P.O Naktala P.S Netaji Nagar,Raja Subodh Chandra Mullick Road,₹299 for two,Bakery|Desserts|Beverages|Snacks,4.7,12,27,2.5,True,False,ITEMS,AT ₹79,,3818,https://www.swiggy.com/city/kolkata/bakingo-ramgarh-colony-p-o-naktala-p-s-netaji-nagar-raja-subodh-chandra-mullick-road-rest1402913
2026-09-19 21:12:19,Kolkata,Shyambazar,22.599,88.37,573520,La Pino'z Pizza,Lake Town,Lake Town,₹300 for two,Pizzas|Pastas|Italian|Desserts|Beverages,4.2,10K+,39,4.1,True,False,70% OFF,UPTO ₹140,,4961,https://www.swiggy.com/city/kolkata/la-pinoz-pizza-lake-town-rest573520
2026-09-19 21:12:19,Kolkata,Shyambazar,22.599,88.37,659236,Domino's Pizza,Bidhan Sarani,Gravel One,₹400 for two,Pizzas,4.5,3.4K+,25,0.4,True,False,50% OFF,,FLAT DEAL,2456,https://www.swiggy.com/city/kolkata/dominos-pizza-bidhan-sarani-gravel-one-rest659236
2026-09-19 21:12:19,Kolkata,Shyambazar,22.599,88.37,10734,Arsalan,Hati Bagan,Hati Bagan,₹500 for two,Biryani|Mughlai|Indian|Kebabs|Tandoor|Awadhi,4.5,77K+,33,0.4,True,False,ITEMS,AT ₹99,,1255,https://www.swiggy.com/city/kolkata/arsalan-hati-bagan-rest10734
2026-09-19 21:12:19,Kolkata,Shyambazar,22.599,88.37,384612,Baskin Robbins - Ice Cream Desserts,KOLKATA MUNICIPAL CORPORATION,Burrabazar,₹250 for two,Desserts|Ice Cream,4.7,1.3K+,29,2,True,True,ITEMS,AT ₹15,,5588,https://www.swiggy.com/city/kolkata/baskin-robbins-ice-cream-desserts-municipal-corporation-burrabazar-rest384612
2026-09-19 21:12:19,Kolkata,Shyambazar,22.599,88.37,395927,NIC Ice Creams,ARABINDA SARANI,Hatibagan,₹120 for two,Ice Cream|Desserts,4.8,7.1K+,20,0.8,True,True,70% OFF,UPTO ₹140,,6249,https://www.swiggy.com/city/kolkata/nic-ice-creams-arabinda-sarani-hatibagan-rest395927
2026-09-19 21:12:19,Kolkata,Shyambazar,22.599,88.37,18518,Wow! Momo,Shyambazar station of Metro Railway,Girish Park,₹300 for two,Momos|Chinese|fastfood|Asian|Beverages,4.3,11K+,30,1.9,True,False,70% OFF,UPTO ₹140,,1776,https://www.swiggy.com/city/kolkata/wow-momo-shyambazar-station-of-metro-railway-girish-park-rest18518
2026-09-19 21:12:19,Kolkata,Shyambazar,22.599,88.37,759237,Natural Ice Cream,LAKE TOWN,BANGUR,₹150 for two,Ice Cream|Desserts,4.8,2.8K+,34,4.7,True,True,20% OFF,UPTO ₹50,,2093,https://www.swiggy.com/city/kolkata/natural-ice-cream-lake-town-bangur-rest759237
2026-09-19 21:12:19,Kolkata,Shyambazar,22.599,88.37,10362,Aminia,Shyambazar,Hati Bagan,₹500 for two,Biryani|Mughlai|Indian|Kebabs|Tandoor,4.5,64K+,24,0.2,True,False,,,,3786,https://www.swiggy.com/city/kolkata/aminia-shyambazar-hati-bagan-rest10362
2026-09-19 21:12:19,Kolkata,Shyambazar,22.599,88.37,45951,Mio Amore - The Cake Shop,Beside Central Metro Station Gate 5 ,Hatibagan,₹150 for two,Bakery|Desserts|Snacks|Confectionery,4.6,15K+,36,3,True,False,,,,292958,https://www.swiggy.com/city/kolkata/mio-amore-the-cake-shop-beside-central-metro-station-gate-5-hatibagan-rest45951
2026-09-19 21:12:19,Kolkata,Shyambazar,22.599,88.37,395928,Grameen Kulfi,Arabinda Sarani,Hatibagan,₹120 for two,Ice Cream|Desserts,4.7,1.8K+,21,0.8,True,True,ITEMS,AT ₹48,,12175,https://www.swiggy.com/city/kolkata/grameen-kulfi-arabinda-sarani-hatibagan-rest395928
2026-09-19 21:12:19,Kolkata,Shyambazar,22.599,88.37,231998,Cafe Coffee Day,B B D Bagh,Burrabazar,₹400 for two,Beverages|Cafe|Snacks|Desserts|Burgers|Ice Cream|Bakery|Fast Food,4.5,973,29,0.8,True,False,70% OFF,UPTO ₹140,,1,https://www.swiggy.com/city/kolkata/cafe-coffee-day-b-b-d-bagh-burrabazar-rest231998
2026-09-19 21:12:19,Kolkata,Shyambazar,22.599,88.37,836578,Bakingo,Golaghata VIP road,Salt Lake,₹299 for two,Bakery|Desserts|Beverages|Snacks,4.6,5.1K+,44,5.9,True,False,ITEMS,AT ₹649,,3818,https://www.swiggy.com/city/kolkata/bakingo-golaghata-vip-road-salt-lake-rest836578
2026-09-19 21:12:19,Kolkata,Shyambazar,22.599,88.37,9777,Koshe Kosha,Hati Bagan,Hati Bagan,₹500 for two,Bengali|Thalis|North Indian|Desserts,4.5,5.9K+,30,0.9,True,False,50% OFF,,FLAT DEAL,566,https://www.swiggy.com/city/kolkata/koshe-kosha-hati-bagan-rest9777
2026-09-19 21:12:19,Kolkata,Shyambazar,22.599,88.37,18108,Bhojohori Manna,Maniktala,Burrabazar,₹900 for two,Bengali|Thalis|North Indian|Desserts,4.5,8.8K+,24,0.7,True,False,₹125 OFF,ABOVE ₹1149,FLAT DEAL,113,https://www.swiggy.com/city/kolkata/bhojohori-manna-maniktala-burrabazar-rest18108
2026-09-19 21:12:19,Kolkata,Shyambazar,22.599,88.37,165271,Mama Mia! - Italian Ice Creams & Cakes,Bagbazar,Dumdum,₹250 for two,Ice Cream|Desserts|Bakery|Ice Cream Cakes,4.7,3.9K+,24,0.9,True,True,ITEMS,AT ₹89,,471728,https://www.swiggy.com/city/kolkata/mama-mia-italian-ice-creams-and-cakes-bagbazar-dumdum-rest165271
2026-09-19 21:12:19,Kolkata,Shyambazar,22.599,88.37,441677,KARIM'S- Original from Jama Masjid Delhi- 6,Hati Bagan,Hati Bagan,₹600 for two,Biryani|Mughlai|Tandoor|Kebabs|rolls|shawarma|North Indian|Snacks|Indian,4.5,5.5K+,26,0.7,True,False,₹50 OFF,ABOVE ₹199,FLAT DEAL,284854,https://www.swiggy.com/city/kolkata/karims-original-from-jama-masjid-delhi-6-hati-bagan-rest441677
2026-09-19 21:12:19,Kolkata,Shyambazar,22.599,88.37,565580,KFC,Sealdah,Esplanade,₹400 for two,Burgers|Fast Food|Rolls & Wraps,4.2,6.6K+,43,4.5,True,False,50% OFF,,FLAT DEAL,547,https://www.swiggy.com/city/kolkata/kfc-sealdah-esplanade-rest565580
2026-09-19 21:12:19,Kolkata,Shyambazar,22.599,88.37,48895,The Belgian Waffle Co.,Kankurgachhi,Kankurgachi,₹200 for two,Waffle|Desserts|Ice Cream|Beverages,4.5,11K+,37,3.6,True,True,30% OFF,UPTO ₹60,,2233,https://www.swiggy.com/city/kolkata/the-belgian-waffle-co-kankurgachhi-kankurgachi-rest48895
2026-09-19 21:12:19,Kolkata,Shyambazar,22.599,88.37,707773,McDonald's,Kankurgachhi,Kankurgachi,₹400 for two,American|Fast Food|Beverages,4.4,9.7K+,54,4.9,True,False,ITEMS,AT ₹58,,630,https://www.swiggy.com/city/kolkata/mcdonalds-kankurgachhi-kankurgachi-rest707773
2026-09-19 21:12:19,Kolkata,Shyambazar,22.599,88.37,439738,Pizza Hut,Lake Town,Lake Town,₹350 for two,Pizzas,4.2,4.4K+,41,4.9,True,False,50% OFF,,FLAT DEAL,721,https://www.swiggy.com/city/kolkata/pizza-hut-lake-town-rest439738
2026-09-19 21:12:19,Kolkata,Shyambazar,22.599,88.37,1072878,Golbari,BHUPENDRA BOSE AVENUE,Hatiabagan,₹400 for two,Punjabi|Tandoor|North Indian,4.2,890,22,0.4,True,False,ITEMS,AT ₹39,,473731,https://www.swiggy.com/city/kolkata/golbari-bhupendra-bose-avenue-hatiabagan-rest1072878
2026-09-19 21:12:19,Kolkata,Shyambazar,22.599,88.37,65033,Chandigarh Hotel,Sector 28,Cossipore,₹300 for two,North Indian|Chinese|Tandoor|Snacks,4.3,25K+,34,3,True,False,70% OFF,UPTO ₹140,,57787,https://www.swiggy.com/city/kolkata/chandigarh-hotel-sector-28-cossipore-rest65033
2026-09-19 21:12:19,Kolkata,Shyambazar,22.599,88.37,39920,Tandoor-e-Punjab,Chowringhee,Chowringhee,₹350 for two,Tandoor|Mughlai|Snacks|Chinese,4.3,81K+,32,2.5,True,False,70% OFF,UPTO ₹140,,7345,https://www.swiggy.com/city/kolkata/tandoor-e-punjab-chowringhee-rest39920
2026-09-19 21:12:19,Kolkata,Shyambazar,22.599,88.37,22823,Sabita Restaurant,Dumdum,Dumdum,₹300 for two,Chinese|Bengali|Biryani|Indian|Tandoor,4.3,42K+,46,4.5,True,False,70% OFF,UPTO ₹140,,173988,https://www.swiggy.com/city/kolkata/sabita-restaurant-dumdum-rest22823
2026-09-19 21:12:19,Kolkata,Shyambazar,22.599,88.37,358899,Kurseong Korner,SECTOR-III,Salt Lake,₹600 for two,Asian|Chinese|Nepalese,4.2,3.5K+,49,6.8,True,False,70% OFF,UPTO ₹140,,122024,https://www.swiggy.com/city/kolkata/kurseong-korner-sector-iii-salt-lake-rest358899
2026-09-19 21:12:19,Kolkata,Shyambazar,22.599,88.37,87370,Food Bay,"City Centre 1, Sector 1, Salt Lake",Bidhannagar,₹300 for two,Seafood,4.3,1.1K+,51,5,True,False,ITEMS,AT ₹79,,80975,https://www.swiggy.com/city/kolkata/food-bay-city-centre-1-sector-1-salt-lake-bidhannagar-rest87370
2026-09-19 21:12:19,Kolkata,Shyambazar,22.599,88.37,15409,Noodle Oodle,Nagerbazar,Nagerbazar,₹600 for two,Chinese|North Indian,4.5,11K+,45,5,True,False,70% OFF,UPTO ₹140,,3257,https://www.swiggy.com/city/kolkata/noodle-oodle-nagerbazar-rest15409
2026-09-19 21:12:19,Kolkata,Tollygunge,22.495,88.345,30170,Hindusthan Sweets,Besides 8B bus stop,Jadavpur,₹200 for two,Sweets|Desserts|Snacks|Bakery,4.4,30K+,42,3.7,True,True,ITEMS,AT ₹79,,3371,https://www.swiggy.com/city/kolkata/hindusthan-sweets-besides-8b-bus-stop-jadavpur-rest30170
2026-09-19 21:12:19,Kolkata,Tollygunge,22.495,88.345,747678,KFC,Netaji Subhas Chandra Bose Road,Tollygunge,₹400 for two,Burgers|Fast Food|Rolls & Wraps,4.4,9.7K+,26,0.5,True,False,70% OFF,UPTO ₹140,,547,https://www.swiggy.com/city/kolkata/kfc-netaji-subhas-chandra-bose-road-tollygunge-rest747678
2026-09-19 21:12:19,Kolkata,Tollygunge,22.495,88.345,10369,Pizza Hut,Netaji Nagar,Netaji Nagar,₹350 for two,Pizzas,4.4,33K+,32,2,True,False,70% OFF,UPTO ₹140,,721,https://www.swiggy.com/city/kolkata/pizza-hut-netaji-nagar-rest10369
2026-09-19 21:12:19,Kolkata,Tollygunge,22.495,88.345,659233,Domino's Pizza,Anwar Shah Road,Navina Cinema,₹400 for two,Pizzas|Italian|Pastas|Desserts,4.5,5.1K+,25,1.5,True,False,ITEMS,AT ₹59,,2456,https://www.swiggy.com/city/kolkata/dominos-pizza-anwar-shah-road-navina-cinema-rest659233
2026-09-19 21:12:19,Kolkata,Tollygunge,22.495,88.345,55397,Subway,Kalighat,Kalighat,₹300 for two,sandwich|Salads|wrap|Healthy Food,4.4,8.5K+,36,2.9,True,False,30% OFF,UPTO ₹75,,2,https://www.swiggy.com/city/kolkata/subway-kalighat-rest55397
2026-09-19 21:12:19,Kolkata,Tollygunge,22.495,88.345,438810,Baskin Robbins - Ice Cream Desserts,BABURAM GHOSH ROAD,tollygunge,₹250 for two,Desserts|Ice Cream,4.8,1.1K+,14,0.5,True,True,ITEMS,AT ₹15,,5588,https://www.swiggy.com/city/kolkata/baskin-robbins-ice-cream-desserts-baburam-ghosh-road-tollygunge-rest438810
2026-09-19 21:12:19,Kolkata,Tollygunge,22.495,88.345,74374,NIC Ice Creams,Jadavpur,Bapuji Nagar,₹120 for two,Ice Cream|Desserts,4.8,22K+,33,3.9,True,True,ITEMS,AT ₹42,,6249,https://www.swiggy.com/city/kolkata/nic-ice-creams-jadavpur-bapuji-nagar-rest74374
2026-09-19 21:12:19,Kolkata,Tollygunge,22.495,88.345,304651,Chowman,Tollygunge,Tollygunge,₹700 for two,Chinese|Asian|Thai|Oriental|Burmese|Tibetan,4.4,19K+,36,2,True,False,70% OFF,UPTO ₹130,,266,https://www.swiggy.com/city/kolkata/chowman-tollygunge-rest304651
2026-09-19 21:12:19,Kolkata,Tollygunge,22.495,88.345,42565,Mio Amore - The Cake Shop,Near DTDC ( New Alipore ),Alipore,₹150 for two,Bakery|Desserts|Snacks|Confectionery,4.6,33K+,28,2.5,True,False,,,,292958,https://www.swiggy.com/city/kolkata/mio-amore-the-cake-shop-near-dtdc-new-alipore-rest42565
2026-09-19 21:12:19,Kolkata,Tollygunge,22.495,88.345,328307,Wow! Momo,Garia,Garia,₹300 for two,Momos|Chinese|fastfood|Asian|Beverages,4.5,10K+,27,2.9,True,False,ITEMS,AT ₹49,,1776,https://www.swiggy.com/city/kolkata/wow-momo-garia-rest328307
2026-09-19 21:12:19,Kolkata,Tollygunge,22.495,88.345,703375,Gourmet Ice cream Cakes by Baskin Robbins,BABURAM GHOSH ROAD,tollygunge,₹250 for two,Desserts|Ice Cream,4.6,10,23,0.5,True,True,20% OFF,UPTO ₹50,,21932,https://www.swiggy.com/city/kolkata/gourmet-ice-cream-cakes-by-baskin-robbins-baburam-ghosh-road-tollygunge-rest703375
2026-09-19 21:12:19,Kolkata,Tollygunge,22.495,88.345,538103,6 Ballygunge Place Thali,Near EEDF Hospital,Jodhpur Park,₹800 for two,Bengali|Snacks|Beverages,4.4,2.4K+,36,3,True,False,,,,542509,https://www.swiggy.com/city/kolkata/6-ballygunge-place-thali-near-eedf-hospital-jodhpur-park-rest538103
2026-09-19 21:12:19,Kolkata,Tollygunge,22.495,88.345,64743,The Belgian Waffle Co.,Alipore,New Alipore,₹200 for two,Waffle|Desserts|Ice Cream|Beverages,4.7,15K+,45,3,True,True,ITEMS,AT ₹72,,2233,https://www.swiggy.com/city/kolkata/the-belgian-waffle-co-alipore-new-alipore-rest64743
2026-09-19 21:12:19,Kolkata,Tollygunge,22.495,88.345,707040,Kwality Wall's Ice Cream And More,Mishka Sugar,Jadavpur,₹200 for two,Desserts|Ice Cream|Ice Cream Cakes,4.8,261,24,1.1,True,True,20% OFF,UPTO ₹50,,582,https://www.swiggy.com/city/kolkata/kwality-walls-ice-cream-and-more-mishka-sugar-jadavpur-rest707040
2026-09-19 21:12:19,Kolkata,Tollygunge,22.495,88.345,10766,Arsalan,New Alipore,New Alipore,₹500 for two,Biryani|Mughlai|North Indian|Indian|Kebabs|Tandoor|Awadhi,4.5,92K+,51,4.3,True,False,ITEMS,AT ₹99,,1255,https://www.swiggy.com/city/kolkata/arsalan-new-alipore-rest10766
2026-09-19 21:12:19,Kolkata,Tollygunge,22.495,88.345,804248,McDonald's,Rash Behari Avenue,Lake Mall,₹400 for two,American|Fast Food|Beverages,4.4,6.3K+,50,3,True,False,ITEMS,AT ₹58,,630,https://www.swiggy.com/city/kolkata/mcdonalds-rash-behari-avenue-lake-mall-rest804248
2026-09-19 21:12:19,Kolkata,Tollygunge,22.495,88.345,579704,Burger King,Alipore,Alipore,₹350 for two,Burgers|American,4.3,27K+,38,2.9,True,False,ITEMS,AT ₹39,,166,https://www.swiggy.com/city/kolkata/burger-king-alipore-rest579704
2026-09-19 21:12:19,Kolkata,Tollygunge,22.495,88.345,716665,Wow! Chicken By Wow! Momo,Naktala,Naktala,₹300 for two,Burger|Biryani|American|fastfood,4.2,6.6K+,35,3,True,False,70% OFF,UPTO ₹140,,268366,https://www.swiggy.com/city/kolkata/wow-chicken-by-wow-momo-naktala-rest716665
2026-09-19 21:12:19,Kolkata,Tollygunge,22.495,88.345,421741,The Brooklyn Creamery - Ice Creams & Desserts,Jadavpur Central Rd,Jadavpur,₹200 for two,Ice Cream|Desserts|Healthy Food,4.5,925,26,2.2,True,True,ITEMS,AT ₹59,,771817,https://www.swiggy.com/city/kolkata/the-brooklyn-creamery-ice-creams-and-desserts-central-rd-jadavpur-rest421741
2026-09-19 21:12:19,Kolkata,Tollygunge,22.495,88.345,124991,Dariole,Southern Avenue,Kalighat,₹150 for two,Bakery|Desserts,4.7,5.1K+,32,2.8,True,False,ITEMS,AT ₹35,,6960,https://www.swiggy.com/city/kolkata/dariole-southern-avenue-kalighat-rest124991
2026-09-19 21:12:19,Kolkata,Tollygunge,22.495,88.345,252048,Food Peddler Sandwiches,Kalighat (Hazra),Kalighat,₹150 for two,Continental|Beverages|Snacks|Salads|Healthy Food|Burgers,4.6,11K+,46,3.7,True,False,₹200 OFF,ABOVE ₹499,FLAT DEAL,81834,https://www.swiggy.com/city/kolkata/food-peddler-sandwiches-hazra-kalighat-rest252048
2026-09-19 21:12:19,Kolkata,Tollygunge,22.495,88.345,307505,Tea Chai,South Kolkata,Kalighat,₹150 for two,Beverages|Desserts|Snacks,4.6,6.5K+,47,3.7,True,False,₹200 OFF,ABOVE ₹499,FLAT DEAL,202657,https://www.swiggy.com/city/kolkata/tea-chai-south-kalighat-rest307505
2026-09-19 21:12:19,Kolkata,Tollygunge,22.495,88.345,516356,Sandwich Xpress,Ibrahimpur Road,Jadavpur,₹100 for two,Pastas|Tibetan|Indian,4.2,3.1K+,38,3.7,True,False,₹125 OFF,ABOVE ₹199,FLAT DEAL,254415,https://www.swiggy.com/city/kolkata/sandwich-xpress-ibrahimpur-road-jadavpur-rest516356
2026-09-19 21:12:19,Kolkata,Tollygunge,22.495,88.345,426794,Maggi Wala,75 Ibrahimpur Road,Jadavpur,₹150 for two,Chinese|Beverages|Fast Food|Burgers,4.3,5.0K+,39,3.7,True,False,70% OFF,UPTO ₹140,,129224,https://www.swiggy.com/city/kolkata/maggi-wala-75-ibrahimpur-road-jadavpur-rest426794
2026-09-19 21:12:19,Kolkata,Tollygunge,22.495,88.345,222422,Azad Hind Dhaba,Tollygunge,Tollygunge,₹500 for two,North Indian|Tandoor|Chinese|Biryani|Snacks,4.3,28K+,32,2.2,True,False,ITEMS,AT ₹19,,6275,https://www.swiggy.com/city/kolkata/azad-hind-dhaba-tollygunge-rest222422
2026-09-19 21:12:19,Kolkata,Tollygunge,22.495,88.345,8200,Fiesta Asian Fine Dine,Santoshpuravenue,Santoshpur,₹700 for two,Chinese|Thai,4.4,18K+,59,6.1,True,False,₹125 OFF,ABOVE ₹199,FLAT DEAL,597214,https://www.swiggy.com/city/kolkata/fiesta-asian-fine-dine-avenue-santoshpur-rest8200
2026-09-19 21:12:19,Kolkata,Tollygunge,22.495,88.345,868787,Bakingo,"2/2, Vivekananda Pally","Arya Pally, Behala",₹299 for two,Bakery|Desserts|Beverages|Snacks,4.7,4.9K+,28,2.6,True,False,70% OFF,UPTO ₹140,,3818,https://www.swiggy.com/city/kolkata/bakingo-2-2-vivekananda-pally-arya-pally-behala-rest868787
